Вводите каждое число с новой строки.
Номеров и клиентов: от 1 до 100. Время: от 1 до 10000 суток.
Количество номеров: Количество клиентов: Минимальный интервал прибытия: Максимальный интервал прибытия: Момент прекращения приёма: Задержка между условными сутками: Срок проживания: Срок проживания: 
Сутки 0
Прибыл клиент 1 и запрашивает номер на 10000 суток.
Администратор заселил гостя №1 в номер 1 на 10000 суток.
Прибыл клиент 2 и запрашивает номер на 1 суток.
Клиент №2 ожидает заселения в очереди

Сутки 1
Клиент 1 завершил 1 суток проживания из 10000

Сутки 2
Клиент 1 завершил 2 суток проживания из 10000

Сутки 3
Клиент 1 завершил 3 суток проживания из 10000

Сутки 4
Клиент 1 завершил 4 суток проживания из 10000

Сутки 5
Клиент 1 завершил 5 суток проживания из 10000

Сутки 6
Клиент 1 завершил 6 суток проживания из 10000

Сутки 7
Клиент 1 завершил 7 суток проживания из 10000

Сутки 8
Клиент 1 завершил 8 суток проживания из 10000

Сутки 9
Клиент 1 завершил 9 суток проживания из 10000

Сутки 10
Клиент 1 завершил 10 суток проживания из 10000

Сутки 11
Клиент 1 завершил 11 суток проживания из 10000

Сутки 12
Клиент 1 завершил 12 суток проживания из 10000

Сутки 13
Клиент 1 завершил 13 суток проживания из 10000

Сутки 14
Клиент 1 завершил 14 суток проживания из 10000

Сутки 15
Клиент 1 завершил 15 суток проживания из 10000

Сутки 16
Клиент 1 завершил 16 суток проживания из 10000

Сутки 17
Клиент 1 завершил 17 суток проживания из 10000

Сутки 18
Клиент 1 завершил 18 суток проживания из 10000

Сутки 19
Клиент 1 завершил 19 суток проживания из 10000

Сутки 20
Клиент 1 завершил 20 суток проживания из 10000

Сутки 21
Клиент 1 завершил 21 суток проживания из 10000

Сутки 22
Клиент 1 завершил 22 суток проживания из 10000

Сутки 23
Клиент 1 завершил 23 суток проживания из 10000

Сутки 24
Клиент 1 завершил 24 суток проживания из 10000

Сутки 25
Клиент 1 завершил 25 суток проживания из 10000

Сутки 26
Клиент 1 завершил 26 суток проживания из 10000

Сутки 27
Клиент 1 завершил 27 суток проживания из 10000

Сутки 28
Клиент 1 завершил 28 суток проживания из 10000

Сутки 29
Клиент 1 завершил 29 суток проживания из 10000

Сутки 30
Клиент 1 завершил 30 суток проживания из 10000

Сутки 31
Клиент 1 завершил 31 суток проживания из 10000

Сутки 32
Клиент 1 завершил 32 суток проживания из 10000

Сутки 33
Клиент 1 завершил 33 суток проживания из 10000

Сутки 34
Клиент 1 завершил 34 суток проживания из 10000

Сутки 35
Клиент 1 завершил 35 суток проживания из 10000

Сутки 36
Клиент 1 завершил 36 суток проживания из 10000

Сутки 37
Клиент 1 завершил 37 суток проживания из 10000

Сутки 38
Клиент 1 завершил 38 суток проживания из 10000

Сутки 39
Клиент 1 завершил 39 суток проживания из 10000

Сутки 40
Клиент 1 завершил 40 суток проживания из 10000

Сутки 41
Клиент 1 завершил 41 суток проживания из 10000

Сутки 42
Клиент 1 завершил 42 суток проживания из 10000

Сутки 43
Клиент 1 завершил 43 суток проживания из 10000

Сутки 44
Клиент 1 завершил 44 суток проживания из 10000

Сутки 45
Клиент 1 завершил 45 суток проживания из 10000

Сутки 46
Клиент 1 завершил 46 суток проживания из 10000

Сутки 47
Клиент 1 завершил 47 суток проживания из 10000

Сутки 48
Клиент 1 завершил 48 суток проживания из 10000

Сутки 49
Клиент 1 завершил 49 суток проживания из 10000

Сутки 50
Клиент 1 завершил 50 суток проживания из 10000

Сутки 51
Клиент 1 завершил 51 суток проживания из 10000

Сутки 52
Клиент 1 завершил 52 суток проживания из 10000

Сутки 53
Клиент 1 завершил 53 суток проживания из 10000

Сутки 54
Клиент 1 завершил 54 суток проживания из 10000

Сутки 55
Клиент 1 завершил 55 суток проживания из 10000

Сутки 56
Клиент 1 завершил 56 суток проживания из 10000

Сутки 57
Клиент 1 завершил 57 суток проживания из 10000

Сутки 58
Клиент 1 завершил 58 суток проживания из 10000

Сутки 59
Клиент 1 завершил 59 суток проживания из 10000

Сутки 60
Клиент 1 завершил 60 суток проживания из 10000

Сутки 61
Клиент 1 завершил 61 суток проживания из 10000

Сутки 62
Клиент 1 завершил 62 суток проживания из 10000

Сутки 63
Клиент 1 завершил 63 суток проживания из 10000

Сутки 64
Клиент 1 завершил 64 суток проживания из 10000

Сутки 65
Клиент 1 завершил 65 суток проживания из 10000

Сутки 66
Клиент 1 завершил 66 суток проживания из 10000

Сутки 67
Клиент 1 завершил 67 суток проживания из 10000

Сутки 68
Клиент 1 завершил 68 суток проживания из 10000

Сутки 69
Клиент 1 завершил 69 суток проживания из 10000

Сутки 70
Клиент 1 завершил 70 суток проживания из 10000

Сутки 71
Клиент 1 завершил 71 суток проживания из 10000

Сутки 72
Клиент 1 завершил 72 суток проживания из 10000

Сутки 73
Клиент 1 завершил 73 суток проживания из 10000

Сутки 74
Клиент 1 завершил 74 суток проживания из 10000

Сутки 75
Клиент 1 завершил 75 суток проживания из 10000

Сутки 76
Клиент 1 завершил 76 суток проживания из 10000

Сутки 77
Клиент 1 завершил 77 суток проживания из 10000

Сутки 78
Клиент 1 завершил 78 суток проживания из 10000

Сутки 79
Клиент 1 завершил 79 суток проживания из 10000

Сутки 80
Клиент 1 завершил 80 суток проживания из 10000

Сутки 81
Клиент 1 завершил 81 суток проживания из 10000

Сутки 82
Клиент 1 завершил 82 суток проживания из 10000

Сутки 83
Клиент 1 завершил 83 суток проживания из 10000

Сутки 84
Клиент 1 завершил 84 суток проживания из 10000

Сутки 85
Клиент 1 завершил 85 суток проживания из 10000

Сутки 86
Клиент 1 завершил 86 суток проживания из 10000

Сутки 87
Клиент 1 завершил 87 суток проживания из 10000

Сутки 88
Клиент 1 завершил 88 суток проживания из 10000

Сутки 89
Клиент 1 завершил 89 суток проживания из 10000

Сутки 90
Клиент 1 завершил 90 суток проживания из 10000

Сутки 91
Клиент 1 завершил 91 суток проживания из 10000

Сутки 92
Клиент 1 завершил 92 суток проживания из 10000

Сутки 93
Клиент 1 завершил 93 суток проживания из 10000

Сутки 94
Клиент 1 завершил 94 суток проживания из 10000

Сутки 95
Клиент 1 завершил 95 суток проживания из 10000

Сутки 96
Клиент 1 завершил 96 суток проживания из 10000

Сутки 97
Клиент 1 завершил 97 суток проживания из 10000

Сутки 98
Клиент 1 завершил 98 суток проживания из 10000

Сутки 99
Клиент 1 завершил 99 суток проживания из 10000

Сутки 100
Клиент 1 завершил 100 суток проживания из 10000

Сутки 101
Клиент 1 завершил 101 суток проживания из 10000

Сутки 102
Клиент 1 завершил 102 суток проживания из 10000

Сутки 103
Клиент 1 завершил 103 суток проживания из 10000

Сутки 104
Клиент 1 завершил 104 суток проживания из 10000

Сутки 105
Клиент 1 завершил 105 суток проживания из 10000

Сутки 106
Клиент 1 завершил 106 суток проживания из 10000

Сутки 107
Клиент 1 завершил 107 суток проживания из 10000

Сутки 108
Клиент 1 завершил 108 суток проживания из 10000

Сутки 109
Клиент 1 завершил 109 суток проживания из 10000

Сутки 110
Клиент 1 завершил 110 суток проживания из 10000

Сутки 111
Клиент 1 завершил 111 суток проживания из 10000

Сутки 112
Клиент 1 завершил 112 суток проживания из 10000

Сутки 113
Клиент 1 завершил 113 суток проживания из 10000

Сутки 114
Клиент 1 завершил 114 суток проживания из 10000

Сутки 115
Клиент 1 завершил 115 суток проживания из 10000

Сутки 116
Клиент 1 завершил 116 суток проживания из 10000

Сутки 117
Клиент 1 завершил 117 суток проживания из 10000

Сутки 118
Клиент 1 завершил 118 суток проживания из 10000

Сутки 119
Клиент 1 завершил 119 суток проживания из 10000

Сутки 120
Клиент 1 завершил 120 суток проживания из 10000

Сутки 121
Клиент 1 завершил 121 суток проживания из 10000

Сутки 122
Клиент 1 завершил 122 суток проживания из 10000

Сутки 123
Клиент 1 завершил 123 суток проживания из 10000

Сутки 124
Клиент 1 завершил 124 суток проживания из 10000

Сутки 125
Клиент 1 завершил 125 суток проживания из 10000

Сутки 126
Клиент 1 завершил 126 суток проживания из 10000

Сутки 127
Клиент 1 завершил 127 суток проживания из 10000

Сутки 128
Клиент 1 завершил 128 суток проживания из 10000

Сутки 129
Клиент 1 завершил 129 суток проживания из 10000

Сутки 130
Клиент 1 завершил 130 суток проживания из 10000

Сутки 131
Клиент 1 завершил 131 суток проживания из 10000

Сутки 132
Клиент 1 завершил 132 суток проживания из 10000

Сутки 133
Клиент 1 завершил 133 суток проживания из 10000

Сутки 134
Клиент 1 завершил 134 суток проживания из 10000

Сутки 135
Клиент 1 завершил 135 суток проживания из 10000

Сутки 136
Клиент 1 завершил 136 суток проживания из 10000

Сутки 137
Клиент 1 завершил 137 суток проживания из 10000

Сутки 138
Клиент 1 завершил 138 суток проживания из 10000

Сутки 139
Клиент 1 завершил 139 суток проживания из 10000

Сутки 140
Клиент 1 завершил 140 суток проживания из 10000

Сутки 141
Клиент 1 завершил 141 суток проживания из 10000

Сутки 142
Клиент 1 завершил 142 суток проживания из 10000

Сутки 143
Клиент 1 завершил 143 суток проживания из 10000

Сутки 144
Клиент 1 завершил 144 суток проживания из 10000

Сутки 145
Клиент 1 завершил 145 суток проживания из 10000

Сутки 146
Клиент 1 завершил 146 суток проживания из 10000

Сутки 147
Клиент 1 завершил 147 суток проживания из 10000

Сутки 148
Клиент 1 завершил 148 суток проживания из 10000

Сутки 149
Клиент 1 завершил 149 суток проживания из 10000

Сутки 150
Клиент 1 завершил 150 суток проживания из 10000

Сутки 151
Клиент 1 завершил 151 суток проживания из 10000

Сутки 152
Клиент 1 завершил 152 суток проживания из 10000

Сутки 153
Клиент 1 завершил 153 суток проживания из 10000

Сутки 154
Клиент 1 завершил 154 суток проживания из 10000

Сутки 155
Клиент 1 завершил 155 суток проживания из 10000

Сутки 156
Клиент 1 завершил 156 суток проживания из 10000

Сутки 157
Клиент 1 завершил 157 суток проживания из 10000

Сутки 158
Клиент 1 завершил 158 суток проживания из 10000

Сутки 159
Клиент 1 завершил 159 суток проживания из 10000

Сутки 160
Клиент 1 завершил 160 суток проживания из 10000

Сутки 161
Клиент 1 завершил 161 суток проживания из 10000

Сутки 162
Клиент 1 завершил 162 суток проживания из 10000

Сутки 163
Клиент 1 завершил 163 суток проживания из 10000

Сутки 164
Клиент 1 завершил 164 суток проживания из 10000

Сутки 165
Клиент 1 завершил 165 суток проживания из 10000

Сутки 166
Клиент 1 завершил 166 суток проживания из 10000

Сутки 167
Клиент 1 завершил 167 суток проживания из 10000

Сутки 168
Клиент 1 завершил 168 суток проживания из 10000

Сутки 169
Клиент 1 завершил 169 суток проживания из 10000

Сутки 170
Клиент 1 завершил 170 суток проживания из 10000

Сутки 171
Клиент 1 завершил 171 суток проживания из 10000

Сутки 172
Клиент 1 завершил 172 суток проживания из 10000

Сутки 173
Клиент 1 завершил 173 суток проживания из 10000

Сутки 174
Клиент 1 завершил 174 суток проживания из 10000

Сутки 175
Клиент 1 завершил 175 суток проживания из 10000

Сутки 176
Клиент 1 завершил 176 суток проживания из 10000

Сутки 177
Клиент 1 завершил 177 суток проживания из 10000

Сутки 178
Клиент 1 завершил 178 суток проживания из 10000

Сутки 179
Клиент 1 завершил 179 суток проживания из 10000

Сутки 180
Клиент 1 завершил 180 суток проживания из 10000

Сутки 181
Клиент 1 завершил 181 суток проживания из 10000

Сутки 182
Клиент 1 завершил 182 суток проживания из 10000

Сутки 183
Клиент 1 завершил 183 суток проживания из 10000

Сутки 184
Клиент 1 завершил 184 суток проживания из 10000

Сутки 185
Клиент 1 завершил 185 суток проживания из 10000

Сутки 186
Клиент 1 завершил 186 суток проживания из 10000

Сутки 187
Клиент 1 завершил 187 суток проживания из 10000

Сутки 188
Клиент 1 завершил 188 суток проживания из 10000

Сутки 189
Клиент 1 завершил 189 суток проживания из 10000

Сутки 190
Клиент 1 завершил 190 суток проживания из 10000

Сутки 191
Клиент 1 завершил 191 суток проживания из 10000

Сутки 192
Клиент 1 завершил 192 суток проживания из 10000

Сутки 193
Клиент 1 завершил 193 суток проживания из 10000

Сутки 194
Клиент 1 завершил 194 суток проживания из 10000

Сутки 195
Клиент 1 завершил 195 суток проживания из 10000

Сутки 196
Клиент 1 завершил 196 суток проживания из 10000

Сутки 197
Клиент 1 завершил 197 суток проживания из 10000

Сутки 198
Клиент 1 завершил 198 суток проживания из 10000

Сутки 199
Клиент 1 завершил 199 суток проживания из 10000

Сутки 200
Клиент 1 завершил 200 суток проживания из 10000

Сутки 201
Клиент 1 завершил 201 суток проживания из 10000

Сутки 202
Клиент 1 завершил 202 суток проживания из 10000

Сутки 203
Клиент 1 завершил 203 суток проживания из 10000

Сутки 204
Клиент 1 завершил 204 суток проживания из 10000

Сутки 205
Клиент 1 завершил 205 суток проживания из 10000

Сутки 206
Клиент 1 завершил 206 суток проживания из 10000

Сутки 207
Клиент 1 завершил 207 суток проживания из 10000

Сутки 208
Клиент 1 завершил 208 суток проживания из 10000

Сутки 209
Клиент 1 завершил 209 суток проживания из 10000

Сутки 210
Клиент 1 завершил 210 суток проживания из 10000

Сутки 211
Клиент 1 завершил 211 суток проживания из 10000

Сутки 212
Клиент 1 завершил 212 суток проживания из 10000

Сутки 213
Клиент 1 завершил 213 суток проживания из 10000

Сутки 214
Клиент 1 завершил 214 суток проживания из 10000

Сутки 215
Клиент 1 завершил 215 суток проживания из 10000

Сутки 216
Клиент 1 завершил 216 суток проживания из 10000

Сутки 217
Клиент 1 завершил 217 суток проживания из 10000

Сутки 218
Клиент 1 завершил 218 суток проживания из 10000

Сутки 219
Клиент 1 завершил 219 суток проживания из 10000

Сутки 220
Клиент 1 завершил 220 суток проживания из 10000

Сутки 221
Клиент 1 завершил 221 суток проживания из 10000

Сутки 222
Клиент 1 завершил 222 суток проживания из 10000

Сутки 223
Клиент 1 завершил 223 суток проживания из 10000

Сутки 224
Клиент 1 завершил 224 суток проживания из 10000

Сутки 225
Клиент 1 завершил 225 суток проживания из 10000

Сутки 226
Клиент 1 завершил 226 суток проживания из 10000

Сутки 227
Клиент 1 завершил 227 суток проживания из 10000

Сутки 228
Клиент 1 завершил 228 суток проживания из 10000

Сутки 229
Клиент 1 завершил 229 суток проживания из 10000

Сутки 230
Клиент 1 завершил 230 суток проживания из 10000

Сутки 231
Клиент 1 завершил 231 суток проживания из 10000

Сутки 232
Клиент 1 завершил 232 суток проживания из 10000

Сутки 233
Клиент 1 завершил 233 суток проживания из 10000

Сутки 234
Клиент 1 завершил 234 суток проживания из 10000

Сутки 235
Клиент 1 завершил 235 суток проживания из 10000

Сутки 236
Клиент 1 завершил 236 суток проживания из 10000

Сутки 237
Клиент 1 завершил 237 суток проживания из 10000

Сутки 238
Клиент 1 завершил 238 суток проживания из 10000

Сутки 239
Клиент 1 завершил 239 суток проживания из 10000

Сутки 240
Клиент 1 завершил 240 суток проживания из 10000

Сутки 241
Клиент 1 завершил 241 суток проживания из 10000

Сутки 242
Клиент 1 завершил 242 суток проживания из 10000

Сутки 243
Клиент 1 завершил 243 суток проживания из 10000

Сутки 244
Клиент 1 завершил 244 суток проживания из 10000

Сутки 245
Клиент 1 завершил 245 суток проживания из 10000

Сутки 246
Клиент 1 завершил 246 суток проживания из 10000

Сутки 247
Клиент 1 завершил 247 суток проживания из 10000

Сутки 248
Клиент 1 завершил 248 суток проживания из 10000

Сутки 249
Клиент 1 завершил 249 суток проживания из 10000

Сутки 250
Клиент 1 завершил 250 суток проживания из 10000

Сутки 251
Клиент 1 завершил 251 суток проживания из 10000

Сутки 252
Клиент 1 завершил 252 суток проживания из 10000

Сутки 253
Клиент 1 завершил 253 суток проживания из 10000

Сутки 254
Клиент 1 завершил 254 суток проживания из 10000

Сутки 255
Клиент 1 завершил 255 суток проживания из 10000

Сутки 256
Клиент 1 завершил 256 суток проживания из 10000

Сутки 257
Клиент 1 завершил 257 суток проживания из 10000

Сутки 258
Клиент 1 завершил 258 суток проживания из 10000

Сутки 259
Клиент 1 завершил 259 суток проживания из 10000

Сутки 260
Клиент 1 завершил 260 суток проживания из 10000

Сутки 261
Клиент 1 завершил 261 суток проживания из 10000

Сутки 262
Клиент 1 завершил 262 суток проживания из 10000

Сутки 263
Клиент 1 завершил 263 суток проживания из 10000

Сутки 264
Клиент 1 завершил 264 суток проживания из 10000

Сутки 265
Клиент 1 завершил 265 суток проживания из 10000

Сутки 266
Клиент 1 завершил 266 суток проживания из 10000

Сутки 267
Клиент 1 завершил 267 суток проживания из 10000

Сутки 268
Клиент 1 завершил 268 суток проживания из 10000

Сутки 269
Клиент 1 завершил 269 суток проживания из 10000

Сутки 270
Клиент 1 завершил 270 суток проживания из 10000

Сутки 271
Клиент 1 завершил 271 суток проживания из 10000

Сутки 272
Клиент 1 завершил 272 суток проживания из 10000

Сутки 273
Клиент 1 завершил 273 суток проживания из 10000

Сутки 274
Клиент 1 завершил 274 суток проживания из 10000

Сутки 275
Клиент 1 завершил 275 суток проживания из 10000

Сутки 276
Клиент 1 завершил 276 суток проживания из 10000

Сутки 277
Клиент 1 завершил 277 суток проживания из 10000

Сутки 278
Клиент 1 завершил 278 суток проживания из 10000

Сутки 279
Клиент 1 завершил 279 суток проживания из 10000

Сутки 280
Клиент 1 завершил 280 суток проживания из 10000

Сутки 281
Клиент 1 завершил 281 суток проживания из 10000

Сутки 282
Клиент 1 завершил 282 суток проживания из 10000

Сутки 283
Клиент 1 завершил 283 суток проживания из 10000

Сутки 284
Клиент 1 завершил 284 суток проживания из 10000

Сутки 285
Клиент 1 завершил 285 суток проживания из 10000

Сутки 286
Клиент 1 завершил 286 суток проживания из 10000

Сутки 287
Клиент 1 завершил 287 суток проживания из 10000

Сутки 288
Клиент 1 завершил 288 суток проживания из 10000

Сутки 289
Клиент 1 завершил 289 суток проживания из 10000

Сутки 290
Клиент 1 завершил 290 суток проживания из 10000

Сутки 291
Клиент 1 завершил 291 суток проживания из 10000

Сутки 292
Клиент 1 завершил 292 суток проживания из 10000

Сутки 293
Клиент 1 завершил 293 суток проживания из 10000

Сутки 294
Клиент 1 завершил 294 суток проживания из 10000

Сутки 295
Клиент 1 завершил 295 суток проживания из 10000

Сутки 296
Клиент 1 завершил 296 суток проживания из 10000

Сутки 297
Клиент 1 завершил 297 суток проживания из 10000

Сутки 298
Клиент 1 завершил 298 суток проживания из 10000

Сутки 299
Клиент 1 завершил 299 суток проживания из 10000

Сутки 300
Клиент 1 завершил 300 суток проживания из 10000

Сутки 301
Клиент 1 завершил 301 суток проживания из 10000

Сутки 302
Клиент 1 завершил 302 суток проживания из 10000

Сутки 303
Клиент 1 завершил 303 суток проживания из 10000

Сутки 304
Клиент 1 завершил 304 суток проживания из 10000

Сутки 305
Клиент 1 завершил 305 суток проживания из 10000

Сутки 306
Клиент 1 завершил 306 суток проживания из 10000

Сутки 307
Клиент 1 завершил 307 суток проживания из 10000

Сутки 308
Клиент 1 завершил 308 суток проживания из 10000

Сутки 309
Клиент 1 завершил 309 суток проживания из 10000

Сутки 310
Клиент 1 завершил 310 суток проживания из 10000

Сутки 311
Клиент 1 завершил 311 суток проживания из 10000

Сутки 312
Клиент 1 завершил 312 суток проживания из 10000

Сутки 313
Клиент 1 завершил 313 суток проживания из 10000

Сутки 314
Клиент 1 завершил 314 суток проживания из 10000

Сутки 315
Клиент 1 завершил 315 суток проживания из 10000

Сутки 316
Клиент 1 завершил 316 суток проживания из 10000

Сутки 317
Клиент 1 завершил 317 суток проживания из 10000

Сутки 318
Клиент 1 завершил 318 суток проживания из 10000

Сутки 319
Клиент 1 завершил 319 суток проживания из 10000

Сутки 320
Клиент 1 завершил 320 суток проживания из 10000

Сутки 321
Клиент 1 завершил 321 суток проживания из 10000

Сутки 322
Клиент 1 завершил 322 суток проживания из 10000

Сутки 323
Клиент 1 завершил 323 суток проживания из 10000

Сутки 324
Клиент 1 завершил 324 суток проживания из 10000

Сутки 325
Клиент 1 завершил 325 суток проживания из 10000

Сутки 326
Клиент 1 завершил 326 суток проживания из 10000

Сутки 327
Клиент 1 завершил 327 суток проживания из 10000

Сутки 328
Клиент 1 завершил 328 суток проживания из 10000

Сутки 329
Клиент 1 завершил 329 суток проживания из 10000

Сутки 330
Клиент 1 завершил 330 суток проживания из 10000

Сутки 331
Клиент 1 завершил 331 суток проживания из 10000

Сутки 332
Клиент 1 завершил 332 суток проживания из 10000

Сутки 333
Клиент 1 завершил 333 суток проживания из 10000

Сутки 334
Клиент 1 завершил 334 суток проживания из 10000

Сутки 335
Клиент 1 завершил 335 суток проживания из 10000

Сутки 336
Клиент 1 завершил 336 суток проживания из 10000

Сутки 337
Клиент 1 завершил 337 суток проживания из 10000

Сутки 338
Клиент 1 завершил 338 суток проживания из 10000

Сутки 339
Клиент 1 завершил 339 суток проживания из 10000

Сутки 340
Клиент 1 завершил 340 суток проживания из 10000

Сутки 341
Клиент 1 завершил 341 суток проживания из 10000

Сутки 342
Клиент 1 завершил 342 суток проживания из 10000

Сутки 343
Клиент 1 завершил 343 суток проживания из 10000

Сутки 344
Клиент 1 завершил 344 суток проживания из 10000

Сутки 345
Клиент 1 завершил 345 суток проживания из 10000

Сутки 346
Клиент 1 завершил 346 суток проживания из 10000

Сутки 347
Клиент 1 завершил 347 суток проживания из 10000

Сутки 348
Клиент 1 завершил 348 суток проживания из 10000

Сутки 349
Клиент 1 завершил 349 суток проживания из 10000

Сутки 350
Клиент 1 завершил 350 суток проживания из 10000

Сутки 351
Клиент 1 завершил 351 суток проживания из 10000

Сутки 352
Клиент 1 завершил 352 суток проживания из 10000

Сутки 353
Клиент 1 завершил 353 суток проживания из 10000

Сутки 354
Клиент 1 завершил 354 суток проживания из 10000

Сутки 355
Клиент 1 завершил 355 суток проживания из 10000

Сутки 356
Клиент 1 завершил 356 суток проживания из 10000

Сутки 357
Клиент 1 завершил 357 суток проживания из 10000

Сутки 358
Клиент 1 завершил 358 суток проживания из 10000

Сутки 359
Клиент 1 завершил 359 суток проживания из 10000

Сутки 360
Клиент 1 завершил 360 суток проживания из 10000

Сутки 361
Клиент 1 завершил 361 суток проживания из 10000

Сутки 362
Клиент 1 завершил 362 суток проживания из 10000

Сутки 363
Клиент 1 завершил 363 суток проживания из 10000

Сутки 364
Клиент 1 завершил 364 суток проживания из 10000

Сутки 365
Клиент 1 завершил 365 суток проживания из 10000

Сутки 366
Клиент 1 завершил 366 суток проживания из 10000

Сутки 367
Клиент 1 завершил 367 суток проживания из 10000

Сутки 368
Клиент 1 завершил 368 суток проживания из 10000

Сутки 369
Клиент 1 завершил 369 суток проживания из 10000

Сутки 370
Клиент 1 завершил 370 суток проживания из 10000

Сутки 371
Клиент 1 завершил 371 суток проживания из 10000

Сутки 372
Клиент 1 завершил 372 суток проживания из 10000

Сутки 373
Клиент 1 завершил 373 суток проживания из 10000

Сутки 374
Клиент 1 завершил 374 суток проживания из 10000

Сутки 375
Клиент 1 завершил 375 суток проживания из 10000

Сутки 376
Клиент 1 завершил 376 суток проживания из 10000

Сутки 377
Клиент 1 завершил 377 суток проживания из 10000

Сутки 378
Клиент 1 завершил 378 суток проживания из 10000

Сутки 379
Клиент 1 завершил 379 суток проживания из 10000

Сутки 380
Клиент 1 завершил 380 суток проживания из 10000

Сутки 381
Клиент 1 завершил 381 суток проживания из 10000

Сутки 382
Клиент 1 завершил 382 суток проживания из 10000

Сутки 383
Клиент 1 завершил 383 суток проживания из 10000

Сутки 384
Клиент 1 завершил 384 суток проживания из 10000

Сутки 385
Клиент 1 завершил 385 суток проживания из 10000

Сутки 386
Клиент 1 завершил 386 суток проживания из 10000

Сутки 387
Клиент 1 завершил 387 суток проживания из 10000

Сутки 388
Клиент 1 завершил 388 суток проживания из 10000

Сутки 389
Клиент 1 завершил 389 суток проживания из 10000

Сутки 390
Клиент 1 завершил 390 суток проживания из 10000

Сутки 391
Клиент 1 завершил 391 суток проживания из 10000

Сутки 392
Клиент 1 завершил 392 суток проживания из 10000

Сутки 393
Клиент 1 завершил 393 суток проживания из 10000

Сутки 394
Клиент 1 завершил 394 суток проживания из 10000

Сутки 395
Клиент 1 завершил 395 суток проживания из 10000

Сутки 396
Клиент 1 завершил 396 суток проживания из 10000

Сутки 397
Клиент 1 завершил 397 суток проживания из 10000

Сутки 398
Клиент 1 завершил 398 суток проживания из 10000

Сутки 399
Клиент 1 завершил 399 суток проживания из 10000

Сутки 400
Клиент 1 завершил 400 суток проживания из 10000

Сутки 401
Клиент 1 завершил 401 суток проживания из 10000

Сутки 402
Клиент 1 завершил 402 суток проживания из 10000

Сутки 403
Клиент 1 завершил 403 суток проживания из 10000

Сутки 404
Клиент 1 завершил 404 суток проживания из 10000

Сутки 405
Клиент 1 завершил 405 суток проживания из 10000

Сутки 406
Клиент 1 завершил 406 суток проживания из 10000

Сутки 407
Клиент 1 завершил 407 суток проживания из 10000

Сутки 408
Клиент 1 завершил 408 суток проживания из 10000

Сутки 409
Клиент 1 завершил 409 суток проживания из 10000

Сутки 410
Клиент 1 завершил 410 суток проживания из 10000

Сутки 411
Клиент 1 завершил 411 суток проживания из 10000

Сутки 412
Клиент 1 завершил 412 суток проживания из 10000

Сутки 413
Клиент 1 завершил 413 суток проживания из 10000

Сутки 414
Клиент 1 завершил 414 суток проживания из 10000

Сутки 415
Клиент 1 завершил 415 суток проживания из 10000

Сутки 416
Клиент 1 завершил 416 суток проживания из 10000

Сутки 417
Клиент 1 завершил 417 суток проживания из 10000

Сутки 418
Клиент 1 завершил 418 суток проживания из 10000

Сутки 419
Клиент 1 завершил 419 суток проживания из 10000

Сутки 420
Клиент 1 завершил 420 суток проживания из 10000

Сутки 421
Клиент 1 завершил 421 суток проживания из 10000

Сутки 422
Клиент 1 завершил 422 суток проживания из 10000

Сутки 423
Клиент 1 завершил 423 суток проживания из 10000

Сутки 424
Клиент 1 завершил 424 суток проживания из 10000

Сутки 425
Клиент 1 завершил 425 суток проживания из 10000

Сутки 426
Клиент 1 завершил 426 суток проживания из 10000

Сутки 427
Клиент 1 завершил 427 суток проживания из 10000

Сутки 428
Клиент 1 завершил 428 суток проживания из 10000

Сутки 429
Клиент 1 завершил 429 суток проживания из 10000

Сутки 430
Клиент 1 завершил 430 суток проживания из 10000

Сутки 431
Клиент 1 завершил 431 суток проживания из 10000

Сутки 432
Клиент 1 завершил 432 суток проживания из 10000

Сутки 433
Клиент 1 завершил 433 суток проживания из 10000

Сутки 434
Клиент 1 завершил 434 суток проживания из 10000

Сутки 435
Клиент 1 завершил 435 суток проживания из 10000

Сутки 436
Клиент 1 завершил 436 суток проживания из 10000

Сутки 437
Клиент 1 завершил 437 суток проживания из 10000

Сутки 438
Клиент 1 завершил 438 суток проживания из 10000

Сутки 439
Клиент 1 завершил 439 суток проживания из 10000

Сутки 440
Клиент 1 завершил 440 суток проживания из 10000

Сутки 441
Клиент 1 завершил 441 суток проживания из 10000

Сутки 442
Клиент 1 завершил 442 суток проживания из 10000

Сутки 443
Клиент 1 завершил 443 суток проживания из 10000

Сутки 444
Клиент 1 завершил 444 суток проживания из 10000

Сутки 445
Клиент 1 завершил 445 суток проживания из 10000

Сутки 446
Клиент 1 завершил 446 суток проживания из 10000

Сутки 447
Клиент 1 завершил 447 суток проживания из 10000

Сутки 448
Клиент 1 завершил 448 суток проживания из 10000

Сутки 449
Клиент 1 завершил 449 суток проживания из 10000

Сутки 450
Клиент 1 завершил 450 суток проживания из 10000

Сутки 451
Клиент 1 завершил 451 суток проживания из 10000

Сутки 452
Клиент 1 завершил 452 суток проживания из 10000

Сутки 453
Клиент 1 завершил 453 суток проживания из 10000

Сутки 454
Клиент 1 завершил 454 суток проживания из 10000

Сутки 455
Клиент 1 завершил 455 суток проживания из 10000

Сутки 456
Клиент 1 завершил 456 суток проживания из 10000

Сутки 457
Клиент 1 завершил 457 суток проживания из 10000

Сутки 458
Клиент 1 завершил 458 суток проживания из 10000

Сутки 459
Клиент 1 завершил 459 суток проживания из 10000

Сутки 460
Клиент 1 завершил 460 суток проживания из 10000

Сутки 461
Клиент 1 завершил 461 суток проживания из 10000

Сутки 462
Клиент 1 завершил 462 суток проживания из 10000

Сутки 463
Клиент 1 завершил 463 суток проживания из 10000

Сутки 464
Клиент 1 завершил 464 суток проживания из 10000

Сутки 465
Клиент 1 завершил 465 суток проживания из 10000

Сутки 466
Клиент 1 завершил 466 суток проживания из 10000

Сутки 467
Клиент 1 завершил 467 суток проживания из 10000

Сутки 468
Клиент 1 завершил 468 суток проживания из 10000

Сутки 469
Клиент 1 завершил 469 суток проживания из 10000

Сутки 470
Клиент 1 завершил 470 суток проживания из 10000

Сутки 471
Клиент 1 завершил 471 суток проживания из 10000

Сутки 472
Клиент 1 завершил 472 суток проживания из 10000

Сутки 473
Клиент 1 завершил 473 суток проживания из 10000

Сутки 474
Клиент 1 завершил 474 суток проживания из 10000

Сутки 475
Клиент 1 завершил 475 суток проживания из 10000

Сутки 476
Клиент 1 завершил 476 суток проживания из 10000

Сутки 477
Клиент 1 завершил 477 суток проживания из 10000

Сутки 478
Клиент 1 завершил 478 суток проживания из 10000

Сутки 479
Клиент 1 завершил 479 суток проживания из 10000

Сутки 480
Клиент 1 завершил 480 суток проживания из 10000

Сутки 481
Клиент 1 завершил 481 суток проживания из 10000

Сутки 482
Клиент 1 завершил 482 суток проживания из 10000

Сутки 483
Клиент 1 завершил 483 суток проживания из 10000

Сутки 484
Клиент 1 завершил 484 суток проживания из 10000

Сутки 485
Клиент 1 завершил 485 суток проживания из 10000

Сутки 486
Клиент 1 завершил 486 суток проживания из 10000

Сутки 487
Клиент 1 завершил 487 суток проживания из 10000

Сутки 488
Клиент 1 завершил 488 суток проживания из 10000

Сутки 489
Клиент 1 завершил 489 суток проживания из 10000

Сутки 490
Клиент 1 завершил 490 суток проживания из 10000

Сутки 491
Клиент 1 завершил 491 суток проживания из 10000

Сутки 492
Клиент 1 завершил 492 суток проживания из 10000

Сутки 493
Клиент 1 завершил 493 суток проживания из 10000

Сутки 494
Клиент 1 завершил 494 суток проживания из 10000

Сутки 495
Клиент 1 завершил 495 суток проживания из 10000

Сутки 496
Клиент 1 завершил 496 суток проживания из 10000

Сутки 497
Клиент 1 завершил 497 суток проживания из 10000

Сутки 498
Клиент 1 завершил 498 суток проживания из 10000

Сутки 499
Клиент 1 завершил 499 суток проживания из 10000

Сутки 500
Клиент 1 завершил 500 суток проживания из 10000

Сутки 501
Клиент 1 завершил 501 суток проживания из 10000

Сутки 502
Клиент 1 завершил 502 суток проживания из 10000

Сутки 503
Клиент 1 завершил 503 суток проживания из 10000

Сутки 504
Клиент 1 завершил 504 суток проживания из 10000

Сутки 505
Клиент 1 завершил 505 суток проживания из 10000

Сутки 506
Клиент 1 завершил 506 суток проживания из 10000

Сутки 507
Клиент 1 завершил 507 суток проживания из 10000

Сутки 508
Клиент 1 завершил 508 суток проживания из 10000

Сутки 509
Клиент 1 завершил 509 суток проживания из 10000

Сутки 510
Клиент 1 завершил 510 суток проживания из 10000

Сутки 511
Клиент 1 завершил 511 суток проживания из 10000

Сутки 512
Клиент 1 завершил 512 суток проживания из 10000

Сутки 513
Клиент 1 завершил 513 суток проживания из 10000

Сутки 514
Клиент 1 завершил 514 суток проживания из 10000

Сутки 515
Клиент 1 завершил 515 суток проживания из 10000

Сутки 516
Клиент 1 завершил 516 суток проживания из 10000

Сутки 517
Клиент 1 завершил 517 суток проживания из 10000

Сутки 518
Клиент 1 завершил 518 суток проживания из 10000

Сутки 519
Клиент 1 завершил 519 суток проживания из 10000

Сутки 520
Клиент 1 завершил 520 суток проживания из 10000

Сутки 521
Клиент 1 завершил 521 суток проживания из 10000

Сутки 522
Клиент 1 завершил 522 суток проживания из 10000

Сутки 523
Клиент 1 завершил 523 суток проживания из 10000

Сутки 524
Клиент 1 завершил 524 суток проживания из 10000

Сутки 525
Клиент 1 завершил 525 суток проживания из 10000

Сутки 526
Клиент 1 завершил 526 суток проживания из 10000

Сутки 527
Клиент 1 завершил 527 суток проживания из 10000

Сутки 528
Клиент 1 завершил 528 суток проживания из 10000

Сутки 529
Клиент 1 завершил 529 суток проживания из 10000

Сутки 530
Клиент 1 завершил 530 суток проживания из 10000

Сутки 531
Клиент 1 завершил 531 суток проживания из 10000

Сутки 532
Клиент 1 завершил 532 суток проживания из 10000

Сутки 533
Клиент 1 завершил 533 суток проживания из 10000

Сутки 534
Клиент 1 завершил 534 суток проживания из 10000

Сутки 535
Клиент 1 завершил 535 суток проживания из 10000

Сутки 536
Клиент 1 завершил 536 суток проживания из 10000

Сутки 537
Клиент 1 завершил 537 суток проживания из 10000

Сутки 538
Клиент 1 завершил 538 суток проживания из 10000

Сутки 539
Клиент 1 завершил 539 суток проживания из 10000

Сутки 540
Клиент 1 завершил 540 суток проживания из 10000

Сутки 541
Клиент 1 завершил 541 суток проживания из 10000

Сутки 542
Клиент 1 завершил 542 суток проживания из 10000

Сутки 543
Клиент 1 завершил 543 суток проживания из 10000

Сутки 544
Клиент 1 завершил 544 суток проживания из 10000

Сутки 545
Клиент 1 завершил 545 суток проживания из 10000

Сутки 546
Клиент 1 завершил 546 суток проживания из 10000

Сутки 547
Клиент 1 завершил 547 суток проживания из 10000

Сутки 548
Клиент 1 завершил 548 суток проживания из 10000

Сутки 549
Клиент 1 завершил 549 суток проживания из 10000

Сутки 550
Клиент 1 завершил 550 суток проживания из 10000

Сутки 551
Клиент 1 завершил 551 суток проживания из 10000

Сутки 552
Клиент 1 завершил 552 суток проживания из 10000

Сутки 553
Клиент 1 завершил 553 суток проживания из 10000

Сутки 554
Клиент 1 завершил 554 суток проживания из 10000

Сутки 555
Клиент 1 завершил 555 суток проживания из 10000

Сутки 556
Клиент 1 завершил 556 суток проживания из 10000

Сутки 557
Клиент 1 завершил 557 суток проживания из 10000

Сутки 558
Клиент 1 завершил 558 суток проживания из 10000

Сутки 559
Клиент 1 завершил 559 суток проживания из 10000

Сутки 560
Клиент 1 завершил 560 суток проживания из 10000

Сутки 561
Клиент 1 завершил 561 суток проживания из 10000

Сутки 562
Клиент 1 завершил 562 суток проживания из 10000

Сутки 563
Клиент 1 завершил 563 суток проживания из 10000

Сутки 564
Клиент 1 завершил 564 суток проживания из 10000

Сутки 565
Клиент 1 завершил 565 суток проживания из 10000

Сутки 566
Клиент 1 завершил 566 суток проживания из 10000

Сутки 567
Клиент 1 завершил 567 суток проживания из 10000

Сутки 568
Клиент 1 завершил 568 суток проживания из 10000

Сутки 569
Клиент 1 завершил 569 суток проживания из 10000

Сутки 570
Клиент 1 завершил 570 суток проживания из 10000

Сутки 571
Клиент 1 завершил 571 суток проживания из 10000

Сутки 572
Клиент 1 завершил 572 суток проживания из 10000

Сутки 573
Клиент 1 завершил 573 суток проживания из 10000

Сутки 574
Клиент 1 завершил 574 суток проживания из 10000

Сутки 575
Клиент 1 завершил 575 суток проживания из 10000

Сутки 576
Клиент 1 завершил 576 суток проживания из 10000

Сутки 577
Клиент 1 завершил 577 суток проживания из 10000

Сутки 578
Клиент 1 завершил 578 суток проживания из 10000

Сутки 579
Клиент 1 завершил 579 суток проживания из 10000

Сутки 580
Клиент 1 завершил 580 суток проживания из 10000

Сутки 581
Клиент 1 завершил 581 суток проживания из 10000

Сутки 582
Клиент 1 завершил 582 суток проживания из 10000

Сутки 583
Клиент 1 завершил 583 суток проживания из 10000

Сутки 584
Клиент 1 завершил 584 суток проживания из 10000

Сутки 585
Клиент 1 завершил 585 суток проживания из 10000

Сутки 586
Клиент 1 завершил 586 суток проживания из 10000

Сутки 587
Клиент 1 завершил 587 суток проживания из 10000

Сутки 588
Клиент 1 завершил 588 суток проживания из 10000

Сутки 589
Клиент 1 завершил 589 суток проживания из 10000

Сутки 590
Клиент 1 завершил 590 суток проживания из 10000

Сутки 591
Клиент 1 завершил 591 суток проживания из 10000

Сутки 592
Клиент 1 завершил 592 суток проживания из 10000

Сутки 593
Клиент 1 завершил 593 суток проживания из 10000

Сутки 594
Клиент 1 завершил 594 суток проживания из 10000

Сутки 595
Клиент 1 завершил 595 суток проживания из 10000

Сутки 596
Клиент 1 завершил 596 суток проживания из 10000

Сутки 597
Клиент 1 завершил 597 суток проживания из 10000

Сутки 598
Клиент 1 завершил 598 суток проживания из 10000

Сутки 599
Клиент 1 завершил 599 суток проживания из 10000

Сутки 600
Клиент 1 завершил 600 суток проживания из 10000

Сутки 601
Клиент 1 завершил 601 суток проживания из 10000

Сутки 602
Клиент 1 завершил 602 суток проживания из 10000

Сутки 603
Клиент 1 завершил 603 суток проживания из 10000

Сутки 604
Клиент 1 завершил 604 суток проживания из 10000

Сутки 605
Клиент 1 завершил 605 суток проживания из 10000

Сутки 606
Клиент 1 завершил 606 суток проживания из 10000

Сутки 607
Клиент 1 завершил 607 суток проживания из 10000

Сутки 608
Клиент 1 завершил 608 суток проживания из 10000

Сутки 609
Клиент 1 завершил 609 суток проживания из 10000

Сутки 610
Клиент 1 завершил 610 суток проживания из 10000

Сутки 611
Клиент 1 завершил 611 суток проживания из 10000

Сутки 612
Клиент 1 завершил 612 суток проживания из 10000

Сутки 613
Клиент 1 завершил 613 суток проживания из 10000

Сутки 614
Клиент 1 завершил 614 суток проживания из 10000

Сутки 615
Клиент 1 завершил 615 суток проживания из 10000

Сутки 616
Клиент 1 завершил 616 суток проживания из 10000

Сутки 617
Клиент 1 завершил 617 суток проживания из 10000

Сутки 618
Клиент 1 завершил 618 суток проживания из 10000

Сутки 619
Клиент 1 завершил 619 суток проживания из 10000

Сутки 620
Клиент 1 завершил 620 суток проживания из 10000

Сутки 621
Клиент 1 завершил 621 суток проживания из 10000

Сутки 622
Клиент 1 завершил 622 суток проживания из 10000

Сутки 623
Клиент 1 завершил 623 суток проживания из 10000

Сутки 624
Клиент 1 завершил 624 суток проживания из 10000

Сутки 625
Клиент 1 завершил 625 суток проживания из 10000

Сутки 626
Клиент 1 завершил 626 суток проживания из 10000

Сутки 627
Клиент 1 завершил 627 суток проживания из 10000

Сутки 628
Клиент 1 завершил 628 суток проживания из 10000

Сутки 629
Клиент 1 завершил 629 суток проживания из 10000

Сутки 630
Клиент 1 завершил 630 суток проживания из 10000

Сутки 631
Клиент 1 завершил 631 суток проживания из 10000

Сутки 632
Клиент 1 завершил 632 суток проживания из 10000

Сутки 633
Клиент 1 завершил 633 суток проживания из 10000

Сутки 634
Клиент 1 завершил 634 суток проживания из 10000

Сутки 635
Клиент 1 завершил 635 суток проживания из 10000

Сутки 636
Клиент 1 завершил 636 суток проживания из 10000

Сутки 637
Клиент 1 завершил 637 суток проживания из 10000

Сутки 638
Клиент 1 завершил 638 суток проживания из 10000

Сутки 639
Клиент 1 завершил 639 суток проживания из 10000

Сутки 640
Клиент 1 завершил 640 суток проживания из 10000

Сутки 641
Клиент 1 завершил 641 суток проживания из 10000

Сутки 642
Клиент 1 завершил 642 суток проживания из 10000

Сутки 643
Клиент 1 завершил 643 суток проживания из 10000

Сутки 644
Клиент 1 завершил 644 суток проживания из 10000

Сутки 645
Клиент 1 завершил 645 суток проживания из 10000

Сутки 646
Клиент 1 завершил 646 суток проживания из 10000

Сутки 647
Клиент 1 завершил 647 суток проживания из 10000

Сутки 648
Клиент 1 завершил 648 суток проживания из 10000

Сутки 649
Клиент 1 завершил 649 суток проживания из 10000

Сутки 650
Клиент 1 завершил 650 суток проживания из 10000

Сутки 651
Клиент 1 завершил 651 суток проживания из 10000

Сутки 652
Клиент 1 завершил 652 суток проживания из 10000

Сутки 653
Клиент 1 завершил 653 суток проживания из 10000

Сутки 654
Клиент 1 завершил 654 суток проживания из 10000

Сутки 655
Клиент 1 завершил 655 суток проживания из 10000

Сутки 656
Клиент 1 завершил 656 суток проживания из 10000

Сутки 657
Клиент 1 завершил 657 суток проживания из 10000

Сутки 658
Клиент 1 завершил 658 суток проживания из 10000

Сутки 659
Клиент 1 завершил 659 суток проживания из 10000

Сутки 660
Клиент 1 завершил 660 суток проживания из 10000

Сутки 661
Клиент 1 завершил 661 суток проживания из 10000

Сутки 662
Клиент 1 завершил 662 суток проживания из 10000

Сутки 663
Клиент 1 завершил 663 суток проживания из 10000

Сутки 664
Клиент 1 завершил 664 суток проживания из 10000

Сутки 665
Клиент 1 завершил 665 суток проживания из 10000

Сутки 666
Клиент 1 завершил 666 суток проживания из 10000

Сутки 667
Клиент 1 завершил 667 суток проживания из 10000

Сутки 668
Клиент 1 завершил 668 суток проживания из 10000

Сутки 669
Клиент 1 завершил 669 суток проживания из 10000

Сутки 670
Клиент 1 завершил 670 суток проживания из 10000

Сутки 671
Клиент 1 завершил 671 суток проживания из 10000

Сутки 672
Клиент 1 завершил 672 суток проживания из 10000

Сутки 673
Клиент 1 завершил 673 суток проживания из 10000

Сутки 674
Клиент 1 завершил 674 суток проживания из 10000

Сутки 675
Клиент 1 завершил 675 суток проживания из 10000

Сутки 676
Клиент 1 завершил 676 суток проживания из 10000

Сутки 677
Клиент 1 завершил 677 суток проживания из 10000

Сутки 678
Клиент 1 завершил 678 суток проживания из 10000

Сутки 679
Клиент 1 завершил 679 суток проживания из 10000

Сутки 680
Клиент 1 завершил 680 суток проживания из 10000

Сутки 681
Клиент 1 завершил 681 суток проживания из 10000

Сутки 682
Клиент 1 завершил 682 суток проживания из 10000

Сутки 683
Клиент 1 завершил 683 суток проживания из 10000

Сутки 684
Клиент 1 завершил 684 суток проживания из 10000

Сутки 685
Клиент 1 завершил 685 суток проживания из 10000

Сутки 686
Клиент 1 завершил 686 суток проживания из 10000

Сутки 687
Клиент 1 завершил 687 суток проживания из 10000

Сутки 688
Клиент 1 завершил 688 суток проживания из 10000

Сутки 689
Клиент 1 завершил 689 суток проживания из 10000

Сутки 690
Клиент 1 завершил 690 суток проживания из 10000

Сутки 691
Клиент 1 завершил 691 суток проживания из 10000

Сутки 692
Клиент 1 завершил 692 суток проживания из 10000

Сутки 693
Клиент 1 завершил 693 суток проживания из 10000

Сутки 694
Клиент 1 завершил 694 суток проживания из 10000

Сутки 695
Клиент 1 завершил 695 суток проживания из 10000

Сутки 696
Клиент 1 завершил 696 суток проживания из 10000

Сутки 697
Клиент 1 завершил 697 суток проживания из 10000

Сутки 698
Клиент 1 завершил 698 суток проживания из 10000

Сутки 699
Клиент 1 завершил 699 суток проживания из 10000

Сутки 700
Клиент 1 завершил 700 суток проживания из 10000

Сутки 701
Клиент 1 завершил 701 суток проживания из 10000

Сутки 702
Клиент 1 завершил 702 суток проживания из 10000

Сутки 703
Клиент 1 завершил 703 суток проживания из 10000

Сутки 704
Клиент 1 завершил 704 суток проживания из 10000

Сутки 705
Клиент 1 завершил 705 суток проживания из 10000

Сутки 706
Клиент 1 завершил 706 суток проживания из 10000

Сутки 707
Клиент 1 завершил 707 суток проживания из 10000

Сутки 708
Клиент 1 завершил 708 суток проживания из 10000

Сутки 709
Клиент 1 завершил 709 суток проживания из 10000

Сутки 710
Клиент 1 завершил 710 суток проживания из 10000

Сутки 711
Клиент 1 завершил 711 суток проживания из 10000

Сутки 712
Клиент 1 завершил 712 суток проживания из 10000

Сутки 713
Клиент 1 завершил 713 суток проживания из 10000

Сутки 714
Клиент 1 завершил 714 суток проживания из 10000

Сутки 715
Клиент 1 завершил 715 суток проживания из 10000

Сутки 716
Клиент 1 завершил 716 суток проживания из 10000

Сутки 717
Клиент 1 завершил 717 суток проживания из 10000

Сутки 718
Клиент 1 завершил 718 суток проживания из 10000

Сутки 719
Клиент 1 завершил 719 суток проживания из 10000

Сутки 720
Клиент 1 завершил 720 суток проживания из 10000

Сутки 721
Клиент 1 завершил 721 суток проживания из 10000

Сутки 722
Клиент 1 завершил 722 суток проживания из 10000

Сутки 723
Клиент 1 завершил 723 суток проживания из 10000

Сутки 724
Клиент 1 завершил 724 суток проживания из 10000

Сутки 725
Клиент 1 завершил 725 суток проживания из 10000

Сутки 726
Клиент 1 завершил 726 суток проживания из 10000

Сутки 727
Клиент 1 завершил 727 суток проживания из 10000

Сутки 728
Клиент 1 завершил 728 суток проживания из 10000

Сутки 729
Клиент 1 завершил 729 суток проживания из 10000

Сутки 730
Клиент 1 завершил 730 суток проживания из 10000

Сутки 731
Клиент 1 завершил 731 суток проживания из 10000

Сутки 732
Клиент 1 завершил 732 суток проживания из 10000

Сутки 733
Клиент 1 завершил 733 суток проживания из 10000

Сутки 734
Клиент 1 завершил 734 суток проживания из 10000

Сутки 735
Клиент 1 завершил 735 суток проживания из 10000

Сутки 736
Клиент 1 завершил 736 суток проживания из 10000

Сутки 737
Клиент 1 завершил 737 суток проживания из 10000

Сутки 738
Клиент 1 завершил 738 суток проживания из 10000

Сутки 739
Клиент 1 завершил 739 суток проживания из 10000

Сутки 740
Клиент 1 завершил 740 суток проживания из 10000

Сутки 741
Клиент 1 завершил 741 суток проживания из 10000

Сутки 742
Клиент 1 завершил 742 суток проживания из 10000

Сутки 743
Клиент 1 завершил 743 суток проживания из 10000

Сутки 744
Клиент 1 завершил 744 суток проживания из 10000

Сутки 745
Клиент 1 завершил 745 суток проживания из 10000

Сутки 746
Клиент 1 завершил 746 суток проживания из 10000

Сутки 747
Клиент 1 завершил 747 суток проживания из 10000

Сутки 748
Клиент 1 завершил 748 суток проживания из 10000

Сутки 749
Клиент 1 завершил 749 суток проживания из 10000

Сутки 750
Клиент 1 завершил 750 суток проживания из 10000

Сутки 751
Клиент 1 завершил 751 суток проживания из 10000

Сутки 752
Клиент 1 завершил 752 суток проживания из 10000

Сутки 753
Клиент 1 завершил 753 суток проживания из 10000

Сутки 754
Клиент 1 завершил 754 суток проживания из 10000

Сутки 755
Клиент 1 завершил 755 суток проживания из 10000

Сутки 756
Клиент 1 завершил 756 суток проживания из 10000

Сутки 757
Клиент 1 завершил 757 суток проживания из 10000

Сутки 758
Клиент 1 завершил 758 суток проживания из 10000

Сутки 759
Клиент 1 завершил 759 суток проживания из 10000

Сутки 760
Клиент 1 завершил 760 суток проживания из 10000

Сутки 761
Клиент 1 завершил 761 суток проживания из 10000

Сутки 762
Клиент 1 завершил 762 суток проживания из 10000

Сутки 763
Клиент 1 завершил 763 суток проживания из 10000

Сутки 764
Клиент 1 завершил 764 суток проживания из 10000

Сутки 765
Клиент 1 завершил 765 суток проживания из 10000

Сутки 766
Клиент 1 завершил 766 суток проживания из 10000

Сутки 767
Клиент 1 завершил 767 суток проживания из 10000

Сутки 768
Клиент 1 завершил 768 суток проживания из 10000

Сутки 769
Клиент 1 завершил 769 суток проживания из 10000

Сутки 770
Клиент 1 завершил 770 суток проживания из 10000

Сутки 771
Клиент 1 завершил 771 суток проживания из 10000

Сутки 772
Клиент 1 завершил 772 суток проживания из 10000

Сутки 773
Клиент 1 завершил 773 суток проживания из 10000

Сутки 774
Клиент 1 завершил 774 суток проживания из 10000

Сутки 775
Клиент 1 завершил 775 суток проживания из 10000

Сутки 776
Клиент 1 завершил 776 суток проживания из 10000

Сутки 777
Клиент 1 завершил 777 суток проживания из 10000

Сутки 778
Клиент 1 завершил 778 суток проживания из 10000

Сутки 779
Клиент 1 завершил 779 суток проживания из 10000

Сутки 780
Клиент 1 завершил 780 суток проживания из 10000

Сутки 781
Клиент 1 завершил 781 суток проживания из 10000

Сутки 782
Клиент 1 завершил 782 суток проживания из 10000

Сутки 783
Клиент 1 завершил 783 суток проживания из 10000

Сутки 784
Клиент 1 завершил 784 суток проживания из 10000

Сутки 785
Клиент 1 завершил 785 суток проживания из 10000

Сутки 786
Клиент 1 завершил 786 суток проживания из 10000

Сутки 787
Клиент 1 завершил 787 суток проживания из 10000

Сутки 788
Клиент 1 завершил 788 суток проживания из 10000

Сутки 789
Клиент 1 завершил 789 суток проживания из 10000

Сутки 790
Клиент 1 завершил 790 суток проживания из 10000

Сутки 791
Клиент 1 завершил 791 суток проживания из 10000

Сутки 792
Клиент 1 завершил 792 суток проживания из 10000

Сутки 793
Клиент 1 завершил 793 суток проживания из 10000

Сутки 794
Клиент 1 завершил 794 суток проживания из 10000

Сутки 795
Клиент 1 завершил 795 суток проживания из 10000

Сутки 796
Клиент 1 завершил 796 суток проживания из 10000

Сутки 797
Клиент 1 завершил 797 суток проживания из 10000

Сутки 798
Клиент 1 завершил 798 суток проживания из 10000

Сутки 799
Клиент 1 завершил 799 суток проживания из 10000

Сутки 800
Клиент 1 завершил 800 суток проживания из 10000

Сутки 801
Клиент 1 завершил 801 суток проживания из 10000

Сутки 802
Клиент 1 завершил 802 суток проживания из 10000

Сутки 803
Клиент 1 завершил 803 суток проживания из 10000

Сутки 804
Клиент 1 завершил 804 суток проживания из 10000

Сутки 805
Клиент 1 завершил 805 суток проживания из 10000

Сутки 806
Клиент 1 завершил 806 суток проживания из 10000

Сутки 807
Клиент 1 завершил 807 суток проживания из 10000

Сутки 808
Клиент 1 завершил 808 суток проживания из 10000

Сутки 809
Клиент 1 завершил 809 суток проживания из 10000

Сутки 810
Клиент 1 завершил 810 суток проживания из 10000

Сутки 811
Клиент 1 завершил 811 суток проживания из 10000

Сутки 812
Клиент 1 завершил 812 суток проживания из 10000

Сутки 813
Клиент 1 завершил 813 суток проживания из 10000

Сутки 814
Клиент 1 завершил 814 суток проживания из 10000

Сутки 815
Клиент 1 завершил 815 суток проживания из 10000

Сутки 816
Клиент 1 завершил 816 суток проживания из 10000

Сутки 817
Клиент 1 завершил 817 суток проживания из 10000

Сутки 818
Клиент 1 завершил 818 суток проживания из 10000

Сутки 819
Клиент 1 завершил 819 суток проживания из 10000

Сутки 820
Клиент 1 завершил 820 суток проживания из 10000

Сутки 821
Клиент 1 завершил 821 суток проживания из 10000

Сутки 822
Клиент 1 завершил 822 суток проживания из 10000

Сутки 823
Клиент 1 завершил 823 суток проживания из 10000

Сутки 824
Клиент 1 завершил 824 суток проживания из 10000

Сутки 825
Клиент 1 завершил 825 суток проживания из 10000

Сутки 826
Клиент 1 завершил 826 суток проживания из 10000

Сутки 827
Клиент 1 завершил 827 суток проживания из 10000

Сутки 828
Клиент 1 завершил 828 суток проживания из 10000

Сутки 829
Клиент 1 завершил 829 суток проживания из 10000

Сутки 830
Клиент 1 завершил 830 суток проживания из 10000

Сутки 831
Клиент 1 завершил 831 суток проживания из 10000

Сутки 832
Клиент 1 завершил 832 суток проживания из 10000

Сутки 833
Клиент 1 завершил 833 суток проживания из 10000

Сутки 834
Клиент 1 завершил 834 суток проживания из 10000

Сутки 835
Клиент 1 завершил 835 суток проживания из 10000

Сутки 836
Клиент 1 завершил 836 суток проживания из 10000

Сутки 837
Клиент 1 завершил 837 суток проживания из 10000

Сутки 838
Клиент 1 завершил 838 суток проживания из 10000

Сутки 839
Клиент 1 завершил 839 суток проживания из 10000

Сутки 840
Клиент 1 завершил 840 суток проживания из 10000

Сутки 841
Клиент 1 завершил 841 суток проживания из 10000

Сутки 842
Клиент 1 завершил 842 суток проживания из 10000

Сутки 843
Клиент 1 завершил 843 суток проживания из 10000

Сутки 844
Клиент 1 завершил 844 суток проживания из 10000

Сутки 845
Клиент 1 завершил 845 суток проживания из 10000

Сутки 846
Клиент 1 завершил 846 суток проживания из 10000

Сутки 847
Клиент 1 завершил 847 суток проживания из 10000

Сутки 848
Клиент 1 завершил 848 суток проживания из 10000

Сутки 849
Клиент 1 завершил 849 суток проживания из 10000

Сутки 850
Клиент 1 завершил 850 суток проживания из 10000

Сутки 851
Клиент 1 завершил 851 суток проживания из 10000

Сутки 852
Клиент 1 завершил 852 суток проживания из 10000

Сутки 853
Клиент 1 завершил 853 суток проживания из 10000

Сутки 854
Клиент 1 завершил 854 суток проживания из 10000

Сутки 855
Клиент 1 завершил 855 суток проживания из 10000

Сутки 856
Клиент 1 завершил 856 суток проживания из 10000

Сутки 857
Клиент 1 завершил 857 суток проживания из 10000

Сутки 858
Клиент 1 завершил 858 суток проживания из 10000

Сутки 859
Клиент 1 завершил 859 суток проживания из 10000

Сутки 860
Клиент 1 завершил 860 суток проживания из 10000

Сутки 861
Клиент 1 завершил 861 суток проживания из 10000

Сутки 862
Клиент 1 завершил 862 суток проживания из 10000

Сутки 863
Клиент 1 завершил 863 суток проживания из 10000

Сутки 864
Клиент 1 завершил 864 суток проживания из 10000

Сутки 865
Клиент 1 завершил 865 суток проживания из 10000

Сутки 866
Клиент 1 завершил 866 суток проживания из 10000

Сутки 867
Клиент 1 завершил 867 суток проживания из 10000

Сутки 868
Клиент 1 завершил 868 суток проживания из 10000

Сутки 869
Клиент 1 завершил 869 суток проживания из 10000

Сутки 870
Клиент 1 завершил 870 суток проживания из 10000

Сутки 871
Клиент 1 завершил 871 суток проживания из 10000

Сутки 872
Клиент 1 завершил 872 суток проживания из 10000

Сутки 873
Клиент 1 завершил 873 суток проживания из 10000

Сутки 874
Клиент 1 завершил 874 суток проживания из 10000

Сутки 875
Клиент 1 завершил 875 суток проживания из 10000

Сутки 876
Клиент 1 завершил 876 суток проживания из 10000

Сутки 877
Клиент 1 завершил 877 суток проживания из 10000

Сутки 878
Клиент 1 завершил 878 суток проживания из 10000

Сутки 879
Клиент 1 завершил 879 суток проживания из 10000

Сутки 880
Клиент 1 завершил 880 суток проживания из 10000

Сутки 881
Клиент 1 завершил 881 суток проживания из 10000

Сутки 882
Клиент 1 завершил 882 суток проживания из 10000

Сутки 883
Клиент 1 завершил 883 суток проживания из 10000

Сутки 884
Клиент 1 завершил 884 суток проживания из 10000

Сутки 885
Клиент 1 завершил 885 суток проживания из 10000

Сутки 886
Клиент 1 завершил 886 суток проживания из 10000

Сутки 887
Клиент 1 завершил 887 суток проживания из 10000

Сутки 888
Клиент 1 завершил 888 суток проживания из 10000

Сутки 889
Клиент 1 завершил 889 суток проживания из 10000

Сутки 890
Клиент 1 завершил 890 суток проживания из 10000

Сутки 891
Клиент 1 завершил 891 суток проживания из 10000

Сутки 892
Клиент 1 завершил 892 суток проживания из 10000

Сутки 893
Клиент 1 завершил 893 суток проживания из 10000

Сутки 894
Клиент 1 завершил 894 суток проживания из 10000

Сутки 895
Клиент 1 завершил 895 суток проживания из 10000

Сутки 896
Клиент 1 завершил 896 суток проживания из 10000

Сутки 897
Клиент 1 завершил 897 суток проживания из 10000

Сутки 898
Клиент 1 завершил 898 суток проживания из 10000

Сутки 899
Клиент 1 завершил 899 суток проживания из 10000

Сутки 900
Клиент 1 завершил 900 суток проживания из 10000

Сутки 901
Клиент 1 завершил 901 суток проживания из 10000

Сутки 902
Клиент 1 завершил 902 суток проживания из 10000

Сутки 903
Клиент 1 завершил 903 суток проживания из 10000

Сутки 904
Клиент 1 завершил 904 суток проживания из 10000

Сутки 905
Клиент 1 завершил 905 суток проживания из 10000

Сутки 906
Клиент 1 завершил 906 суток проживания из 10000

Сутки 907
Клиент 1 завершил 907 суток проживания из 10000

Сутки 908
Клиент 1 завершил 908 суток проживания из 10000

Сутки 909
Клиент 1 завершил 909 суток проживания из 10000

Сутки 910
Клиент 1 завершил 910 суток проживания из 10000

Сутки 911
Клиент 1 завершил 911 суток проживания из 10000

Сутки 912
Клиент 1 завершил 912 суток проживания из 10000

Сутки 913
Клиент 1 завершил 913 суток проживания из 10000

Сутки 914
Клиент 1 завершил 914 суток проживания из 10000

Сутки 915
Клиент 1 завершил 915 суток проживания из 10000

Сутки 916
Клиент 1 завершил 916 суток проживания из 10000

Сутки 917
Клиент 1 завершил 917 суток проживания из 10000

Сутки 918
Клиент 1 завершил 918 суток проживания из 10000

Сутки 919
Клиент 1 завершил 919 суток проживания из 10000

Сутки 920
Клиент 1 завершил 920 суток проживания из 10000

Сутки 921
Клиент 1 завершил 921 суток проживания из 10000

Сутки 922
Клиент 1 завершил 922 суток проживания из 10000

Сутки 923
Клиент 1 завершил 923 суток проживания из 10000

Сутки 924
Клиент 1 завершил 924 суток проживания из 10000

Сутки 925
Клиент 1 завершил 925 суток проживания из 10000

Сутки 926
Клиент 1 завершил 926 суток проживания из 10000

Сутки 927
Клиент 1 завершил 927 суток проживания из 10000

Сутки 928
Клиент 1 завершил 928 суток проживания из 10000

Сутки 929
Клиент 1 завершил 929 суток проживания из 10000

Сутки 930
Клиент 1 завершил 930 суток проживания из 10000

Сутки 931
Клиент 1 завершил 931 суток проживания из 10000

Сутки 932
Клиент 1 завершил 932 суток проживания из 10000

Сутки 933
Клиент 1 завершил 933 суток проживания из 10000

Сутки 934
Клиент 1 завершил 934 суток проживания из 10000

Сутки 935
Клиент 1 завершил 935 суток проживания из 10000

Сутки 936
Клиент 1 завершил 936 суток проживания из 10000

Сутки 937
Клиент 1 завершил 937 суток проживания из 10000

Сутки 938
Клиент 1 завершил 938 суток проживания из 10000

Сутки 939
Клиент 1 завершил 939 суток проживания из 10000

Сутки 940
Клиент 1 завершил 940 суток проживания из 10000

Сутки 941
Клиент 1 завершил 941 суток проживания из 10000

Сутки 942
Клиент 1 завершил 942 суток проживания из 10000

Сутки 943
Клиент 1 завершил 943 суток проживания из 10000

Сутки 944
Клиент 1 завершил 944 суток проживания из 10000

Сутки 945
Клиент 1 завершил 945 суток проживания из 10000

Сутки 946
Клиент 1 завершил 946 суток проживания из 10000

Сутки 947
Клиент 1 завершил 947 суток проживания из 10000

Сутки 948
Клиент 1 завершил 948 суток проживания из 10000

Сутки 949
Клиент 1 завершил 949 суток проживания из 10000

Сутки 950
Клиент 1 завершил 950 суток проживания из 10000

Сутки 951
Клиент 1 завершил 951 суток проживания из 10000

Сутки 952
Клиент 1 завершил 952 суток проживания из 10000

Сутки 953
Клиент 1 завершил 953 суток проживания из 10000

Сутки 954
Клиент 1 завершил 954 суток проживания из 10000

Сутки 955
Клиент 1 завершил 955 суток проживания из 10000

Сутки 956
Клиент 1 завершил 956 суток проживания из 10000

Сутки 957
Клиент 1 завершил 957 суток проживания из 10000

Сутки 958
Клиент 1 завершил 958 суток проживания из 10000

Сутки 959
Клиент 1 завершил 959 суток проживания из 10000

Сутки 960
Клиент 1 завершил 960 суток проживания из 10000

Сутки 961
Клиент 1 завершил 961 суток проживания из 10000

Сутки 962
Клиент 1 завершил 962 суток проживания из 10000

Сутки 963
Клиент 1 завершил 963 суток проживания из 10000

Сутки 964
Клиент 1 завершил 964 суток проживания из 10000

Сутки 965
Клиент 1 завершил 965 суток проживания из 10000

Сутки 966
Клиент 1 завершил 966 суток проживания из 10000

Сутки 967
Клиент 1 завершил 967 суток проживания из 10000

Сутки 968
Клиент 1 завершил 968 суток проживания из 10000

Сутки 969
Клиент 1 завершил 969 суток проживания из 10000

Сутки 970
Клиент 1 завершил 970 суток проживания из 10000

Сутки 971
Клиент 1 завершил 971 суток проживания из 10000

Сутки 972
Клиент 1 завершил 972 суток проживания из 10000

Сутки 973
Клиент 1 завершил 973 суток проживания из 10000

Сутки 974
Клиент 1 завершил 974 суток проживания из 10000

Сутки 975
Клиент 1 завершил 975 суток проживания из 10000

Сутки 976
Клиент 1 завершил 976 суток проживания из 10000

Сутки 977
Клиент 1 завершил 977 суток проживания из 10000

Сутки 978
Клиент 1 завершил 978 суток проживания из 10000

Сутки 979
Клиент 1 завершил 979 суток проживания из 10000

Сутки 980
Клиент 1 завершил 980 суток проживания из 10000

Сутки 981
Клиент 1 завершил 981 суток проживания из 10000

Сутки 982
Клиент 1 завершил 982 суток проживания из 10000

Сутки 983
Клиент 1 завершил 983 суток проживания из 10000

Сутки 984
Клиент 1 завершил 984 суток проживания из 10000

Сутки 985
Клиент 1 завершил 985 суток проживания из 10000

Сутки 986
Клиент 1 завершил 986 суток проживания из 10000

Сутки 987
Клиент 1 завершил 987 суток проживания из 10000

Сутки 988
Клиент 1 завершил 988 суток проживания из 10000

Сутки 989
Клиент 1 завершил 989 суток проживания из 10000

Сутки 990
Клиент 1 завершил 990 суток проживания из 10000

Сутки 991
Клиент 1 завершил 991 суток проживания из 10000

Сутки 992
Клиент 1 завершил 992 суток проживания из 10000

Сутки 993
Клиент 1 завершил 993 суток проживания из 10000

Сутки 994
Клиент 1 завершил 994 суток проживания из 10000

Сутки 995
Клиент 1 завершил 995 суток проживания из 10000

Сутки 996
Клиент 1 завершил 996 суток проживания из 10000

Сутки 997
Клиент 1 завершил 997 суток проживания из 10000

Сутки 998
Клиент 1 завершил 998 суток проживания из 10000

Сутки 999
Клиент 1 завершил 999 суток проживания из 10000

Сутки 1000
Клиент 1 завершил 1000 суток проживания из 10000

Сутки 1001
Клиент 1 завершил 1001 суток проживания из 10000

Сутки 1002
Клиент 1 завершил 1002 суток проживания из 10000

Сутки 1003
Клиент 1 завершил 1003 суток проживания из 10000

Сутки 1004
Клиент 1 завершил 1004 суток проживания из 10000

Сутки 1005
Клиент 1 завершил 1005 суток проживания из 10000

Сутки 1006
Клиент 1 завершил 1006 суток проживания из 10000

Сутки 1007
Клиент 1 завершил 1007 суток проживания из 10000

Сутки 1008
Клиент 1 завершил 1008 суток проживания из 10000

Сутки 1009
Клиент 1 завершил 1009 суток проживания из 10000

Сутки 1010
Клиент 1 завершил 1010 суток проживания из 10000

Сутки 1011
Клиент 1 завершил 1011 суток проживания из 10000

Сутки 1012
Клиент 1 завершил 1012 суток проживания из 10000

Сутки 1013
Клиент 1 завершил 1013 суток проживания из 10000

Сутки 1014
Клиент 1 завершил 1014 суток проживания из 10000

Сутки 1015
Клиент 1 завершил 1015 суток проживания из 10000

Сутки 1016
Клиент 1 завершил 1016 суток проживания из 10000

Сутки 1017
Клиент 1 завершил 1017 суток проживания из 10000

Сутки 1018
Клиент 1 завершил 1018 суток проживания из 10000

Сутки 1019
Клиент 1 завершил 1019 суток проживания из 10000

Сутки 1020
Клиент 1 завершил 1020 суток проживания из 10000

Сутки 1021
Клиент 1 завершил 1021 суток проживания из 10000

Сутки 1022
Клиент 1 завершил 1022 суток проживания из 10000

Сутки 1023
Клиент 1 завершил 1023 суток проживания из 10000

Сутки 1024
Клиент 1 завершил 1024 суток проживания из 10000

Сутки 1025
Клиент 1 завершил 1025 суток проживания из 10000

Сутки 1026
Клиент 1 завершил 1026 суток проживания из 10000

Сутки 1027
Клиент 1 завершил 1027 суток проживания из 10000

Сутки 1028
Клиент 1 завершил 1028 суток проживания из 10000

Сутки 1029
Клиент 1 завершил 1029 суток проживания из 10000

Сутки 1030
Клиент 1 завершил 1030 суток проживания из 10000

Сутки 1031
Клиент 1 завершил 1031 суток проживания из 10000

Сутки 1032
Клиент 1 завершил 1032 суток проживания из 10000

Сутки 1033
Клиент 1 завершил 1033 суток проживания из 10000

Сутки 1034
Клиент 1 завершил 1034 суток проживания из 10000

Сутки 1035
Клиент 1 завершил 1035 суток проживания из 10000

Сутки 1036
Клиент 1 завершил 1036 суток проживания из 10000

Сутки 1037
Клиент 1 завершил 1037 суток проживания из 10000

Сутки 1038
Клиент 1 завершил 1038 суток проживания из 10000

Сутки 1039
Клиент 1 завершил 1039 суток проживания из 10000

Сутки 1040
Клиент 1 завершил 1040 суток проживания из 10000

Сутки 1041
Клиент 1 завершил 1041 суток проживания из 10000

Сутки 1042
Клиент 1 завершил 1042 суток проживания из 10000

Сутки 1043
Клиент 1 завершил 1043 суток проживания из 10000

Сутки 1044
Клиент 1 завершил 1044 суток проживания из 10000

Сутки 1045
Клиент 1 завершил 1045 суток проживания из 10000

Сутки 1046
Клиент 1 завершил 1046 суток проживания из 10000

Сутки 1047
Клиент 1 завершил 1047 суток проживания из 10000

Сутки 1048
Клиент 1 завершил 1048 суток проживания из 10000

Сутки 1049
Клиент 1 завершил 1049 суток проживания из 10000

Сутки 1050
Клиент 1 завершил 1050 суток проживания из 10000

Сутки 1051
Клиент 1 завершил 1051 суток проживания из 10000

Сутки 1052
Клиент 1 завершил 1052 суток проживания из 10000

Сутки 1053
Клиент 1 завершил 1053 суток проживания из 10000

Сутки 1054
Клиент 1 завершил 1054 суток проживания из 10000

Сутки 1055
Клиент 1 завершил 1055 суток проживания из 10000

Сутки 1056
Клиент 1 завершил 1056 суток проживания из 10000

Сутки 1057
Клиент 1 завершил 1057 суток проживания из 10000

Сутки 1058
Клиент 1 завершил 1058 суток проживания из 10000

Сутки 1059
Клиент 1 завершил 1059 суток проживания из 10000

Сутки 1060
Клиент 1 завершил 1060 суток проживания из 10000

Сутки 1061
Клиент 1 завершил 1061 суток проживания из 10000

Сутки 1062
Клиент 1 завершил 1062 суток проживания из 10000

Сутки 1063
Клиент 1 завершил 1063 суток проживания из 10000

Сутки 1064
Клиент 1 завершил 1064 суток проживания из 10000

Сутки 1065
Клиент 1 завершил 1065 суток проживания из 10000

Сутки 1066
Клиент 1 завершил 1066 суток проживания из 10000

Сутки 1067
Клиент 1 завершил 1067 суток проживания из 10000

Сутки 1068
Клиент 1 завершил 1068 суток проживания из 10000

Сутки 1069
Клиент 1 завершил 1069 суток проживания из 10000

Сутки 1070
Клиент 1 завершил 1070 суток проживания из 10000

Сутки 1071
Клиент 1 завершил 1071 суток проживания из 10000

Сутки 1072
Клиент 1 завершил 1072 суток проживания из 10000

Сутки 1073
Клиент 1 завершил 1073 суток проживания из 10000

Сутки 1074
Клиент 1 завершил 1074 суток проживания из 10000

Сутки 1075
Клиент 1 завершил 1075 суток проживания из 10000

Сутки 1076
Клиент 1 завершил 1076 суток проживания из 10000

Сутки 1077
Клиент 1 завершил 1077 суток проживания из 10000

Сутки 1078
Клиент 1 завершил 1078 суток проживания из 10000

Сутки 1079
Клиент 1 завершил 1079 суток проживания из 10000

Сутки 1080
Клиент 1 завершил 1080 суток проживания из 10000

Сутки 1081
Клиент 1 завершил 1081 суток проживания из 10000

Сутки 1082
Клиент 1 завершил 1082 суток проживания из 10000

Сутки 1083
Клиент 1 завершил 1083 суток проживания из 10000

Сутки 1084
Клиент 1 завершил 1084 суток проживания из 10000

Сутки 1085
Клиент 1 завершил 1085 суток проживания из 10000

Сутки 1086
Клиент 1 завершил 1086 суток проживания из 10000

Сутки 1087
Клиент 1 завершил 1087 суток проживания из 10000

Сутки 1088
Клиент 1 завершил 1088 суток проживания из 10000

Сутки 1089
Клиент 1 завершил 1089 суток проживания из 10000

Сутки 1090
Клиент 1 завершил 1090 суток проживания из 10000

Сутки 1091
Клиент 1 завершил 1091 суток проживания из 10000

Сутки 1092
Клиент 1 завершил 1092 суток проживания из 10000

Сутки 1093
Клиент 1 завершил 1093 суток проживания из 10000

Сутки 1094
Клиент 1 завершил 1094 суток проживания из 10000

Сутки 1095
Клиент 1 завершил 1095 суток проживания из 10000

Сутки 1096
Клиент 1 завершил 1096 суток проживания из 10000

Сутки 1097
Клиент 1 завершил 1097 суток проживания из 10000

Сутки 1098
Клиент 1 завершил 1098 суток проживания из 10000

Сутки 1099
Клиент 1 завершил 1099 суток проживания из 10000

Сутки 1100
Клиент 1 завершил 1100 суток проживания из 10000

Сутки 1101
Клиент 1 завершил 1101 суток проживания из 10000

Сутки 1102
Клиент 1 завершил 1102 суток проживания из 10000

Сутки 1103
Клиент 1 завершил 1103 суток проживания из 10000

Сутки 1104
Клиент 1 завершил 1104 суток проживания из 10000

Сутки 1105
Клиент 1 завершил 1105 суток проживания из 10000

Сутки 1106
Клиент 1 завершил 1106 суток проживания из 10000

Сутки 1107
Клиент 1 завершил 1107 суток проживания из 10000

Сутки 1108
Клиент 1 завершил 1108 суток проживания из 10000

Сутки 1109
Клиент 1 завершил 1109 суток проживания из 10000

Сутки 1110
Клиент 1 завершил 1110 суток проживания из 10000

Сутки 1111
Клиент 1 завершил 1111 суток проживания из 10000

Сутки 1112
Клиент 1 завершил 1112 суток проживания из 10000

Сутки 1113
Клиент 1 завершил 1113 суток проживания из 10000

Сутки 1114
Клиент 1 завершил 1114 суток проживания из 10000

Сутки 1115
Клиент 1 завершил 1115 суток проживания из 10000

Сутки 1116
Клиент 1 завершил 1116 суток проживания из 10000

Сутки 1117
Клиент 1 завершил 1117 суток проживания из 10000

Сутки 1118
Клиент 1 завершил 1118 суток проживания из 10000

Сутки 1119
Клиент 1 завершил 1119 суток проживания из 10000

Сутки 1120
Клиент 1 завершил 1120 суток проживания из 10000

Сутки 1121
Клиент 1 завершил 1121 суток проживания из 10000

Сутки 1122
Клиент 1 завершил 1122 суток проживания из 10000

Сутки 1123
Клиент 1 завершил 1123 суток проживания из 10000

Сутки 1124
Клиент 1 завершил 1124 суток проживания из 10000

Сутки 1125
Клиент 1 завершил 1125 суток проживания из 10000

Сутки 1126
Клиент 1 завершил 1126 суток проживания из 10000

Сутки 1127
Клиент 1 завершил 1127 суток проживания из 10000

Сутки 1128
Клиент 1 завершил 1128 суток проживания из 10000

Сутки 1129
Клиент 1 завершил 1129 суток проживания из 10000

Сутки 1130
Клиент 1 завершил 1130 суток проживания из 10000

Сутки 1131
Клиент 1 завершил 1131 суток проживания из 10000

Сутки 1132
Клиент 1 завершил 1132 суток проживания из 10000

Сутки 1133
Клиент 1 завершил 1133 суток проживания из 10000

Сутки 1134
Клиент 1 завершил 1134 суток проживания из 10000

Сутки 1135
Клиент 1 завершил 1135 суток проживания из 10000

Сутки 1136
Клиент 1 завершил 1136 суток проживания из 10000

Сутки 1137
Клиент 1 завершил 1137 суток проживания из 10000

Сутки 1138
Клиент 1 завершил 1138 суток проживания из 10000

Сутки 1139
Клиент 1 завершил 1139 суток проживания из 10000

Сутки 1140
Клиент 1 завершил 1140 суток проживания из 10000

Сутки 1141
Клиент 1 завершил 1141 суток проживания из 10000

Сутки 1142
Клиент 1 завершил 1142 суток проживания из 10000

Сутки 1143
Клиент 1 завершил 1143 суток проживания из 10000

Сутки 1144
Клиент 1 завершил 1144 суток проживания из 10000

Сутки 1145
Клиент 1 завершил 1145 суток проживания из 10000

Сутки 1146
Клиент 1 завершил 1146 суток проживания из 10000

Сутки 1147
Клиент 1 завершил 1147 суток проживания из 10000

Сутки 1148
Клиент 1 завершил 1148 суток проживания из 10000

Сутки 1149
Клиент 1 завершил 1149 суток проживания из 10000

Сутки 1150
Клиент 1 завершил 1150 суток проживания из 10000

Сутки 1151
Клиент 1 завершил 1151 суток проживания из 10000

Сутки 1152
Клиент 1 завершил 1152 суток проживания из 10000

Сутки 1153
Клиент 1 завершил 1153 суток проживания из 10000

Сутки 1154
Клиент 1 завершил 1154 суток проживания из 10000

Сутки 1155
Клиент 1 завершил 1155 суток проживания из 10000

Сутки 1156
Клиент 1 завершил 1156 суток проживания из 10000

Сутки 1157
Клиент 1 завершил 1157 суток проживания из 10000

Сутки 1158
Клиент 1 завершил 1158 суток проживания из 10000

Сутки 1159
Клиент 1 завершил 1159 суток проживания из 10000

Сутки 1160
Клиент 1 завершил 1160 суток проживания из 10000

Сутки 1161
Клиент 1 завершил 1161 суток проживания из 10000

Сутки 1162
Клиент 1 завершил 1162 суток проживания из 10000

Сутки 1163
Клиент 1 завершил 1163 суток проживания из 10000

Сутки 1164
Клиент 1 завершил 1164 суток проживания из 10000

Сутки 1165
Клиент 1 завершил 1165 суток проживания из 10000

Сутки 1166
Клиент 1 завершил 1166 суток проживания из 10000

Сутки 1167
Клиент 1 завершил 1167 суток проживания из 10000

Сутки 1168
Клиент 1 завершил 1168 суток проживания из 10000

Сутки 1169
Клиент 1 завершил 1169 суток проживания из 10000

Сутки 1170
Клиент 1 завершил 1170 суток проживания из 10000

Сутки 1171
Клиент 1 завершил 1171 суток проживания из 10000

Сутки 1172
Клиент 1 завершил 1172 суток проживания из 10000

Сутки 1173
Клиент 1 завершил 1173 суток проживания из 10000

Сутки 1174
Клиент 1 завершил 1174 суток проживания из 10000

Сутки 1175
Клиент 1 завершил 1175 суток проживания из 10000

Сутки 1176
Клиент 1 завершил 1176 суток проживания из 10000

Сутки 1177
Клиент 1 завершил 1177 суток проживания из 10000

Сутки 1178
Клиент 1 завершил 1178 суток проживания из 10000

Сутки 1179
Клиент 1 завершил 1179 суток проживания из 10000

Сутки 1180
Клиент 1 завершил 1180 суток проживания из 10000

Сутки 1181
Клиент 1 завершил 1181 суток проживания из 10000

Сутки 1182
Клиент 1 завершил 1182 суток проживания из 10000

Сутки 1183
Клиент 1 завершил 1183 суток проживания из 10000

Сутки 1184
Клиент 1 завершил 1184 суток проживания из 10000

Сутки 1185
Клиент 1 завершил 1185 суток проживания из 10000

Сутки 1186
Клиент 1 завершил 1186 суток проживания из 10000

Сутки 1187
Клиент 1 завершил 1187 суток проживания из 10000

Сутки 1188
Клиент 1 завершил 1188 суток проживания из 10000

Сутки 1189
Клиент 1 завершил 1189 суток проживания из 10000

Сутки 1190
Клиент 1 завершил 1190 суток проживания из 10000

Сутки 1191
Клиент 1 завершил 1191 суток проживания из 10000

Сутки 1192
Клиент 1 завершил 1192 суток проживания из 10000

Сутки 1193
Клиент 1 завершил 1193 суток проживания из 10000

Сутки 1194
Клиент 1 завершил 1194 суток проживания из 10000

Сутки 1195
Клиент 1 завершил 1195 суток проживания из 10000

Сутки 1196
Клиент 1 завершил 1196 суток проживания из 10000

Сутки 1197
Клиент 1 завершил 1197 суток проживания из 10000

Сутки 1198
Клиент 1 завершил 1198 суток проживания из 10000

Сутки 1199
Клиент 1 завершил 1199 суток проживания из 10000

Сутки 1200
Клиент 1 завершил 1200 суток проживания из 10000

Сутки 1201
Клиент 1 завершил 1201 суток проживания из 10000

Сутки 1202
Клиент 1 завершил 1202 суток проживания из 10000

Сутки 1203
Клиент 1 завершил 1203 суток проживания из 10000

Сутки 1204
Клиент 1 завершил 1204 суток проживания из 10000

Сутки 1205
Клиент 1 завершил 1205 суток проживания из 10000

Сутки 1206
Клиент 1 завершил 1206 суток проживания из 10000

Сутки 1207
Клиент 1 завершил 1207 суток проживания из 10000

Сутки 1208
Клиент 1 завершил 1208 суток проживания из 10000

Сутки 1209
Клиент 1 завершил 1209 суток проживания из 10000

Сутки 1210
Клиент 1 завершил 1210 суток проживания из 10000

Сутки 1211
Клиент 1 завершил 1211 суток проживания из 10000

Сутки 1212
Клиент 1 завершил 1212 суток проживания из 10000

Сутки 1213
Клиент 1 завершил 1213 суток проживания из 10000

Сутки 1214
Клиент 1 завершил 1214 суток проживания из 10000

Сутки 1215
Клиент 1 завершил 1215 суток проживания из 10000

Сутки 1216
Клиент 1 завершил 1216 суток проживания из 10000

Сутки 1217
Клиент 1 завершил 1217 суток проживания из 10000

Сутки 1218
Клиент 1 завершил 1218 суток проживания из 10000

Сутки 1219
Клиент 1 завершил 1219 суток проживания из 10000

Сутки 1220
Клиент 1 завершил 1220 суток проживания из 10000

Сутки 1221
Клиент 1 завершил 1221 суток проживания из 10000

Сутки 1222
Клиент 1 завершил 1222 суток проживания из 10000

Сутки 1223
Клиент 1 завершил 1223 суток проживания из 10000

Сутки 1224
Клиент 1 завершил 1224 суток проживания из 10000

Сутки 1225
Клиент 1 завершил 1225 суток проживания из 10000

Сутки 1226
Клиент 1 завершил 1226 суток проживания из 10000

Сутки 1227
Клиент 1 завершил 1227 суток проживания из 10000

Сутки 1228
Клиент 1 завершил 1228 суток проживания из 10000

Сутки 1229
Клиент 1 завершил 1229 суток проживания из 10000

Сутки 1230
Клиент 1 завершил 1230 суток проживания из 10000

Сутки 1231
Клиент 1 завершил 1231 суток проживания из 10000

Сутки 1232
Клиент 1 завершил 1232 суток проживания из 10000

Сутки 1233
Клиент 1 завершил 1233 суток проживания из 10000

Сутки 1234
Клиент 1 завершил 1234 суток проживания из 10000

Сутки 1235
Клиент 1 завершил 1235 суток проживания из 10000

Сутки 1236
Клиент 1 завершил 1236 суток проживания из 10000

Сутки 1237
Клиент 1 завершил 1237 суток проживания из 10000

Сутки 1238
Клиент 1 завершил 1238 суток проживания из 10000

Сутки 1239
Клиент 1 завершил 1239 суток проживания из 10000

Сутки 1240
Клиент 1 завершил 1240 суток проживания из 10000

Сутки 1241
Клиент 1 завершил 1241 суток проживания из 10000

Сутки 1242
Клиент 1 завершил 1242 суток проживания из 10000

Сутки 1243
Клиент 1 завершил 1243 суток проживания из 10000

Сутки 1244
Клиент 1 завершил 1244 суток проживания из 10000

Сутки 1245
Клиент 1 завершил 1245 суток проживания из 10000

Сутки 1246
Клиент 1 завершил 1246 суток проживания из 10000

Сутки 1247
Клиент 1 завершил 1247 суток проживания из 10000

Сутки 1248
Клиент 1 завершил 1248 суток проживания из 10000

Сутки 1249
Клиент 1 завершил 1249 суток проживания из 10000

Сутки 1250
Клиент 1 завершил 1250 суток проживания из 10000

Сутки 1251
Клиент 1 завершил 1251 суток проживания из 10000

Сутки 1252
Клиент 1 завершил 1252 суток проживания из 10000

Сутки 1253
Клиент 1 завершил 1253 суток проживания из 10000

Сутки 1254
Клиент 1 завершил 1254 суток проживания из 10000

Сутки 1255
Клиент 1 завершил 1255 суток проживания из 10000

Сутки 1256
Клиент 1 завершил 1256 суток проживания из 10000

Сутки 1257
Клиент 1 завершил 1257 суток проживания из 10000

Сутки 1258
Клиент 1 завершил 1258 суток проживания из 10000

Сутки 1259
Клиент 1 завершил 1259 суток проживания из 10000

Сутки 1260
Клиент 1 завершил 1260 суток проживания из 10000

Сутки 1261
Клиент 1 завершил 1261 суток проживания из 10000

Сутки 1262
Клиент 1 завершил 1262 суток проживания из 10000

Сутки 1263
Клиент 1 завершил 1263 суток проживания из 10000

Сутки 1264
Клиент 1 завершил 1264 суток проживания из 10000

Сутки 1265
Клиент 1 завершил 1265 суток проживания из 10000

Сутки 1266
Клиент 1 завершил 1266 суток проживания из 10000

Сутки 1267
Клиент 1 завершил 1267 суток проживания из 10000

Сутки 1268
Клиент 1 завершил 1268 суток проживания из 10000

Сутки 1269
Клиент 1 завершил 1269 суток проживания из 10000

Сутки 1270
Клиент 1 завершил 1270 суток проживания из 10000

Сутки 1271
Клиент 1 завершил 1271 суток проживания из 10000

Сутки 1272
Клиент 1 завершил 1272 суток проживания из 10000

Сутки 1273
Клиент 1 завершил 1273 суток проживания из 10000

Сутки 1274
Клиент 1 завершил 1274 суток проживания из 10000

Сутки 1275
Клиент 1 завершил 1275 суток проживания из 10000

Сутки 1276
Клиент 1 завершил 1276 суток проживания из 10000

Сутки 1277
Клиент 1 завершил 1277 суток проживания из 10000

Сутки 1278
Клиент 1 завершил 1278 суток проживания из 10000

Сутки 1279
Клиент 1 завершил 1279 суток проживания из 10000

Сутки 1280
Клиент 1 завершил 1280 суток проживания из 10000

Сутки 1281
Клиент 1 завершил 1281 суток проживания из 10000

Сутки 1282
Клиент 1 завершил 1282 суток проживания из 10000

Сутки 1283
Клиент 1 завершил 1283 суток проживания из 10000

Сутки 1284
Клиент 1 завершил 1284 суток проживания из 10000

Сутки 1285
Клиент 1 завершил 1285 суток проживания из 10000

Сутки 1286
Клиент 1 завершил 1286 суток проживания из 10000

Сутки 1287
Клиент 1 завершил 1287 суток проживания из 10000

Сутки 1288
Клиент 1 завершил 1288 суток проживания из 10000

Сутки 1289
Клиент 1 завершил 1289 суток проживания из 10000

Сутки 1290
Клиент 1 завершил 1290 суток проживания из 10000

Сутки 1291
Клиент 1 завершил 1291 суток проживания из 10000

Сутки 1292
Клиент 1 завершил 1292 суток проживания из 10000

Сутки 1293
Клиент 1 завершил 1293 суток проживания из 10000

Сутки 1294
Клиент 1 завершил 1294 суток проживания из 10000

Сутки 1295
Клиент 1 завершил 1295 суток проживания из 10000

Сутки 1296
Клиент 1 завершил 1296 суток проживания из 10000

Сутки 1297
Клиент 1 завершил 1297 суток проживания из 10000

Сутки 1298
Клиент 1 завершил 1298 суток проживания из 10000

Сутки 1299
Клиент 1 завершил 1299 суток проживания из 10000

Сутки 1300
Клиент 1 завершил 1300 суток проживания из 10000

Сутки 1301
Клиент 1 завершил 1301 суток проживания из 10000

Сутки 1302
Клиент 1 завершил 1302 суток проживания из 10000

Сутки 1303
Клиент 1 завершил 1303 суток проживания из 10000

Сутки 1304
Клиент 1 завершил 1304 суток проживания из 10000

Сутки 1305
Клиент 1 завершил 1305 суток проживания из 10000

Сутки 1306
Клиент 1 завершил 1306 суток проживания из 10000

Сутки 1307
Клиент 1 завершил 1307 суток проживания из 10000

Сутки 1308
Клиент 1 завершил 1308 суток проживания из 10000

Сутки 1309
Клиент 1 завершил 1309 суток проживания из 10000

Сутки 1310
Клиент 1 завершил 1310 суток проживания из 10000

Сутки 1311
Клиент 1 завершил 1311 суток проживания из 10000

Сутки 1312
Клиент 1 завершил 1312 суток проживания из 10000

Сутки 1313
Клиент 1 завершил 1313 суток проживания из 10000

Сутки 1314
Клиент 1 завершил 1314 суток проживания из 10000

Сутки 1315
Клиент 1 завершил 1315 суток проживания из 10000

Сутки 1316
Клиент 1 завершил 1316 суток проживания из 10000

Сутки 1317
Клиент 1 завершил 1317 суток проживания из 10000

Сутки 1318
Клиент 1 завершил 1318 суток проживания из 10000

Сутки 1319
Клиент 1 завершил 1319 суток проживания из 10000

Сутки 1320
Клиент 1 завершил 1320 суток проживания из 10000

Сутки 1321
Клиент 1 завершил 1321 суток проживания из 10000

Сутки 1322
Клиент 1 завершил 1322 суток проживания из 10000

Сутки 1323
Клиент 1 завершил 1323 суток проживания из 10000

Сутки 1324
Клиент 1 завершил 1324 суток проживания из 10000

Сутки 1325
Клиент 1 завершил 1325 суток проживания из 10000

Сутки 1326
Клиент 1 завершил 1326 суток проживания из 10000

Сутки 1327
Клиент 1 завершил 1327 суток проживания из 10000

Сутки 1328
Клиент 1 завершил 1328 суток проживания из 10000

Сутки 1329
Клиент 1 завершил 1329 суток проживания из 10000

Сутки 1330
Клиент 1 завершил 1330 суток проживания из 10000

Сутки 1331
Клиент 1 завершил 1331 суток проживания из 10000

Сутки 1332
Клиент 1 завершил 1332 суток проживания из 10000

Сутки 1333
Клиент 1 завершил 1333 суток проживания из 10000

Сутки 1334
Клиент 1 завершил 1334 суток проживания из 10000

Сутки 1335
Клиент 1 завершил 1335 суток проживания из 10000

Сутки 1336
Клиент 1 завершил 1336 суток проживания из 10000

Сутки 1337
Клиент 1 завершил 1337 суток проживания из 10000

Сутки 1338
Клиент 1 завершил 1338 суток проживания из 10000

Сутки 1339
Клиент 1 завершил 1339 суток проживания из 10000

Сутки 1340
Клиент 1 завершил 1340 суток проживания из 10000

Сутки 1341
Клиент 1 завершил 1341 суток проживания из 10000

Сутки 1342
Клиент 1 завершил 1342 суток проживания из 10000

Сутки 1343
Клиент 1 завершил 1343 суток проживания из 10000

Сутки 1344
Клиент 1 завершил 1344 суток проживания из 10000

Сутки 1345
Клиент 1 завершил 1345 суток проживания из 10000

Сутки 1346
Клиент 1 завершил 1346 суток проживания из 10000

Сутки 1347
Клиент 1 завершил 1347 суток проживания из 10000

Сутки 1348
Клиент 1 завершил 1348 суток проживания из 10000

Сутки 1349
Клиент 1 завершил 1349 суток проживания из 10000

Сутки 1350
Клиент 1 завершил 1350 суток проживания из 10000

Сутки 1351
Клиент 1 завершил 1351 суток проживания из 10000

Сутки 1352
Клиент 1 завершил 1352 суток проживания из 10000

Сутки 1353
Клиент 1 завершил 1353 суток проживания из 10000

Сутки 1354
Клиент 1 завершил 1354 суток проживания из 10000

Сутки 1355
Клиент 1 завершил 1355 суток проживания из 10000

Сутки 1356
Клиент 1 завершил 1356 суток проживания из 10000

Сутки 1357
Клиент 1 завершил 1357 суток проживания из 10000

Сутки 1358
Клиент 1 завершил 1358 суток проживания из 10000

Сутки 1359
Клиент 1 завершил 1359 суток проживания из 10000

Сутки 1360
Клиент 1 завершил 1360 суток проживания из 10000

Сутки 1361
Клиент 1 завершил 1361 суток проживания из 10000

Сутки 1362
Клиент 1 завершил 1362 суток проживания из 10000

Сутки 1363
Клиент 1 завершил 1363 суток проживания из 10000

Сутки 1364
Клиент 1 завершил 1364 суток проживания из 10000

Сутки 1365
Клиент 1 завершил 1365 суток проживания из 10000

Сутки 1366
Клиент 1 завершил 1366 суток проживания из 10000

Сутки 1367
Клиент 1 завершил 1367 суток проживания из 10000

Сутки 1368
Клиент 1 завершил 1368 суток проживания из 10000

Сутки 1369
Клиент 1 завершил 1369 суток проживания из 10000

Сутки 1370
Клиент 1 завершил 1370 суток проживания из 10000

Сутки 1371
Клиент 1 завершил 1371 суток проживания из 10000

Сутки 1372
Клиент 1 завершил 1372 суток проживания из 10000

Сутки 1373
Клиент 1 завершил 1373 суток проживания из 10000

Сутки 1374
Клиент 1 завершил 1374 суток проживания из 10000

Сутки 1375
Клиент 1 завершил 1375 суток проживания из 10000

Сутки 1376
Клиент 1 завершил 1376 суток проживания из 10000

Сутки 1377
Клиент 1 завершил 1377 суток проживания из 10000

Сутки 1378
Клиент 1 завершил 1378 суток проживания из 10000

Сутки 1379
Клиент 1 завершил 1379 суток проживания из 10000

Сутки 1380
Клиент 1 завершил 1380 суток проживания из 10000

Сутки 1381
Клиент 1 завершил 1381 суток проживания из 10000

Сутки 1382
Клиент 1 завершил 1382 суток проживания из 10000

Сутки 1383
Клиент 1 завершил 1383 суток проживания из 10000

Сутки 1384
Клиент 1 завершил 1384 суток проживания из 10000

Сутки 1385
Клиент 1 завершил 1385 суток проживания из 10000

Сутки 1386
Клиент 1 завершил 1386 суток проживания из 10000

Сутки 1387
Клиент 1 завершил 1387 суток проживания из 10000

Сутки 1388
Клиент 1 завершил 1388 суток проживания из 10000

Сутки 1389
Клиент 1 завершил 1389 суток проживания из 10000

Сутки 1390
Клиент 1 завершил 1390 суток проживания из 10000

Сутки 1391
Клиент 1 завершил 1391 суток проживания из 10000

Сутки 1392
Клиент 1 завершил 1392 суток проживания из 10000

Сутки 1393
Клиент 1 завершил 1393 суток проживания из 10000

Сутки 1394
Клиент 1 завершил 1394 суток проживания из 10000

Сутки 1395
Клиент 1 завершил 1395 суток проживания из 10000

Сутки 1396
Клиент 1 завершил 1396 суток проживания из 10000

Сутки 1397
Клиент 1 завершил 1397 суток проживания из 10000

Сутки 1398
Клиент 1 завершил 1398 суток проживания из 10000

Сутки 1399
Клиент 1 завершил 1399 суток проживания из 10000

Сутки 1400
Клиент 1 завершил 1400 суток проживания из 10000

Сутки 1401
Клиент 1 завершил 1401 суток проживания из 10000

Сутки 1402
Клиент 1 завершил 1402 суток проживания из 10000

Сутки 1403
Клиент 1 завершил 1403 суток проживания из 10000

Сутки 1404
Клиент 1 завершил 1404 суток проживания из 10000

Сутки 1405
Клиент 1 завершил 1405 суток проживания из 10000

Сутки 1406
Клиент 1 завершил 1406 суток проживания из 10000

Сутки 1407
Клиент 1 завершил 1407 суток проживания из 10000

Сутки 1408
Клиент 1 завершил 1408 суток проживания из 10000

Сутки 1409
Клиент 1 завершил 1409 суток проживания из 10000

Сутки 1410
Клиент 1 завершил 1410 суток проживания из 10000

Сутки 1411
Клиент 1 завершил 1411 суток проживания из 10000

Сутки 1412
Клиент 1 завершил 1412 суток проживания из 10000

Сутки 1413
Клиент 1 завершил 1413 суток проживания из 10000

Сутки 1414
Клиент 1 завершил 1414 суток проживания из 10000

Сутки 1415
Клиент 1 завершил 1415 суток проживания из 10000

Сутки 1416
Клиент 1 завершил 1416 суток проживания из 10000

Сутки 1417
Клиент 1 завершил 1417 суток проживания из 10000

Сутки 1418
Клиент 1 завершил 1418 суток проживания из 10000

Сутки 1419
Клиент 1 завершил 1419 суток проживания из 10000

Сутки 1420
Клиент 1 завершил 1420 суток проживания из 10000

Сутки 1421
Клиент 1 завершил 1421 суток проживания из 10000

Сутки 1422
Клиент 1 завершил 1422 суток проживания из 10000

Сутки 1423
Клиент 1 завершил 1423 суток проживания из 10000

Сутки 1424
Клиент 1 завершил 1424 суток проживания из 10000

Сутки 1425
Клиент 1 завершил 1425 суток проживания из 10000

Сутки 1426
Клиент 1 завершил 1426 суток проживания из 10000

Сутки 1427
Клиент 1 завершил 1427 суток проживания из 10000

Сутки 1428
Клиент 1 завершил 1428 суток проживания из 10000

Сутки 1429
Клиент 1 завершил 1429 суток проживания из 10000

Сутки 1430
Клиент 1 завершил 1430 суток проживания из 10000

Сутки 1431
Клиент 1 завершил 1431 суток проживания из 10000

Сутки 1432
Клиент 1 завершил 1432 суток проживания из 10000

Сутки 1433
Клиент 1 завершил 1433 суток проживания из 10000

Сутки 1434
Клиент 1 завершил 1434 суток проживания из 10000

Сутки 1435
Клиент 1 завершил 1435 суток проживания из 10000

Сутки 1436
Клиент 1 завершил 1436 суток проживания из 10000

Сутки 1437
Клиент 1 завершил 1437 суток проживания из 10000

Сутки 1438
Клиент 1 завершил 1438 суток проживания из 10000

Сутки 1439
Клиент 1 завершил 1439 суток проживания из 10000

Сутки 1440
Клиент 1 завершил 1440 суток проживания из 10000

Сутки 1441
Клиент 1 завершил 1441 суток проживания из 10000

Сутки 1442
Клиент 1 завершил 1442 суток проживания из 10000

Сутки 1443
Клиент 1 завершил 1443 суток проживания из 10000

Сутки 1444
Клиент 1 завершил 1444 суток проживания из 10000

Сутки 1445
Клиент 1 завершил 1445 суток проживания из 10000

Сутки 1446
Клиент 1 завершил 1446 суток проживания из 10000

Сутки 1447
Клиент 1 завершил 1447 суток проживания из 10000

Сутки 1448
Клиент 1 завершил 1448 суток проживания из 10000

Сутки 1449
Клиент 1 завершил 1449 суток проживания из 10000

Сутки 1450
Клиент 1 завершил 1450 суток проживания из 10000

Сутки 1451
Клиент 1 завершил 1451 суток проживания из 10000

Сутки 1452
Клиент 1 завершил 1452 суток проживания из 10000

Сутки 1453
Клиент 1 завершил 1453 суток проживания из 10000

Сутки 1454
Клиент 1 завершил 1454 суток проживания из 10000

Сутки 1455
Клиент 1 завершил 1455 суток проживания из 10000

Сутки 1456
Клиент 1 завершил 1456 суток проживания из 10000

Сутки 1457
Клиент 1 завершил 1457 суток проживания из 10000

Сутки 1458
Клиент 1 завершил 1458 суток проживания из 10000

Сутки 1459
Клиент 1 завершил 1459 суток проживания из 10000

Сутки 1460
Клиент 1 завершил 1460 суток проживания из 10000

Сутки 1461
Клиент 1 завершил 1461 суток проживания из 10000

Сутки 1462
Клиент 1 завершил 1462 суток проживания из 10000

Сутки 1463
Клиент 1 завершил 1463 суток проживания из 10000

Сутки 1464
Клиент 1 завершил 1464 суток проживания из 10000

Сутки 1465
Клиент 1 завершил 1465 суток проживания из 10000

Сутки 1466
Клиент 1 завершил 1466 суток проживания из 10000

Сутки 1467
Клиент 1 завершил 1467 суток проживания из 10000

Сутки 1468
Клиент 1 завершил 1468 суток проживания из 10000

Сутки 1469
Клиент 1 завершил 1469 суток проживания из 10000

Сутки 1470
Клиент 1 завершил 1470 суток проживания из 10000

Сутки 1471
Клиент 1 завершил 1471 суток проживания из 10000

Сутки 1472
Клиент 1 завершил 1472 суток проживания из 10000

Сутки 1473
Клиент 1 завершил 1473 суток проживания из 10000

Сутки 1474
Клиент 1 завершил 1474 суток проживания из 10000

Сутки 1475
Клиент 1 завершил 1475 суток проживания из 10000

Сутки 1476
Клиент 1 завершил 1476 суток проживания из 10000

Сутки 1477
Клиент 1 завершил 1477 суток проживания из 10000

Сутки 1478
Клиент 1 завершил 1478 суток проживания из 10000

Сутки 1479
Клиент 1 завершил 1479 суток проживания из 10000

Сутки 1480
Клиент 1 завершил 1480 суток проживания из 10000

Сутки 1481
Клиент 1 завершил 1481 суток проживания из 10000

Сутки 1482
Клиент 1 завершил 1482 суток проживания из 10000

Сутки 1483
Клиент 1 завершил 1483 суток проживания из 10000

Сутки 1484
Клиент 1 завершил 1484 суток проживания из 10000

Сутки 1485
Клиент 1 завершил 1485 суток проживания из 10000

Сутки 1486
Клиент 1 завершил 1486 суток проживания из 10000

Сутки 1487
Клиент 1 завершил 1487 суток проживания из 10000

Сутки 1488
Клиент 1 завершил 1488 суток проживания из 10000

Сутки 1489
Клиент 1 завершил 1489 суток проживания из 10000

Сутки 1490
Клиент 1 завершил 1490 суток проживания из 10000

Сутки 1491
Клиент 1 завершил 1491 суток проживания из 10000

Сутки 1492
Клиент 1 завершил 1492 суток проживания из 10000

Сутки 1493
Клиент 1 завершил 1493 суток проживания из 10000

Сутки 1494
Клиент 1 завершил 1494 суток проживания из 10000

Сутки 1495
Клиент 1 завершил 1495 суток проживания из 10000

Сутки 1496
Клиент 1 завершил 1496 суток проживания из 10000

Сутки 1497
Клиент 1 завершил 1497 суток проживания из 10000

Сутки 1498
Клиент 1 завершил 1498 суток проживания из 10000

Сутки 1499
Клиент 1 завершил 1499 суток проживания из 10000

Сутки 1500
Клиент 1 завершил 1500 суток проживания из 10000

Сутки 1501
Клиент 1 завершил 1501 суток проживания из 10000

Сутки 1502
Клиент 1 завершил 1502 суток проживания из 10000

Сутки 1503
Клиент 1 завершил 1503 суток проживания из 10000

Сутки 1504
Клиент 1 завершил 1504 суток проживания из 10000

Сутки 1505
Клиент 1 завершил 1505 суток проживания из 10000

Сутки 1506
Клиент 1 завершил 1506 суток проживания из 10000

Сутки 1507
Клиент 1 завершил 1507 суток проживания из 10000

Сутки 1508
Клиент 1 завершил 1508 суток проживания из 10000

Сутки 1509
Клиент 1 завершил 1509 суток проживания из 10000

Сутки 1510
Клиент 1 завершил 1510 суток проживания из 10000

Сутки 1511
Клиент 1 завершил 1511 суток проживания из 10000

Сутки 1512
Клиент 1 завершил 1512 суток проживания из 10000

Сутки 1513
Клиент 1 завершил 1513 суток проживания из 10000

Сутки 1514
Клиент 1 завершил 1514 суток проживания из 10000

Сутки 1515
Клиент 1 завершил 1515 суток проживания из 10000

Сутки 1516
Клиент 1 завершил 1516 суток проживания из 10000

Сутки 1517
Клиент 1 завершил 1517 суток проживания из 10000

Сутки 1518
Клиент 1 завершил 1518 суток проживания из 10000

Сутки 1519
Клиент 1 завершил 1519 суток проживания из 10000

Сутки 1520
Клиент 1 завершил 1520 суток проживания из 10000

Сутки 1521
Клиент 1 завершил 1521 суток проживания из 10000

Сутки 1522
Клиент 1 завершил 1522 суток проживания из 10000

Сутки 1523
Клиент 1 завершил 1523 суток проживания из 10000

Сутки 1524
Клиент 1 завершил 1524 суток проживания из 10000

Сутки 1525
Клиент 1 завершил 1525 суток проживания из 10000

Сутки 1526
Клиент 1 завершил 1526 суток проживания из 10000

Сутки 1527
Клиент 1 завершил 1527 суток проживания из 10000

Сутки 1528
Клиент 1 завершил 1528 суток проживания из 10000

Сутки 1529
Клиент 1 завершил 1529 суток проживания из 10000

Сутки 1530
Клиент 1 завершил 1530 суток проживания из 10000

Сутки 1531
Клиент 1 завершил 1531 суток проживания из 10000

Сутки 1532
Клиент 1 завершил 1532 суток проживания из 10000

Сутки 1533
Клиент 1 завершил 1533 суток проживания из 10000

Сутки 1534
Клиент 1 завершил 1534 суток проживания из 10000

Сутки 1535
Клиент 1 завершил 1535 суток проживания из 10000

Сутки 1536
Клиент 1 завершил 1536 суток проживания из 10000

Сутки 1537
Клиент 1 завершил 1537 суток проживания из 10000

Сутки 1538
Клиент 1 завершил 1538 суток проживания из 10000

Сутки 1539
Клиент 1 завершил 1539 суток проживания из 10000

Сутки 1540
Клиент 1 завершил 1540 суток проживания из 10000

Сутки 1541
Клиент 1 завершил 1541 суток проживания из 10000

Сутки 1542
Клиент 1 завершил 1542 суток проживания из 10000

Сутки 1543
Клиент 1 завершил 1543 суток проживания из 10000

Сутки 1544
Клиент 1 завершил 1544 суток проживания из 10000

Сутки 1545
Клиент 1 завершил 1545 суток проживания из 10000

Сутки 1546
Клиент 1 завершил 1546 суток проживания из 10000

Сутки 1547
Клиент 1 завершил 1547 суток проживания из 10000

Сутки 1548
Клиент 1 завершил 1548 суток проживания из 10000

Сутки 1549
Клиент 1 завершил 1549 суток проживания из 10000

Сутки 1550
Клиент 1 завершил 1550 суток проживания из 10000

Сутки 1551
Клиент 1 завершил 1551 суток проживания из 10000

Сутки 1552
Клиент 1 завершил 1552 суток проживания из 10000

Сутки 1553
Клиент 1 завершил 1553 суток проживания из 10000

Сутки 1554
Клиент 1 завершил 1554 суток проживания из 10000

Сутки 1555
Клиент 1 завершил 1555 суток проживания из 10000

Сутки 1556
Клиент 1 завершил 1556 суток проживания из 10000

Сутки 1557
Клиент 1 завершил 1557 суток проживания из 10000

Сутки 1558
Клиент 1 завершил 1558 суток проживания из 10000

Сутки 1559
Клиент 1 завершил 1559 суток проживания из 10000

Сутки 1560
Клиент 1 завершил 1560 суток проживания из 10000

Сутки 1561
Клиент 1 завершил 1561 суток проживания из 10000

Сутки 1562
Клиент 1 завершил 1562 суток проживания из 10000

Сутки 1563
Клиент 1 завершил 1563 суток проживания из 10000

Сутки 1564
Клиент 1 завершил 1564 суток проживания из 10000

Сутки 1565
Клиент 1 завершил 1565 суток проживания из 10000

Сутки 1566
Клиент 1 завершил 1566 суток проживания из 10000

Сутки 1567
Клиент 1 завершил 1567 суток проживания из 10000

Сутки 1568
Клиент 1 завершил 1568 суток проживания из 10000

Сутки 1569
Клиент 1 завершил 1569 суток проживания из 10000

Сутки 1570
Клиент 1 завершил 1570 суток проживания из 10000

Сутки 1571
Клиент 1 завершил 1571 суток проживания из 10000

Сутки 1572
Клиент 1 завершил 1572 суток проживания из 10000

Сутки 1573
Клиент 1 завершил 1573 суток проживания из 10000

Сутки 1574
Клиент 1 завершил 1574 суток проживания из 10000

Сутки 1575
Клиент 1 завершил 1575 суток проживания из 10000

Сутки 1576
Клиент 1 завершил 1576 суток проживания из 10000

Сутки 1577
Клиент 1 завершил 1577 суток проживания из 10000

Сутки 1578
Клиент 1 завершил 1578 суток проживания из 10000

Сутки 1579
Клиент 1 завершил 1579 суток проживания из 10000

Сутки 1580
Клиент 1 завершил 1580 суток проживания из 10000

Сутки 1581
Клиент 1 завершил 1581 суток проживания из 10000

Сутки 1582
Клиент 1 завершил 1582 суток проживания из 10000

Сутки 1583
Клиент 1 завершил 1583 суток проживания из 10000

Сутки 1584
Клиент 1 завершил 1584 суток проживания из 10000

Сутки 1585
Клиент 1 завершил 1585 суток проживания из 10000

Сутки 1586
Клиент 1 завершил 1586 суток проживания из 10000

Сутки 1587
Клиент 1 завершил 1587 суток проживания из 10000

Сутки 1588
Клиент 1 завершил 1588 суток проживания из 10000

Сутки 1589
Клиент 1 завершил 1589 суток проживания из 10000

Сутки 1590
Клиент 1 завершил 1590 суток проживания из 10000

Сутки 1591
Клиент 1 завершил 1591 суток проживания из 10000

Сутки 1592
Клиент 1 завершил 1592 суток проживания из 10000

Сутки 1593
Клиент 1 завершил 1593 суток проживания из 10000

Сутки 1594
Клиент 1 завершил 1594 суток проживания из 10000

Сутки 1595
Клиент 1 завершил 1595 суток проживания из 10000

Сутки 1596
Клиент 1 завершил 1596 суток проживания из 10000

Сутки 1597
Клиент 1 завершил 1597 суток проживания из 10000

Сутки 1598
Клиент 1 завершил 1598 суток проживания из 10000

Сутки 1599
Клиент 1 завершил 1599 суток проживания из 10000

Сутки 1600
Клиент 1 завершил 1600 суток проживания из 10000

Сутки 1601
Клиент 1 завершил 1601 суток проживания из 10000

Сутки 1602
Клиент 1 завершил 1602 суток проживания из 10000

Сутки 1603
Клиент 1 завершил 1603 суток проживания из 10000

Сутки 1604
Клиент 1 завершил 1604 суток проживания из 10000

Сутки 1605
Клиент 1 завершил 1605 суток проживания из 10000

Сутки 1606
Клиент 1 завершил 1606 суток проживания из 10000

Сутки 1607
Клиент 1 завершил 1607 суток проживания из 10000

Сутки 1608
Клиент 1 завершил 1608 суток проживания из 10000

Сутки 1609
Клиент 1 завершил 1609 суток проживания из 10000

Сутки 1610
Клиент 1 завершил 1610 суток проживания из 10000

Сутки 1611
Клиент 1 завершил 1611 суток проживания из 10000

Сутки 1612
Клиент 1 завершил 1612 суток проживания из 10000

Сутки 1613
Клиент 1 завершил 1613 суток проживания из 10000

Сутки 1614
Клиент 1 завершил 1614 суток проживания из 10000

Сутки 1615
Клиент 1 завершил 1615 суток проживания из 10000

Сутки 1616
Клиент 1 завершил 1616 суток проживания из 10000

Сутки 1617
Клиент 1 завершил 1617 суток проживания из 10000

Сутки 1618
Клиент 1 завершил 1618 суток проживания из 10000

Сутки 1619
Клиент 1 завершил 1619 суток проживания из 10000

Сутки 1620
Клиент 1 завершил 1620 суток проживания из 10000

Сутки 1621
Клиент 1 завершил 1621 суток проживания из 10000

Сутки 1622
Клиент 1 завершил 1622 суток проживания из 10000

Сутки 1623
Клиент 1 завершил 1623 суток проживания из 10000

Сутки 1624
Клиент 1 завершил 1624 суток проживания из 10000

Сутки 1625
Клиент 1 завершил 1625 суток проживания из 10000

Сутки 1626
Клиент 1 завершил 1626 суток проживания из 10000

Сутки 1627
Клиент 1 завершил 1627 суток проживания из 10000

Сутки 1628
Клиент 1 завершил 1628 суток проживания из 10000

Сутки 1629
Клиент 1 завершил 1629 суток проживания из 10000

Сутки 1630
Клиент 1 завершил 1630 суток проживания из 10000

Сутки 1631
Клиент 1 завершил 1631 суток проживания из 10000

Сутки 1632
Клиент 1 завершил 1632 суток проживания из 10000

Сутки 1633
Клиент 1 завершил 1633 суток проживания из 10000

Сутки 1634
Клиент 1 завершил 1634 суток проживания из 10000

Сутки 1635
Клиент 1 завершил 1635 суток проживания из 10000

Сутки 1636
Клиент 1 завершил 1636 суток проживания из 10000

Сутки 1637
Клиент 1 завершил 1637 суток проживания из 10000

Сутки 1638
Клиент 1 завершил 1638 суток проживания из 10000

Сутки 1639
Клиент 1 завершил 1639 суток проживания из 10000

Сутки 1640
Клиент 1 завершил 1640 суток проживания из 10000

Сутки 1641
Клиент 1 завершил 1641 суток проживания из 10000

Сутки 1642
Клиент 1 завершил 1642 суток проживания из 10000

Сутки 1643
Клиент 1 завершил 1643 суток проживания из 10000

Сутки 1644
Клиент 1 завершил 1644 суток проживания из 10000

Сутки 1645
Клиент 1 завершил 1645 суток проживания из 10000

Сутки 1646
Клиент 1 завершил 1646 суток проживания из 10000

Сутки 1647
Клиент 1 завершил 1647 суток проживания из 10000

Сутки 1648
Клиент 1 завершил 1648 суток проживания из 10000

Сутки 1649
Клиент 1 завершил 1649 суток проживания из 10000

Сутки 1650
Клиент 1 завершил 1650 суток проживания из 10000

Сутки 1651
Клиент 1 завершил 1651 суток проживания из 10000

Сутки 1652
Клиент 1 завершил 1652 суток проживания из 10000

Сутки 1653
Клиент 1 завершил 1653 суток проживания из 10000

Сутки 1654
Клиент 1 завершил 1654 суток проживания из 10000

Сутки 1655
Клиент 1 завершил 1655 суток проживания из 10000

Сутки 1656
Клиент 1 завершил 1656 суток проживания из 10000

Сутки 1657
Клиент 1 завершил 1657 суток проживания из 10000

Сутки 1658
Клиент 1 завершил 1658 суток проживания из 10000

Сутки 1659
Клиент 1 завершил 1659 суток проживания из 10000

Сутки 1660
Клиент 1 завершил 1660 суток проживания из 10000

Сутки 1661
Клиент 1 завершил 1661 суток проживания из 10000

Сутки 1662
Клиент 1 завершил 1662 суток проживания из 10000

Сутки 1663
Клиент 1 завершил 1663 суток проживания из 10000

Сутки 1664
Клиент 1 завершил 1664 суток проживания из 10000

Сутки 1665
Клиент 1 завершил 1665 суток проживания из 10000

Сутки 1666
Клиент 1 завершил 1666 суток проживания из 10000

Сутки 1667
Клиент 1 завершил 1667 суток проживания из 10000

Сутки 1668
Клиент 1 завершил 1668 суток проживания из 10000

Сутки 1669
Клиент 1 завершил 1669 суток проживания из 10000

Сутки 1670
Клиент 1 завершил 1670 суток проживания из 10000

Сутки 1671
Клиент 1 завершил 1671 суток проживания из 10000

Сутки 1672
Клиент 1 завершил 1672 суток проживания из 10000

Сутки 1673
Клиент 1 завершил 1673 суток проживания из 10000

Сутки 1674
Клиент 1 завершил 1674 суток проживания из 10000

Сутки 1675
Клиент 1 завершил 1675 суток проживания из 10000

Сутки 1676
Клиент 1 завершил 1676 суток проживания из 10000

Сутки 1677
Клиент 1 завершил 1677 суток проживания из 10000

Сутки 1678
Клиент 1 завершил 1678 суток проживания из 10000

Сутки 1679
Клиент 1 завершил 1679 суток проживания из 10000

Сутки 1680
Клиент 1 завершил 1680 суток проживания из 10000

Сутки 1681
Клиент 1 завершил 1681 суток проживания из 10000

Сутки 1682
Клиент 1 завершил 1682 суток проживания из 10000

Сутки 1683
Клиент 1 завершил 1683 суток проживания из 10000

Сутки 1684
Клиент 1 завершил 1684 суток проживания из 10000

Сутки 1685
Клиент 1 завершил 1685 суток проживания из 10000

Сутки 1686
Клиент 1 завершил 1686 суток проживания из 10000

Сутки 1687
Клиент 1 завершил 1687 суток проживания из 10000

Сутки 1688
Клиент 1 завершил 1688 суток проживания из 10000

Сутки 1689
Клиент 1 завершил 1689 суток проживания из 10000

Сутки 1690
Клиент 1 завершил 1690 суток проживания из 10000

Сутки 1691
Клиент 1 завершил 1691 суток проживания из 10000

Сутки 1692
Клиент 1 завершил 1692 суток проживания из 10000

Сутки 1693
Клиент 1 завершил 1693 суток проживания из 10000

Сутки 1694
Клиент 1 завершил 1694 суток проживания из 10000

Сутки 1695
Клиент 1 завершил 1695 суток проживания из 10000

Сутки 1696
Клиент 1 завершил 1696 суток проживания из 10000

Сутки 1697
Клиент 1 завершил 1697 суток проживания из 10000

Сутки 1698
Клиент 1 завершил 1698 суток проживания из 10000

Сутки 1699
Клиент 1 завершил 1699 суток проживания из 10000

Сутки 1700
Клиент 1 завершил 1700 суток проживания из 10000

Сутки 1701
Клиент 1 завершил 1701 суток проживания из 10000

Сутки 1702
Клиент 1 завершил 1702 суток проживания из 10000

Сутки 1703
Клиент 1 завершил 1703 суток проживания из 10000

Сутки 1704
Клиент 1 завершил 1704 суток проживания из 10000

Сутки 1705
Клиент 1 завершил 1705 суток проживания из 10000

Сутки 1706
Клиент 1 завершил 1706 суток проживания из 10000

Сутки 1707
Клиент 1 завершил 1707 суток проживания из 10000

Сутки 1708
Клиент 1 завершил 1708 суток проживания из 10000

Сутки 1709
Клиент 1 завершил 1709 суток проживания из 10000

Сутки 1710
Клиент 1 завершил 1710 суток проживания из 10000

Сутки 1711
Клиент 1 завершил 1711 суток проживания из 10000

Сутки 1712
Клиент 1 завершил 1712 суток проживания из 10000

Сутки 1713
Клиент 1 завершил 1713 суток проживания из 10000

Сутки 1714
Клиент 1 завершил 1714 суток проживания из 10000

Сутки 1715
Клиент 1 завершил 1715 суток проживания из 10000

Сутки 1716
Клиент 1 завершил 1716 суток проживания из 10000

Сутки 1717
Клиент 1 завершил 1717 суток проживания из 10000

Сутки 1718
Клиент 1 завершил 1718 суток проживания из 10000

Сутки 1719
Клиент 1 завершил 1719 суток проживания из 10000

Сутки 1720
Клиент 1 завершил 1720 суток проживания из 10000

Сутки 1721
Клиент 1 завершил 1721 суток проживания из 10000

Сутки 1722
Клиент 1 завершил 1722 суток проживания из 10000

Сутки 1723
Клиент 1 завершил 1723 суток проживания из 10000

Сутки 1724
Клиент 1 завершил 1724 суток проживания из 10000

Сутки 1725
Клиент 1 завершил 1725 суток проживания из 10000

Сутки 1726
Клиент 1 завершил 1726 суток проживания из 10000

Сутки 1727
Клиент 1 завершил 1727 суток проживания из 10000

Сутки 1728
Клиент 1 завершил 1728 суток проживания из 10000

Сутки 1729
Клиент 1 завершил 1729 суток проживания из 10000

Сутки 1730
Клиент 1 завершил 1730 суток проживания из 10000

Сутки 1731
Клиент 1 завершил 1731 суток проживания из 10000

Сутки 1732
Клиент 1 завершил 1732 суток проживания из 10000

Сутки 1733
Клиент 1 завершил 1733 суток проживания из 10000

Сутки 1734
Клиент 1 завершил 1734 суток проживания из 10000

Сутки 1735
Клиент 1 завершил 1735 суток проживания из 10000

Сутки 1736
Клиент 1 завершил 1736 суток проживания из 10000

Сутки 1737
Клиент 1 завершил 1737 суток проживания из 10000

Сутки 1738
Клиент 1 завершил 1738 суток проживания из 10000

Сутки 1739
Клиент 1 завершил 1739 суток проживания из 10000

Сутки 1740
Клиент 1 завершил 1740 суток проживания из 10000

Сутки 1741
Клиент 1 завершил 1741 суток проживания из 10000

Сутки 1742
Клиент 1 завершил 1742 суток проживания из 10000

Сутки 1743
Клиент 1 завершил 1743 суток проживания из 10000

Сутки 1744
Клиент 1 завершил 1744 суток проживания из 10000

Сутки 1745
Клиент 1 завершил 1745 суток проживания из 10000

Сутки 1746
Клиент 1 завершил 1746 суток проживания из 10000

Сутки 1747
Клиент 1 завершил 1747 суток проживания из 10000

Сутки 1748
Клиент 1 завершил 1748 суток проживания из 10000

Сутки 1749
Клиент 1 завершил 1749 суток проживания из 10000

Сутки 1750
Клиент 1 завершил 1750 суток проживания из 10000

Сутки 1751
Клиент 1 завершил 1751 суток проживания из 10000

Сутки 1752
Клиент 1 завершил 1752 суток проживания из 10000

Сутки 1753
Клиент 1 завершил 1753 суток проживания из 10000

Сутки 1754
Клиент 1 завершил 1754 суток проживания из 10000

Сутки 1755
Клиент 1 завершил 1755 суток проживания из 10000

Сутки 1756
Клиент 1 завершил 1756 суток проживания из 10000

Сутки 1757
Клиент 1 завершил 1757 суток проживания из 10000

Сутки 1758
Клиент 1 завершил 1758 суток проживания из 10000

Сутки 1759
Клиент 1 завершил 1759 суток проживания из 10000

Сутки 1760
Клиент 1 завершил 1760 суток проживания из 10000

Сутки 1761
Клиент 1 завершил 1761 суток проживания из 10000

Сутки 1762
Клиент 1 завершил 1762 суток проживания из 10000

Сутки 1763
Клиент 1 завершил 1763 суток проживания из 10000

Сутки 1764
Клиент 1 завершил 1764 суток проживания из 10000

Сутки 1765
Клиент 1 завершил 1765 суток проживания из 10000

Сутки 1766
Клиент 1 завершил 1766 суток проживания из 10000

Сутки 1767
Клиент 1 завершил 1767 суток проживания из 10000

Сутки 1768
Клиент 1 завершил 1768 суток проживания из 10000

Сутки 1769
Клиент 1 завершил 1769 суток проживания из 10000

Сутки 1770
Клиент 1 завершил 1770 суток проживания из 10000

Сутки 1771
Клиент 1 завершил 1771 суток проживания из 10000

Сутки 1772
Клиент 1 завершил 1772 суток проживания из 10000

Сутки 1773
Клиент 1 завершил 1773 суток проживания из 10000

Сутки 1774
Клиент 1 завершил 1774 суток проживания из 10000

Сутки 1775
Клиент 1 завершил 1775 суток проживания из 10000

Сутки 1776
Клиент 1 завершил 1776 суток проживания из 10000

Сутки 1777
Клиент 1 завершил 1777 суток проживания из 10000

Сутки 1778
Клиент 1 завершил 1778 суток проживания из 10000

Сутки 1779
Клиент 1 завершил 1779 суток проживания из 10000

Сутки 1780
Клиент 1 завершил 1780 суток проживания из 10000

Сутки 1781
Клиент 1 завершил 1781 суток проживания из 10000

Сутки 1782
Клиент 1 завершил 1782 суток проживания из 10000

Сутки 1783
Клиент 1 завершил 1783 суток проживания из 10000

Сутки 1784
Клиент 1 завершил 1784 суток проживания из 10000

Сутки 1785
Клиент 1 завершил 1785 суток проживания из 10000

Сутки 1786
Клиент 1 завершил 1786 суток проживания из 10000

Сутки 1787
Клиент 1 завершил 1787 суток проживания из 10000

Сутки 1788
Клиент 1 завершил 1788 суток проживания из 10000

Сутки 1789
Клиент 1 завершил 1789 суток проживания из 10000

Сутки 1790
Клиент 1 завершил 1790 суток проживания из 10000

Сутки 1791
Клиент 1 завершил 1791 суток проживания из 10000

Сутки 1792
Клиент 1 завершил 1792 суток проживания из 10000

Сутки 1793
Клиент 1 завершил 1793 суток проживания из 10000

Сутки 1794
Клиент 1 завершил 1794 суток проживания из 10000

Сутки 1795
Клиент 1 завершил 1795 суток проживания из 10000

Сутки 1796
Клиент 1 завершил 1796 суток проживания из 10000

Сутки 1797
Клиент 1 завершил 1797 суток проживания из 10000

Сутки 1798
Клиент 1 завершил 1798 суток проживания из 10000

Сутки 1799
Клиент 1 завершил 1799 суток проживания из 10000

Сутки 1800
Клиент 1 завершил 1800 суток проживания из 10000

Сутки 1801
Клиент 1 завершил 1801 суток проживания из 10000

Сутки 1802
Клиент 1 завершил 1802 суток проживания из 10000

Сутки 1803
Клиент 1 завершил 1803 суток проживания из 10000

Сутки 1804
Клиент 1 завершил 1804 суток проживания из 10000

Сутки 1805
Клиент 1 завершил 1805 суток проживания из 10000

Сутки 1806
Клиент 1 завершил 1806 суток проживания из 10000

Сутки 1807
Клиент 1 завершил 1807 суток проживания из 10000

Сутки 1808
Клиент 1 завершил 1808 суток проживания из 10000

Сутки 1809
Клиент 1 завершил 1809 суток проживания из 10000

Сутки 1810
Клиент 1 завершил 1810 суток проживания из 10000

Сутки 1811
Клиент 1 завершил 1811 суток проживания из 10000

Сутки 1812
Клиент 1 завершил 1812 суток проживания из 10000

Сутки 1813
Клиент 1 завершил 1813 суток проживания из 10000

Сутки 1814
Клиент 1 завершил 1814 суток проживания из 10000

Сутки 1815
Клиент 1 завершил 1815 суток проживания из 10000

Сутки 1816
Клиент 1 завершил 1816 суток проживания из 10000

Сутки 1817
Клиент 1 завершил 1817 суток проживания из 10000

Сутки 1818
Клиент 1 завершил 1818 суток проживания из 10000

Сутки 1819
Клиент 1 завершил 1819 суток проживания из 10000

Сутки 1820
Клиент 1 завершил 1820 суток проживания из 10000

Сутки 1821
Клиент 1 завершил 1821 суток проживания из 10000

Сутки 1822
Клиент 1 завершил 1822 суток проживания из 10000

Сутки 1823
Клиент 1 завершил 1823 суток проживания из 10000

Сутки 1824
Клиент 1 завершил 1824 суток проживания из 10000

Сутки 1825
Клиент 1 завершил 1825 суток проживания из 10000

Сутки 1826
Клиент 1 завершил 1826 суток проживания из 10000

Сутки 1827
Клиент 1 завершил 1827 суток проживания из 10000

Сутки 1828
Клиент 1 завершил 1828 суток проживания из 10000

Сутки 1829
Клиент 1 завершил 1829 суток проживания из 10000

Сутки 1830
Клиент 1 завершил 1830 суток проживания из 10000

Сутки 1831
Клиент 1 завершил 1831 суток проживания из 10000

Сутки 1832
Клиент 1 завершил 1832 суток проживания из 10000

Сутки 1833
Клиент 1 завершил 1833 суток проживания из 10000

Сутки 1834
Клиент 1 завершил 1834 суток проживания из 10000

Сутки 1835
Клиент 1 завершил 1835 суток проживания из 10000

Сутки 1836
Клиент 1 завершил 1836 суток проживания из 10000

Сутки 1837
Клиент 1 завершил 1837 суток проживания из 10000

Сутки 1838
Клиент 1 завершил 1838 суток проживания из 10000

Сутки 1839
Клиент 1 завершил 1839 суток проживания из 10000

Сутки 1840
Клиент 1 завершил 1840 суток проживания из 10000

Сутки 1841
Клиент 1 завершил 1841 суток проживания из 10000

Сутки 1842
Клиент 1 завершил 1842 суток проживания из 10000

Сутки 1843
Клиент 1 завершил 1843 суток проживания из 10000

Сутки 1844
Клиент 1 завершил 1844 суток проживания из 10000

Сутки 1845
Клиент 1 завершил 1845 суток проживания из 10000

Сутки 1846
Клиент 1 завершил 1846 суток проживания из 10000

Сутки 1847
Клиент 1 завершил 1847 суток проживания из 10000

Сутки 1848
Клиент 1 завершил 1848 суток проживания из 10000

Сутки 1849
Клиент 1 завершил 1849 суток проживания из 10000

Сутки 1850
Клиент 1 завершил 1850 суток проживания из 10000

Сутки 1851
Клиент 1 завершил 1851 суток проживания из 10000

Сутки 1852
Клиент 1 завершил 1852 суток проживания из 10000

Сутки 1853
Клиент 1 завершил 1853 суток проживания из 10000

Сутки 1854
Клиент 1 завершил 1854 суток проживания из 10000

Сутки 1855
Клиент 1 завершил 1855 суток проживания из 10000

Сутки 1856
Клиент 1 завершил 1856 суток проживания из 10000

Сутки 1857
Клиент 1 завершил 1857 суток проживания из 10000

Сутки 1858
Клиент 1 завершил 1858 суток проживания из 10000

Сутки 1859
Клиент 1 завершил 1859 суток проживания из 10000

Сутки 1860
Клиент 1 завершил 1860 суток проживания из 10000

Сутки 1861
Клиент 1 завершил 1861 суток проживания из 10000

Сутки 1862
Клиент 1 завершил 1862 суток проживания из 10000

Сутки 1863
Клиент 1 завершил 1863 суток проживания из 10000

Сутки 1864
Клиент 1 завершил 1864 суток проживания из 10000

Сутки 1865
Клиент 1 завершил 1865 суток проживания из 10000

Сутки 1866
Клиент 1 завершил 1866 суток проживания из 10000

Сутки 1867
Клиент 1 завершил 1867 суток проживания из 10000

Сутки 1868
Клиент 1 завершил 1868 суток проживания из 10000

Сутки 1869
Клиент 1 завершил 1869 суток проживания из 10000

Сутки 1870
Клиент 1 завершил 1870 суток проживания из 10000

Сутки 1871
Клиент 1 завершил 1871 суток проживания из 10000

Сутки 1872
Клиент 1 завершил 1872 суток проживания из 10000

Сутки 1873
Клиент 1 завершил 1873 суток проживания из 10000

Сутки 1874
Клиент 1 завершил 1874 суток проживания из 10000

Сутки 1875
Клиент 1 завершил 1875 суток проживания из 10000

Сутки 1876
Клиент 1 завершил 1876 суток проживания из 10000

Сутки 1877
Клиент 1 завершил 1877 суток проживания из 10000

Сутки 1878
Клиент 1 завершил 1878 суток проживания из 10000

Сутки 1879
Клиент 1 завершил 1879 суток проживания из 10000

Сутки 1880
Клиент 1 завершил 1880 суток проживания из 10000

Сутки 1881
Клиент 1 завершил 1881 суток проживания из 10000

Сутки 1882
Клиент 1 завершил 1882 суток проживания из 10000

Сутки 1883
Клиент 1 завершил 1883 суток проживания из 10000

Сутки 1884
Клиент 1 завершил 1884 суток проживания из 10000

Сутки 1885
Клиент 1 завершил 1885 суток проживания из 10000

Сутки 1886
Клиент 1 завершил 1886 суток проживания из 10000

Сутки 1887
Клиент 1 завершил 1887 суток проживания из 10000

Сутки 1888
Клиент 1 завершил 1888 суток проживания из 10000

Сутки 1889
Клиент 1 завершил 1889 суток проживания из 10000

Сутки 1890
Клиент 1 завершил 1890 суток проживания из 10000

Сутки 1891
Клиент 1 завершил 1891 суток проживания из 10000

Сутки 1892
Клиент 1 завершил 1892 суток проживания из 10000

Сутки 1893
Клиент 1 завершил 1893 суток проживания из 10000

Сутки 1894
Клиент 1 завершил 1894 суток проживания из 10000

Сутки 1895
Клиент 1 завершил 1895 суток проживания из 10000

Сутки 1896
Клиент 1 завершил 1896 суток проживания из 10000

Сутки 1897
Клиент 1 завершил 1897 суток проживания из 10000

Сутки 1898
Клиент 1 завершил 1898 суток проживания из 10000

Сутки 1899
Клиент 1 завершил 1899 суток проживания из 10000

Сутки 1900
Клиент 1 завершил 1900 суток проживания из 10000

Сутки 1901
Клиент 1 завершил 1901 суток проживания из 10000

Сутки 1902
Клиент 1 завершил 1902 суток проживания из 10000

Сутки 1903
Клиент 1 завершил 1903 суток проживания из 10000

Сутки 1904
Клиент 1 завершил 1904 суток проживания из 10000

Сутки 1905
Клиент 1 завершил 1905 суток проживания из 10000

Сутки 1906
Клиент 1 завершил 1906 суток проживания из 10000

Сутки 1907
Клиент 1 завершил 1907 суток проживания из 10000

Сутки 1908
Клиент 1 завершил 1908 суток проживания из 10000

Сутки 1909
Клиент 1 завершил 1909 суток проживания из 10000

Сутки 1910
Клиент 1 завершил 1910 суток проживания из 10000

Сутки 1911
Клиент 1 завершил 1911 суток проживания из 10000

Сутки 1912
Клиент 1 завершил 1912 суток проживания из 10000

Сутки 1913
Клиент 1 завершил 1913 суток проживания из 10000

Сутки 1914
Клиент 1 завершил 1914 суток проживания из 10000

Сутки 1915
Клиент 1 завершил 1915 суток проживания из 10000

Сутки 1916
Клиент 1 завершил 1916 суток проживания из 10000

Сутки 1917
Клиент 1 завершил 1917 суток проживания из 10000

Сутки 1918
Клиент 1 завершил 1918 суток проживания из 10000

Сутки 1919
Клиент 1 завершил 1919 суток проживания из 10000

Сутки 1920
Клиент 1 завершил 1920 суток проживания из 10000

Сутки 1921
Клиент 1 завершил 1921 суток проживания из 10000

Сутки 1922
Клиент 1 завершил 1922 суток проживания из 10000

Сутки 1923
Клиент 1 завершил 1923 суток проживания из 10000

Сутки 1924
Клиент 1 завершил 1924 суток проживания из 10000

Сутки 1925
Клиент 1 завершил 1925 суток проживания из 10000

Сутки 1926
Клиент 1 завершил 1926 суток проживания из 10000

Сутки 1927
Клиент 1 завершил 1927 суток проживания из 10000

Сутки 1928
Клиент 1 завершил 1928 суток проживания из 10000

Сутки 1929
Клиент 1 завершил 1929 суток проживания из 10000

Сутки 1930
Клиент 1 завершил 1930 суток проживания из 10000

Сутки 1931
Клиент 1 завершил 1931 суток проживания из 10000

Сутки 1932
Клиент 1 завершил 1932 суток проживания из 10000

Сутки 1933
Клиент 1 завершил 1933 суток проживания из 10000

Сутки 1934
Клиент 1 завершил 1934 суток проживания из 10000

Сутки 1935
Клиент 1 завершил 1935 суток проживания из 10000

Сутки 1936
Клиент 1 завершил 1936 суток проживания из 10000

Сутки 1937
Клиент 1 завершил 1937 суток проживания из 10000

Сутки 1938
Клиент 1 завершил 1938 суток проживания из 10000

Сутки 1939
Клиент 1 завершил 1939 суток проживания из 10000

Сутки 1940
Клиент 1 завершил 1940 суток проживания из 10000

Сутки 1941
Клиент 1 завершил 1941 суток проживания из 10000

Сутки 1942
Клиент 1 завершил 1942 суток проживания из 10000

Сутки 1943
Клиент 1 завершил 1943 суток проживания из 10000

Сутки 1944
Клиент 1 завершил 1944 суток проживания из 10000

Сутки 1945
Клиент 1 завершил 1945 суток проживания из 10000

Сутки 1946
Клиент 1 завершил 1946 суток проживания из 10000

Сутки 1947
Клиент 1 завершил 1947 суток проживания из 10000

Сутки 1948
Клиент 1 завершил 1948 суток проживания из 10000

Сутки 1949
Клиент 1 завершил 1949 суток проживания из 10000

Сутки 1950
Клиент 1 завершил 1950 суток проживания из 10000

Сутки 1951
Клиент 1 завершил 1951 суток проживания из 10000

Сутки 1952
Клиент 1 завершил 1952 суток проживания из 10000

Сутки 1953
Клиент 1 завершил 1953 суток проживания из 10000

Сутки 1954
Клиент 1 завершил 1954 суток проживания из 10000

Сутки 1955
Клиент 1 завершил 1955 суток проживания из 10000

Сутки 1956
Клиент 1 завершил 1956 суток проживания из 10000

Сутки 1957
Клиент 1 завершил 1957 суток проживания из 10000

Сутки 1958
Клиент 1 завершил 1958 суток проживания из 10000

Сутки 1959
Клиент 1 завершил 1959 суток проживания из 10000

Сутки 1960
Клиент 1 завершил 1960 суток проживания из 10000

Сутки 1961
Клиент 1 завершил 1961 суток проживания из 10000

Сутки 1962
Клиент 1 завершил 1962 суток проживания из 10000

Сутки 1963
Клиент 1 завершил 1963 суток проживания из 10000

Сутки 1964
Клиент 1 завершил 1964 суток проживания из 10000

Сутки 1965
Клиент 1 завершил 1965 суток проживания из 10000

Сутки 1966
Клиент 1 завершил 1966 суток проживания из 10000

Сутки 1967
Клиент 1 завершил 1967 суток проживания из 10000

Сутки 1968
Клиент 1 завершил 1968 суток проживания из 10000

Сутки 1969
Клиент 1 завершил 1969 суток проживания из 10000

Сутки 1970
Клиент 1 завершил 1970 суток проживания из 10000

Сутки 1971
Клиент 1 завершил 1971 суток проживания из 10000

Сутки 1972
Клиент 1 завершил 1972 суток проживания из 10000

Сутки 1973
Клиент 1 завершил 1973 суток проживания из 10000

Сутки 1974
Клиент 1 завершил 1974 суток проживания из 10000

Сутки 1975
Клиент 1 завершил 1975 суток проживания из 10000

Сутки 1976
Клиент 1 завершил 1976 суток проживания из 10000

Сутки 1977
Клиент 1 завершил 1977 суток проживания из 10000

Сутки 1978
Клиент 1 завершил 1978 суток проживания из 10000

Сутки 1979
Клиент 1 завершил 1979 суток проживания из 10000

Сутки 1980
Клиент 1 завершил 1980 суток проживания из 10000

Сутки 1981
Клиент 1 завершил 1981 суток проживания из 10000

Сутки 1982
Клиент 1 завершил 1982 суток проживания из 10000

Сутки 1983
Клиент 1 завершил 1983 суток проживания из 10000

Сутки 1984
Клиент 1 завершил 1984 суток проживания из 10000

Сутки 1985
Клиент 1 завершил 1985 суток проживания из 10000

Сутки 1986
Клиент 1 завершил 1986 суток проживания из 10000

Сутки 1987
Клиент 1 завершил 1987 суток проживания из 10000

Сутки 1988
Клиент 1 завершил 1988 суток проживания из 10000

Сутки 1989
Клиент 1 завершил 1989 суток проживания из 10000

Сутки 1990
Клиент 1 завершил 1990 суток проживания из 10000

Сутки 1991
Клиент 1 завершил 1991 суток проживания из 10000

Сутки 1992
Клиент 1 завершил 1992 суток проживания из 10000

Сутки 1993
Клиент 1 завершил 1993 суток проживания из 10000

Сутки 1994
Клиент 1 завершил 1994 суток проживания из 10000

Сутки 1995
Клиент 1 завершил 1995 суток проживания из 10000

Сутки 1996
Клиент 1 завершил 1996 суток проживания из 10000

Сутки 1997
Клиент 1 завершил 1997 суток проживания из 10000

Сутки 1998
Клиент 1 завершил 1998 суток проживания из 10000

Сутки 1999
Клиент 1 завершил 1999 суток проживания из 10000

Сутки 2000
Клиент 1 завершил 2000 суток проживания из 10000

Сутки 2001
Клиент 1 завершил 2001 суток проживания из 10000

Сутки 2002
Клиент 1 завершил 2002 суток проживания из 10000

Сутки 2003
Клиент 1 завершил 2003 суток проживания из 10000

Сутки 2004
Клиент 1 завершил 2004 суток проживания из 10000

Сутки 2005
Клиент 1 завершил 2005 суток проживания из 10000

Сутки 2006
Клиент 1 завершил 2006 суток проживания из 10000

Сутки 2007
Клиент 1 завершил 2007 суток проживания из 10000

Сутки 2008
Клиент 1 завершил 2008 суток проживания из 10000

Сутки 2009
Клиент 1 завершил 2009 суток проживания из 10000

Сутки 2010
Клиент 1 завершил 2010 суток проживания из 10000

Сутки 2011
Клиент 1 завершил 2011 суток проживания из 10000

Сутки 2012
Клиент 1 завершил 2012 суток проживания из 10000

Сутки 2013
Клиент 1 завершил 2013 суток проживания из 10000

Сутки 2014
Клиент 1 завершил 2014 суток проживания из 10000

Сутки 2015
Клиент 1 завершил 2015 суток проживания из 10000

Сутки 2016
Клиент 1 завершил 2016 суток проживания из 10000

Сутки 2017
Клиент 1 завершил 2017 суток проживания из 10000

Сутки 2018
Клиент 1 завершил 2018 суток проживания из 10000

Сутки 2019
Клиент 1 завершил 2019 суток проживания из 10000

Сутки 2020
Клиент 1 завершил 2020 суток проживания из 10000

Сутки 2021
Клиент 1 завершил 2021 суток проживания из 10000

Сутки 2022
Клиент 1 завершил 2022 суток проживания из 10000

Сутки 2023
Клиент 1 завершил 2023 суток проживания из 10000

Сутки 2024
Клиент 1 завершил 2024 суток проживания из 10000

Сутки 2025
Клиент 1 завершил 2025 суток проживания из 10000

Сутки 2026
Клиент 1 завершил 2026 суток проживания из 10000

Сутки 2027
Клиент 1 завершил 2027 суток проживания из 10000

Сутки 2028
Клиент 1 завершил 2028 суток проживания из 10000

Сутки 2029
Клиент 1 завершил 2029 суток проживания из 10000

Сутки 2030
Клиент 1 завершил 2030 суток проживания из 10000

Сутки 2031
Клиент 1 завершил 2031 суток проживания из 10000

Сутки 2032
Клиент 1 завершил 2032 суток проживания из 10000

Сутки 2033
Клиент 1 завершил 2033 суток проживания из 10000

Сутки 2034
Клиент 1 завершил 2034 суток проживания из 10000

Сутки 2035
Клиент 1 завершил 2035 суток проживания из 10000

Сутки 2036
Клиент 1 завершил 2036 суток проживания из 10000

Сутки 2037
Клиент 1 завершил 2037 суток проживания из 10000

Сутки 2038
Клиент 1 завершил 2038 суток проживания из 10000

Сутки 2039
Клиент 1 завершил 2039 суток проживания из 10000

Сутки 2040
Клиент 1 завершил 2040 суток проживания из 10000

Сутки 2041
Клиент 1 завершил 2041 суток проживания из 10000

Сутки 2042
Клиент 1 завершил 2042 суток проживания из 10000

Сутки 2043
Клиент 1 завершил 2043 суток проживания из 10000

Сутки 2044
Клиент 1 завершил 2044 суток проживания из 10000

Сутки 2045
Клиент 1 завершил 2045 суток проживания из 10000

Сутки 2046
Клиент 1 завершил 2046 суток проживания из 10000

Сутки 2047
Клиент 1 завершил 2047 суток проживания из 10000

Сутки 2048
Клиент 1 завершил 2048 суток проживания из 10000

Сутки 2049
Клиент 1 завершил 2049 суток проживания из 10000

Сутки 2050
Клиент 1 завершил 2050 суток проживания из 10000

Сутки 2051
Клиент 1 завершил 2051 суток проживания из 10000

Сутки 2052
Клиент 1 завершил 2052 суток проживания из 10000

Сутки 2053
Клиент 1 завершил 2053 суток проживания из 10000

Сутки 2054
Клиент 1 завершил 2054 суток проживания из 10000

Сутки 2055
Клиент 1 завершил 2055 суток проживания из 10000

Сутки 2056
Клиент 1 завершил 2056 суток проживания из 10000

Сутки 2057
Клиент 1 завершил 2057 суток проживания из 10000

Сутки 2058
Клиент 1 завершил 2058 суток проживания из 10000

Сутки 2059
Клиент 1 завершил 2059 суток проживания из 10000

Сутки 2060
Клиент 1 завершил 2060 суток проживания из 10000

Сутки 2061
Клиент 1 завершил 2061 суток проживания из 10000

Сутки 2062
Клиент 1 завершил 2062 суток проживания из 10000

Сутки 2063
Клиент 1 завершил 2063 суток проживания из 10000

Сутки 2064
Клиент 1 завершил 2064 суток проживания из 10000

Сутки 2065
Клиент 1 завершил 2065 суток проживания из 10000

Сутки 2066
Клиент 1 завершил 2066 суток проживания из 10000

Сутки 2067
Клиент 1 завершил 2067 суток проживания из 10000

Сутки 2068
Клиент 1 завершил 2068 суток проживания из 10000

Сутки 2069
Клиент 1 завершил 2069 суток проживания из 10000

Сутки 2070
Клиент 1 завершил 2070 суток проживания из 10000

Сутки 2071
Клиент 1 завершил 2071 суток проживания из 10000

Сутки 2072
Клиент 1 завершил 2072 суток проживания из 10000

Сутки 2073
Клиент 1 завершил 2073 суток проживания из 10000

Сутки 2074
Клиент 1 завершил 2074 суток проживания из 10000

Сутки 2075
Клиент 1 завершил 2075 суток проживания из 10000

Сутки 2076
Клиент 1 завершил 2076 суток проживания из 10000

Сутки 2077
Клиент 1 завершил 2077 суток проживания из 10000

Сутки 2078
Клиент 1 завершил 2078 суток проживания из 10000

Сутки 2079
Клиент 1 завершил 2079 суток проживания из 10000

Сутки 2080
Клиент 1 завершил 2080 суток проживания из 10000

Сутки 2081
Клиент 1 завершил 2081 суток проживания из 10000

Сутки 2082
Клиент 1 завершил 2082 суток проживания из 10000

Сутки 2083
Клиент 1 завершил 2083 суток проживания из 10000

Сутки 2084
Клиент 1 завершил 2084 суток проживания из 10000

Сутки 2085
Клиент 1 завершил 2085 суток проживания из 10000

Сутки 2086
Клиент 1 завершил 2086 суток проживания из 10000

Сутки 2087
Клиент 1 завершил 2087 суток проживания из 10000

Сутки 2088
Клиент 1 завершил 2088 суток проживания из 10000

Сутки 2089
Клиент 1 завершил 2089 суток проживания из 10000

Сутки 2090
Клиент 1 завершил 2090 суток проживания из 10000

Сутки 2091
Клиент 1 завершил 2091 суток проживания из 10000

Сутки 2092
Клиент 1 завершил 2092 суток проживания из 10000

Сутки 2093
Клиент 1 завершил 2093 суток проживания из 10000

Сутки 2094
Клиент 1 завершил 2094 суток проживания из 10000

Сутки 2095
Клиент 1 завершил 2095 суток проживания из 10000

Сутки 2096
Клиент 1 завершил 2096 суток проживания из 10000

Сутки 2097
Клиент 1 завершил 2097 суток проживания из 10000

Сутки 2098
Клиент 1 завершил 2098 суток проживания из 10000

Сутки 2099
Клиент 1 завершил 2099 суток проживания из 10000

Сутки 2100
Клиент 1 завершил 2100 суток проживания из 10000

Сутки 2101
Клиент 1 завершил 2101 суток проживания из 10000

Сутки 2102
Клиент 1 завершил 2102 суток проживания из 10000

Сутки 2103
Клиент 1 завершил 2103 суток проживания из 10000

Сутки 2104
Клиент 1 завершил 2104 суток проживания из 10000

Сутки 2105
Клиент 1 завершил 2105 суток проживания из 10000

Сутки 2106
Клиент 1 завершил 2106 суток проживания из 10000

Сутки 2107
Клиент 1 завершил 2107 суток проживания из 10000

Сутки 2108
Клиент 1 завершил 2108 суток проживания из 10000

Сутки 2109
Клиент 1 завершил 2109 суток проживания из 10000

Сутки 2110
Клиент 1 завершил 2110 суток проживания из 10000

Сутки 2111
Клиент 1 завершил 2111 суток проживания из 10000

Сутки 2112
Клиент 1 завершил 2112 суток проживания из 10000

Сутки 2113
Клиент 1 завершил 2113 суток проживания из 10000

Сутки 2114
Клиент 1 завершил 2114 суток проживания из 10000

Сутки 2115
Клиент 1 завершил 2115 суток проживания из 10000

Сутки 2116
Клиент 1 завершил 2116 суток проживания из 10000

Сутки 2117
Клиент 1 завершил 2117 суток проживания из 10000

Сутки 2118
Клиент 1 завершил 2118 суток проживания из 10000

Сутки 2119
Клиент 1 завершил 2119 суток проживания из 10000

Сутки 2120
Клиент 1 завершил 2120 суток проживания из 10000

Сутки 2121
Клиент 1 завершил 2121 суток проживания из 10000

Сутки 2122
Клиент 1 завершил 2122 суток проживания из 10000

Сутки 2123
Клиент 1 завершил 2123 суток проживания из 10000

Сутки 2124
Клиент 1 завершил 2124 суток проживания из 10000

Сутки 2125
Клиент 1 завершил 2125 суток проживания из 10000

Сутки 2126
Клиент 1 завершил 2126 суток проживания из 10000

Сутки 2127
Клиент 1 завершил 2127 суток проживания из 10000

Сутки 2128
Клиент 1 завершил 2128 суток проживания из 10000

Сутки 2129
Клиент 1 завершил 2129 суток проживания из 10000

Сутки 2130
Клиент 1 завершил 2130 суток проживания из 10000

Сутки 2131
Клиент 1 завершил 2131 суток проживания из 10000

Сутки 2132
Клиент 1 завершил 2132 суток проживания из 10000

Сутки 2133
Клиент 1 завершил 2133 суток проживания из 10000

Сутки 2134
Клиент 1 завершил 2134 суток проживания из 10000

Сутки 2135
Клиент 1 завершил 2135 суток проживания из 10000

Сутки 2136
Клиент 1 завершил 2136 суток проживания из 10000

Сутки 2137
Клиент 1 завершил 2137 суток проживания из 10000

Сутки 2138
Клиент 1 завершил 2138 суток проживания из 10000

Сутки 2139
Клиент 1 завершил 2139 суток проживания из 10000

Сутки 2140
Клиент 1 завершил 2140 суток проживания из 10000

Сутки 2141
Клиент 1 завершил 2141 суток проживания из 10000

Сутки 2142
Клиент 1 завершил 2142 суток проживания из 10000

Сутки 2143
Клиент 1 завершил 2143 суток проживания из 10000

Сутки 2144
Клиент 1 завершил 2144 суток проживания из 10000

Сутки 2145
Клиент 1 завершил 2145 суток проживания из 10000

Сутки 2146
Клиент 1 завершил 2146 суток проживания из 10000

Сутки 2147
Клиент 1 завершил 2147 суток проживания из 10000

Сутки 2148
Клиент 1 завершил 2148 суток проживания из 10000

Сутки 2149
Клиент 1 завершил 2149 суток проживания из 10000

Сутки 2150
Клиент 1 завершил 2150 суток проживания из 10000

Сутки 2151
Клиент 1 завершил 2151 суток проживания из 10000

Сутки 2152
Клиент 1 завершил 2152 суток проживания из 10000

Сутки 2153
Клиент 1 завершил 2153 суток проживания из 10000

Сутки 2154
Клиент 1 завершил 2154 суток проживания из 10000

Сутки 2155
Клиент 1 завершил 2155 суток проживания из 10000

Сутки 2156
Клиент 1 завершил 2156 суток проживания из 10000

Сутки 2157
Клиент 1 завершил 2157 суток проживания из 10000

Сутки 2158
Клиент 1 завершил 2158 суток проживания из 10000

Сутки 2159
Клиент 1 завершил 2159 суток проживания из 10000

Сутки 2160
Клиент 1 завершил 2160 суток проживания из 10000

Сутки 2161
Клиент 1 завершил 2161 суток проживания из 10000

Сутки 2162
Клиент 1 завершил 2162 суток проживания из 10000

Сутки 2163
Клиент 1 завершил 2163 суток проживания из 10000

Сутки 2164
Клиент 1 завершил 2164 суток проживания из 10000

Сутки 2165
Клиент 1 завершил 2165 суток проживания из 10000

Сутки 2166
Клиент 1 завершил 2166 суток проживания из 10000

Сутки 2167
Клиент 1 завершил 2167 суток проживания из 10000

Сутки 2168
Клиент 1 завершил 2168 суток проживания из 10000

Сутки 2169
Клиент 1 завершил 2169 суток проживания из 10000

Сутки 2170
Клиент 1 завершил 2170 суток проживания из 10000

Сутки 2171
Клиент 1 завершил 2171 суток проживания из 10000

Сутки 2172
Клиент 1 завершил 2172 суток проживания из 10000

Сутки 2173
Клиент 1 завершил 2173 суток проживания из 10000

Сутки 2174
Клиент 1 завершил 2174 суток проживания из 10000

Сутки 2175
Клиент 1 завершил 2175 суток проживания из 10000

Сутки 2176
Клиент 1 завершил 2176 суток проживания из 10000

Сутки 2177
Клиент 1 завершил 2177 суток проживания из 10000

Сутки 2178
Клиент 1 завершил 2178 суток проживания из 10000

Сутки 2179
Клиент 1 завершил 2179 суток проживания из 10000

Сутки 2180
Клиент 1 завершил 2180 суток проживания из 10000

Сутки 2181
Клиент 1 завершил 2181 суток проживания из 10000

Сутки 2182
Клиент 1 завершил 2182 суток проживания из 10000

Сутки 2183
Клиент 1 завершил 2183 суток проживания из 10000

Сутки 2184
Клиент 1 завершил 2184 суток проживания из 10000

Сутки 2185
Клиент 1 завершил 2185 суток проживания из 10000

Сутки 2186
Клиент 1 завершил 2186 суток проживания из 10000

Сутки 2187
Клиент 1 завершил 2187 суток проживания из 10000

Сутки 2188
Клиент 1 завершил 2188 суток проживания из 10000

Сутки 2189
Клиент 1 завершил 2189 суток проживания из 10000

Сутки 2190
Клиент 1 завершил 2190 суток проживания из 10000

Сутки 2191
Клиент 1 завершил 2191 суток проживания из 10000

Сутки 2192
Клиент 1 завершил 2192 суток проживания из 10000

Сутки 2193
Клиент 1 завершил 2193 суток проживания из 10000

Сутки 2194
Клиент 1 завершил 2194 суток проживания из 10000

Сутки 2195
Клиент 1 завершил 2195 суток проживания из 10000

Сутки 2196
Клиент 1 завершил 2196 суток проживания из 10000

Сутки 2197
Клиент 1 завершил 2197 суток проживания из 10000

Сутки 2198
Клиент 1 завершил 2198 суток проживания из 10000

Сутки 2199
Клиент 1 завершил 2199 суток проживания из 10000

Сутки 2200
Клиент 1 завершил 2200 суток проживания из 10000

Сутки 2201
Клиент 1 завершил 2201 суток проживания из 10000

Сутки 2202
Клиент 1 завершил 2202 суток проживания из 10000

Сутки 2203
Клиент 1 завершил 2203 суток проживания из 10000

Сутки 2204
Клиент 1 завершил 2204 суток проживания из 10000

Сутки 2205
Клиент 1 завершил 2205 суток проживания из 10000

Сутки 2206
Клиент 1 завершил 2206 суток проживания из 10000

Сутки 2207
Клиент 1 завершил 2207 суток проживания из 10000

Сутки 2208
Клиент 1 завершил 2208 суток проживания из 10000

Сутки 2209
Клиент 1 завершил 2209 суток проживания из 10000

Сутки 2210
Клиент 1 завершил 2210 суток проживания из 10000

Сутки 2211
Клиент 1 завершил 2211 суток проживания из 10000

Сутки 2212
Клиент 1 завершил 2212 суток проживания из 10000

Сутки 2213
Клиент 1 завершил 2213 суток проживания из 10000

Сутки 2214
Клиент 1 завершил 2214 суток проживания из 10000

Сутки 2215
Клиент 1 завершил 2215 суток проживания из 10000

Сутки 2216
Клиент 1 завершил 2216 суток проживания из 10000

Сутки 2217
Клиент 1 завершил 2217 суток проживания из 10000

Сутки 2218
Клиент 1 завершил 2218 суток проживания из 10000

Сутки 2219
Клиент 1 завершил 2219 суток проживания из 10000

Сутки 2220
Клиент 1 завершил 2220 суток проживания из 10000

Сутки 2221
Клиент 1 завершил 2221 суток проживания из 10000

Сутки 2222
Клиент 1 завершил 2222 суток проживания из 10000

Сутки 2223
Клиент 1 завершил 2223 суток проживания из 10000

Сутки 2224
Клиент 1 завершил 2224 суток проживания из 10000

Сутки 2225
Клиент 1 завершил 2225 суток проживания из 10000

Сутки 2226
Клиент 1 завершил 2226 суток проживания из 10000

Сутки 2227
Клиент 1 завершил 2227 суток проживания из 10000

Сутки 2228
Клиент 1 завершил 2228 суток проживания из 10000

Сутки 2229
Клиент 1 завершил 2229 суток проживания из 10000

Сутки 2230
Клиент 1 завершил 2230 суток проживания из 10000

Сутки 2231
Клиент 1 завершил 2231 суток проживания из 10000

Сутки 2232
Клиент 1 завершил 2232 суток проживания из 10000

Сутки 2233
Клиент 1 завершил 2233 суток проживания из 10000

Сутки 2234
Клиент 1 завершил 2234 суток проживания из 10000

Сутки 2235
Клиент 1 завершил 2235 суток проживания из 10000

Сутки 2236
Клиент 1 завершил 2236 суток проживания из 10000

Сутки 2237
Клиент 1 завершил 2237 суток проживания из 10000

Сутки 2238
Клиент 1 завершил 2238 суток проживания из 10000

Сутки 2239
Клиент 1 завершил 2239 суток проживания из 10000

Сутки 2240
Клиент 1 завершил 2240 суток проживания из 10000

Сутки 2241
Клиент 1 завершил 2241 суток проживания из 10000

Сутки 2242
Клиент 1 завершил 2242 суток проживания из 10000

Сутки 2243
Клиент 1 завершил 2243 суток проживания из 10000

Сутки 2244
Клиент 1 завершил 2244 суток проживания из 10000

Сутки 2245
Клиент 1 завершил 2245 суток проживания из 10000

Сутки 2246
Клиент 1 завершил 2246 суток проживания из 10000

Сутки 2247
Клиент 1 завершил 2247 суток проживания из 10000

Сутки 2248
Клиент 1 завершил 2248 суток проживания из 10000

Сутки 2249
Клиент 1 завершил 2249 суток проживания из 10000

Сутки 2250
Клиент 1 завершил 2250 суток проживания из 10000

Сутки 2251
Клиент 1 завершил 2251 суток проживания из 10000

Сутки 2252
Клиент 1 завершил 2252 суток проживания из 10000

Сутки 2253
Клиент 1 завершил 2253 суток проживания из 10000

Сутки 2254
Клиент 1 завершил 2254 суток проживания из 10000

Сутки 2255
Клиент 1 завершил 2255 суток проживания из 10000

Сутки 2256
Клиент 1 завершил 2256 суток проживания из 10000

Сутки 2257
Клиент 1 завершил 2257 суток проживания из 10000

Сутки 2258
Клиент 1 завершил 2258 суток проживания из 10000

Сутки 2259
Клиент 1 завершил 2259 суток проживания из 10000

Сутки 2260
Клиент 1 завершил 2260 суток проживания из 10000

Сутки 2261
Клиент 1 завершил 2261 суток проживания из 10000

Сутки 2262
Клиент 1 завершил 2262 суток проживания из 10000

Сутки 2263
Клиент 1 завершил 2263 суток проживания из 10000

Сутки 2264
Клиент 1 завершил 2264 суток проживания из 10000

Сутки 2265
Клиент 1 завершил 2265 суток проживания из 10000

Сутки 2266
Клиент 1 завершил 2266 суток проживания из 10000

Сутки 2267
Клиент 1 завершил 2267 суток проживания из 10000

Сутки 2268
Клиент 1 завершил 2268 суток проживания из 10000

Сутки 2269
Клиент 1 завершил 2269 суток проживания из 10000

Сутки 2270
Клиент 1 завершил 2270 суток проживания из 10000

Сутки 2271
Клиент 1 завершил 2271 суток проживания из 10000

Сутки 2272
Клиент 1 завершил 2272 суток проживания из 10000

Сутки 2273
Клиент 1 завершил 2273 суток проживания из 10000

Сутки 2274
Клиент 1 завершил 2274 суток проживания из 10000

Сутки 2275
Клиент 1 завершил 2275 суток проживания из 10000

Сутки 2276
Клиент 1 завершил 2276 суток проживания из 10000

Сутки 2277
Клиент 1 завершил 2277 суток проживания из 10000

Сутки 2278
Клиент 1 завершил 2278 суток проживания из 10000

Сутки 2279
Клиент 1 завершил 2279 суток проживания из 10000

Сутки 2280
Клиент 1 завершил 2280 суток проживания из 10000

Сутки 2281
Клиент 1 завершил 2281 суток проживания из 10000

Сутки 2282
Клиент 1 завершил 2282 суток проживания из 10000

Сутки 2283
Клиент 1 завершил 2283 суток проживания из 10000

Сутки 2284
Клиент 1 завершил 2284 суток проживания из 10000

Сутки 2285
Клиент 1 завершил 2285 суток проживания из 10000

Сутки 2286
Клиент 1 завершил 2286 суток проживания из 10000

Сутки 2287
Клиент 1 завершил 2287 суток проживания из 10000

Сутки 2288
Клиент 1 завершил 2288 суток проживания из 10000

Сутки 2289
Клиент 1 завершил 2289 суток проживания из 10000

Сутки 2290
Клиент 1 завершил 2290 суток проживания из 10000

Сутки 2291
Клиент 1 завершил 2291 суток проживания из 10000

Сутки 2292
Клиент 1 завершил 2292 суток проживания из 10000

Сутки 2293
Клиент 1 завершил 2293 суток проживания из 10000

Сутки 2294
Клиент 1 завершил 2294 суток проживания из 10000

Сутки 2295
Клиент 1 завершил 2295 суток проживания из 10000

Сутки 2296
Клиент 1 завершил 2296 суток проживания из 10000

Сутки 2297
Клиент 1 завершил 2297 суток проживания из 10000

Сутки 2298
Клиент 1 завершил 2298 суток проживания из 10000

Сутки 2299
Клиент 1 завершил 2299 суток проживания из 10000

Сутки 2300
Клиент 1 завершил 2300 суток проживания из 10000

Сутки 2301
Клиент 1 завершил 2301 суток проживания из 10000

Сутки 2302
Клиент 1 завершил 2302 суток проживания из 10000

Сутки 2303
Клиент 1 завершил 2303 суток проживания из 10000

Сутки 2304
Клиент 1 завершил 2304 суток проживания из 10000

Сутки 2305
Клиент 1 завершил 2305 суток проживания из 10000

Сутки 2306
Клиент 1 завершил 2306 суток проживания из 10000

Сутки 2307
Клиент 1 завершил 2307 суток проживания из 10000

Сутки 2308
Клиент 1 завершил 2308 суток проживания из 10000

Сутки 2309
Клиент 1 завершил 2309 суток проживания из 10000

Сутки 2310
Клиент 1 завершил 2310 суток проживания из 10000

Сутки 2311
Клиент 1 завершил 2311 суток проживания из 10000

Сутки 2312
Клиент 1 завершил 2312 суток проживания из 10000

Сутки 2313
Клиент 1 завершил 2313 суток проживания из 10000

Сутки 2314
Клиент 1 завершил 2314 суток проживания из 10000

Сутки 2315
Клиент 1 завершил 2315 суток проживания из 10000

Сутки 2316
Клиент 1 завершил 2316 суток проживания из 10000

Сутки 2317
Клиент 1 завершил 2317 суток проживания из 10000

Сутки 2318
Клиент 1 завершил 2318 суток проживания из 10000

Сутки 2319
Клиент 1 завершил 2319 суток проживания из 10000

Сутки 2320
Клиент 1 завершил 2320 суток проживания из 10000

Сутки 2321
Клиент 1 завершил 2321 суток проживания из 10000

Сутки 2322
Клиент 1 завершил 2322 суток проживания из 10000

Сутки 2323
Клиент 1 завершил 2323 суток проживания из 10000

Сутки 2324
Клиент 1 завершил 2324 суток проживания из 10000

Сутки 2325
Клиент 1 завершил 2325 суток проживания из 10000

Сутки 2326
Клиент 1 завершил 2326 суток проживания из 10000

Сутки 2327
Клиент 1 завершил 2327 суток проживания из 10000

Сутки 2328
Клиент 1 завершил 2328 суток проживания из 10000

Сутки 2329
Клиент 1 завершил 2329 суток проживания из 10000

Сутки 2330
Клиент 1 завершил 2330 суток проживания из 10000

Сутки 2331
Клиент 1 завершил 2331 суток проживания из 10000

Сутки 2332
Клиент 1 завершил 2332 суток проживания из 10000

Сутки 2333
Клиент 1 завершил 2333 суток проживания из 10000

Сутки 2334
Клиент 1 завершил 2334 суток проживания из 10000

Сутки 2335
Клиент 1 завершил 2335 суток проживания из 10000

Сутки 2336
Клиент 1 завершил 2336 суток проживания из 10000

Сутки 2337
Клиент 1 завершил 2337 суток проживания из 10000

Сутки 2338
Клиент 1 завершил 2338 суток проживания из 10000

Сутки 2339
Клиент 1 завершил 2339 суток проживания из 10000

Сутки 2340
Клиент 1 завершил 2340 суток проживания из 10000

Сутки 2341
Клиент 1 завершил 2341 суток проживания из 10000

Сутки 2342
Клиент 1 завершил 2342 суток проживания из 10000

Сутки 2343
Клиент 1 завершил 2343 суток проживания из 10000

Сутки 2344
Клиент 1 завершил 2344 суток проживания из 10000

Сутки 2345
Клиент 1 завершил 2345 суток проживания из 10000

Сутки 2346
Клиент 1 завершил 2346 суток проживания из 10000

Сутки 2347
Клиент 1 завершил 2347 суток проживания из 10000

Сутки 2348
Клиент 1 завершил 2348 суток проживания из 10000

Сутки 2349
Клиент 1 завершил 2349 суток проживания из 10000

Сутки 2350
Клиент 1 завершил 2350 суток проживания из 10000

Сутки 2351
Клиент 1 завершил 2351 суток проживания из 10000

Сутки 2352
Клиент 1 завершил 2352 суток проживания из 10000

Сутки 2353
Клиент 1 завершил 2353 суток проживания из 10000

Сутки 2354
Клиент 1 завершил 2354 суток проживания из 10000

Сутки 2355
Клиент 1 завершил 2355 суток проживания из 10000

Сутки 2356
Клиент 1 завершил 2356 суток проживания из 10000

Сутки 2357
Клиент 1 завершил 2357 суток проживания из 10000

Сутки 2358
Клиент 1 завершил 2358 суток проживания из 10000

Сутки 2359
Клиент 1 завершил 2359 суток проживания из 10000

Сутки 2360
Клиент 1 завершил 2360 суток проживания из 10000

Сутки 2361
Клиент 1 завершил 2361 суток проживания из 10000

Сутки 2362
Клиент 1 завершил 2362 суток проживания из 10000

Сутки 2363
Клиент 1 завершил 2363 суток проживания из 10000

Сутки 2364
Клиент 1 завершил 2364 суток проживания из 10000

Сутки 2365
Клиент 1 завершил 2365 суток проживания из 10000

Сутки 2366
Клиент 1 завершил 2366 суток проживания из 10000

Сутки 2367
Клиент 1 завершил 2367 суток проживания из 10000

Сутки 2368
Клиент 1 завершил 2368 суток проживания из 10000

Сутки 2369
Клиент 1 завершил 2369 суток проживания из 10000

Сутки 2370
Клиент 1 завершил 2370 суток проживания из 10000

Сутки 2371
Клиент 1 завершил 2371 суток проживания из 10000

Сутки 2372
Клиент 1 завершил 2372 суток проживания из 10000

Сутки 2373
Клиент 1 завершил 2373 суток проживания из 10000

Сутки 2374
Клиент 1 завершил 2374 суток проживания из 10000

Сутки 2375
Клиент 1 завершил 2375 суток проживания из 10000

Сутки 2376
Клиент 1 завершил 2376 суток проживания из 10000

Сутки 2377
Клиент 1 завершил 2377 суток проживания из 10000

Сутки 2378
Клиент 1 завершил 2378 суток проживания из 10000

Сутки 2379
Клиент 1 завершил 2379 суток проживания из 10000

Сутки 2380
Клиент 1 завершил 2380 суток проживания из 10000

Сутки 2381
Клиент 1 завершил 2381 суток проживания из 10000

Сутки 2382
Клиент 1 завершил 2382 суток проживания из 10000

Сутки 2383
Клиент 1 завершил 2383 суток проживания из 10000

Сутки 2384
Клиент 1 завершил 2384 суток проживания из 10000

Сутки 2385
Клиент 1 завершил 2385 суток проживания из 10000

Сутки 2386
Клиент 1 завершил 2386 суток проживания из 10000

Сутки 2387
Клиент 1 завершил 2387 суток проживания из 10000

Сутки 2388
Клиент 1 завершил 2388 суток проживания из 10000

Сутки 2389
Клиент 1 завершил 2389 суток проживания из 10000

Сутки 2390
Клиент 1 завершил 2390 суток проживания из 10000

Сутки 2391
Клиент 1 завершил 2391 суток проживания из 10000

Сутки 2392
Клиент 1 завершил 2392 суток проживания из 10000

Сутки 2393
Клиент 1 завершил 2393 суток проживания из 10000

Сутки 2394
Клиент 1 завершил 2394 суток проживания из 10000

Сутки 2395
Клиент 1 завершил 2395 суток проживания из 10000

Сутки 2396
Клиент 1 завершил 2396 суток проживания из 10000

Сутки 2397
Клиент 1 завершил 2397 суток проживания из 10000

Сутки 2398
Клиент 1 завершил 2398 суток проживания из 10000

Сутки 2399
Клиент 1 завершил 2399 суток проживания из 10000

Сутки 2400
Клиент 1 завершил 2400 суток проживания из 10000

Сутки 2401
Клиент 1 завершил 2401 суток проживания из 10000

Сутки 2402
Клиент 1 завершил 2402 суток проживания из 10000

Сутки 2403
Клиент 1 завершил 2403 суток проживания из 10000

Сутки 2404
Клиент 1 завершил 2404 суток проживания из 10000

Сутки 2405
Клиент 1 завершил 2405 суток проживания из 10000

Сутки 2406
Клиент 1 завершил 2406 суток проживания из 10000

Сутки 2407
Клиент 1 завершил 2407 суток проживания из 10000

Сутки 2408
Клиент 1 завершил 2408 суток проживания из 10000

Сутки 2409
Клиент 1 завершил 2409 суток проживания из 10000

Сутки 2410
Клиент 1 завершил 2410 суток проживания из 10000

Сутки 2411
Клиент 1 завершил 2411 суток проживания из 10000

Сутки 2412
Клиент 1 завершил 2412 суток проживания из 10000

Сутки 2413
Клиент 1 завершил 2413 суток проживания из 10000

Сутки 2414
Клиент 1 завершил 2414 суток проживания из 10000

Сутки 2415
Клиент 1 завершил 2415 суток проживания из 10000

Сутки 2416
Клиент 1 завершил 2416 суток проживания из 10000

Сутки 2417
Клиент 1 завершил 2417 суток проживания из 10000

Сутки 2418
Клиент 1 завершил 2418 суток проживания из 10000

Сутки 2419
Клиент 1 завершил 2419 суток проживания из 10000

Сутки 2420
Клиент 1 завершил 2420 суток проживания из 10000

Сутки 2421
Клиент 1 завершил 2421 суток проживания из 10000

Сутки 2422
Клиент 1 завершил 2422 суток проживания из 10000

Сутки 2423
Клиент 1 завершил 2423 суток проживания из 10000

Сутки 2424
Клиент 1 завершил 2424 суток проживания из 10000

Сутки 2425
Клиент 1 завершил 2425 суток проживания из 10000

Сутки 2426
Клиент 1 завершил 2426 суток проживания из 10000

Сутки 2427
Клиент 1 завершил 2427 суток проживания из 10000

Сутки 2428
Клиент 1 завершил 2428 суток проживания из 10000

Сутки 2429
Клиент 1 завершил 2429 суток проживания из 10000

Сутки 2430
Клиент 1 завершил 2430 суток проживания из 10000

Сутки 2431
Клиент 1 завершил 2431 суток проживания из 10000

Сутки 2432
Клиент 1 завершил 2432 суток проживания из 10000

Сутки 2433
Клиент 1 завершил 2433 суток проживания из 10000

Сутки 2434
Клиент 1 завершил 2434 суток проживания из 10000

Сутки 2435
Клиент 1 завершил 2435 суток проживания из 10000

Сутки 2436
Клиент 1 завершил 2436 суток проживания из 10000

Сутки 2437
Клиент 1 завершил 2437 суток проживания из 10000

Сутки 2438
Клиент 1 завершил 2438 суток проживания из 10000

Сутки 2439
Клиент 1 завершил 2439 суток проживания из 10000

Сутки 2440
Клиент 1 завершил 2440 суток проживания из 10000

Сутки 2441
Клиент 1 завершил 2441 суток проживания из 10000

Сутки 2442
Клиент 1 завершил 2442 суток проживания из 10000

Сутки 2443
Клиент 1 завершил 2443 суток проживания из 10000

Сутки 2444
Клиент 1 завершил 2444 суток проживания из 10000

Сутки 2445
Клиент 1 завершил 2445 суток проживания из 10000

Сутки 2446
Клиент 1 завершил 2446 суток проживания из 10000

Сутки 2447
Клиент 1 завершил 2447 суток проживания из 10000

Сутки 2448
Клиент 1 завершил 2448 суток проживания из 10000

Сутки 2449
Клиент 1 завершил 2449 суток проживания из 10000

Сутки 2450
Клиент 1 завершил 2450 суток проживания из 10000

Сутки 2451
Клиент 1 завершил 2451 суток проживания из 10000

Сутки 2452
Клиент 1 завершил 2452 суток проживания из 10000

Сутки 2453
Клиент 1 завершил 2453 суток проживания из 10000

Сутки 2454
Клиент 1 завершил 2454 суток проживания из 10000

Сутки 2455
Клиент 1 завершил 2455 суток проживания из 10000

Сутки 2456
Клиент 1 завершил 2456 суток проживания из 10000

Сутки 2457
Клиент 1 завершил 2457 суток проживания из 10000

Сутки 2458
Клиент 1 завершил 2458 суток проживания из 10000

Сутки 2459
Клиент 1 завершил 2459 суток проживания из 10000

Сутки 2460
Клиент 1 завершил 2460 суток проживания из 10000

Сутки 2461
Клиент 1 завершил 2461 суток проживания из 10000

Сутки 2462
Клиент 1 завершил 2462 суток проживания из 10000

Сутки 2463
Клиент 1 завершил 2463 суток проживания из 10000

Сутки 2464
Клиент 1 завершил 2464 суток проживания из 10000

Сутки 2465
Клиент 1 завершил 2465 суток проживания из 10000

Сутки 2466
Клиент 1 завершил 2466 суток проживания из 10000

Сутки 2467
Клиент 1 завершил 2467 суток проживания из 10000

Сутки 2468
Клиент 1 завершил 2468 суток проживания из 10000

Сутки 2469
Клиент 1 завершил 2469 суток проживания из 10000

Сутки 2470
Клиент 1 завершил 2470 суток проживания из 10000

Сутки 2471
Клиент 1 завершил 2471 суток проживания из 10000

Сутки 2472
Клиент 1 завершил 2472 суток проживания из 10000

Сутки 2473
Клиент 1 завершил 2473 суток проживания из 10000

Сутки 2474
Клиент 1 завершил 2474 суток проживания из 10000

Сутки 2475
Клиент 1 завершил 2475 суток проживания из 10000

Сутки 2476
Клиент 1 завершил 2476 суток проживания из 10000

Сутки 2477
Клиент 1 завершил 2477 суток проживания из 10000

Сутки 2478
Клиент 1 завершил 2478 суток проживания из 10000

Сутки 2479
Клиент 1 завершил 2479 суток проживания из 10000

Сутки 2480
Клиент 1 завершил 2480 суток проживания из 10000

Сутки 2481
Клиент 1 завершил 2481 суток проживания из 10000

Сутки 2482
Клиент 1 завершил 2482 суток проживания из 10000

Сутки 2483
Клиент 1 завершил 2483 суток проживания из 10000

Сутки 2484
Клиент 1 завершил 2484 суток проживания из 10000

Сутки 2485
Клиент 1 завершил 2485 суток проживания из 10000

Сутки 2486
Клиент 1 завершил 2486 суток проживания из 10000

Сутки 2487
Клиент 1 завершил 2487 суток проживания из 10000

Сутки 2488
Клиент 1 завершил 2488 суток проживания из 10000

Сутки 2489
Клиент 1 завершил 2489 суток проживания из 10000

Сутки 2490
Клиент 1 завершил 2490 суток проживания из 10000

Сутки 2491
Клиент 1 завершил 2491 суток проживания из 10000

Сутки 2492
Клиент 1 завершил 2492 суток проживания из 10000

Сутки 2493
Клиент 1 завершил 2493 суток проживания из 10000

Сутки 2494
Клиент 1 завершил 2494 суток проживания из 10000

Сутки 2495
Клиент 1 завершил 2495 суток проживания из 10000

Сутки 2496
Клиент 1 завершил 2496 суток проживания из 10000

Сутки 2497
Клиент 1 завершил 2497 суток проживания из 10000

Сутки 2498
Клиент 1 завершил 2498 суток проживания из 10000

Сутки 2499
Клиент 1 завершил 2499 суток проживания из 10000

Сутки 2500
Клиент 1 завершил 2500 суток проживания из 10000

Сутки 2501
Клиент 1 завершил 2501 суток проживания из 10000

Сутки 2502
Клиент 1 завершил 2502 суток проживания из 10000

Сутки 2503
Клиент 1 завершил 2503 суток проживания из 10000

Сутки 2504
Клиент 1 завершил 2504 суток проживания из 10000

Сутки 2505
Клиент 1 завершил 2505 суток проживания из 10000

Сутки 2506
Клиент 1 завершил 2506 суток проживания из 10000

Сутки 2507
Клиент 1 завершил 2507 суток проживания из 10000

Сутки 2508
Клиент 1 завершил 2508 суток проживания из 10000

Сутки 2509
Клиент 1 завершил 2509 суток проживания из 10000

Сутки 2510
Клиент 1 завершил 2510 суток проживания из 10000

Сутки 2511
Клиент 1 завершил 2511 суток проживания из 10000

Сутки 2512
Клиент 1 завершил 2512 суток проживания из 10000

Сутки 2513
Клиент 1 завершил 2513 суток проживания из 10000

Сутки 2514
Клиент 1 завершил 2514 суток проживания из 10000

Сутки 2515
Клиент 1 завершил 2515 суток проживания из 10000

Сутки 2516
Клиент 1 завершил 2516 суток проживания из 10000

Сутки 2517
Клиент 1 завершил 2517 суток проживания из 10000

Сутки 2518
Клиент 1 завершил 2518 суток проживания из 10000

Сутки 2519
Клиент 1 завершил 2519 суток проживания из 10000

Сутки 2520
Клиент 1 завершил 2520 суток проживания из 10000

Сутки 2521
Клиент 1 завершил 2521 суток проживания из 10000

Сутки 2522
Клиент 1 завершил 2522 суток проживания из 10000

Сутки 2523
Клиент 1 завершил 2523 суток проживания из 10000

Сутки 2524
Клиент 1 завершил 2524 суток проживания из 10000

Сутки 2525
Клиент 1 завершил 2525 суток проживания из 10000

Сутки 2526
Клиент 1 завершил 2526 суток проживания из 10000

Сутки 2527
Клиент 1 завершил 2527 суток проживания из 10000

Сутки 2528
Клиент 1 завершил 2528 суток проживания из 10000

Сутки 2529
Клиент 1 завершил 2529 суток проживания из 10000

Сутки 2530
Клиент 1 завершил 2530 суток проживания из 10000

Сутки 2531
Клиент 1 завершил 2531 суток проживания из 10000

Сутки 2532
Клиент 1 завершил 2532 суток проживания из 10000

Сутки 2533
Клиент 1 завершил 2533 суток проживания из 10000

Сутки 2534
Клиент 1 завершил 2534 суток проживания из 10000

Сутки 2535
Клиент 1 завершил 2535 суток проживания из 10000

Сутки 2536
Клиент 1 завершил 2536 суток проживания из 10000

Сутки 2537
Клиент 1 завершил 2537 суток проживания из 10000

Сутки 2538
Клиент 1 завершил 2538 суток проживания из 10000

Сутки 2539
Клиент 1 завершил 2539 суток проживания из 10000

Сутки 2540
Клиент 1 завершил 2540 суток проживания из 10000

Сутки 2541
Клиент 1 завершил 2541 суток проживания из 10000

Сутки 2542
Клиент 1 завершил 2542 суток проживания из 10000

Сутки 2543
Клиент 1 завершил 2543 суток проживания из 10000

Сутки 2544
Клиент 1 завершил 2544 суток проживания из 10000

Сутки 2545
Клиент 1 завершил 2545 суток проживания из 10000

Сутки 2546
Клиент 1 завершил 2546 суток проживания из 10000

Сутки 2547
Клиент 1 завершил 2547 суток проживания из 10000

Сутки 2548
Клиент 1 завершил 2548 суток проживания из 10000

Сутки 2549
Клиент 1 завершил 2549 суток проживания из 10000

Сутки 2550
Клиент 1 завершил 2550 суток проживания из 10000

Сутки 2551
Клиент 1 завершил 2551 суток проживания из 10000

Сутки 2552
Клиент 1 завершил 2552 суток проживания из 10000

Сутки 2553
Клиент 1 завершил 2553 суток проживания из 10000

Сутки 2554
Клиент 1 завершил 2554 суток проживания из 10000

Сутки 2555
Клиент 1 завершил 2555 суток проживания из 10000

Сутки 2556
Клиент 1 завершил 2556 суток проживания из 10000

Сутки 2557
Клиент 1 завершил 2557 суток проживания из 10000

Сутки 2558
Клиент 1 завершил 2558 суток проживания из 10000

Сутки 2559
Клиент 1 завершил 2559 суток проживания из 10000

Сутки 2560
Клиент 1 завершил 2560 суток проживания из 10000

Сутки 2561
Клиент 1 завершил 2561 суток проживания из 10000

Сутки 2562
Клиент 1 завершил 2562 суток проживания из 10000

Сутки 2563
Клиент 1 завершил 2563 суток проживания из 10000

Сутки 2564
Клиент 1 завершил 2564 суток проживания из 10000

Сутки 2565
Клиент 1 завершил 2565 суток проживания из 10000

Сутки 2566
Клиент 1 завершил 2566 суток проживания из 10000

Сутки 2567
Клиент 1 завершил 2567 суток проживания из 10000

Сутки 2568
Клиент 1 завершил 2568 суток проживания из 10000

Сутки 2569
Клиент 1 завершил 2569 суток проживания из 10000

Сутки 2570
Клиент 1 завершил 2570 суток проживания из 10000

Сутки 2571
Клиент 1 завершил 2571 суток проживания из 10000

Сутки 2572
Клиент 1 завершил 2572 суток проживания из 10000

Сутки 2573
Клиент 1 завершил 2573 суток проживания из 10000

Сутки 2574
Клиент 1 завершил 2574 суток проживания из 10000

Сутки 2575
Клиент 1 завершил 2575 суток проживания из 10000

Сутки 2576
Клиент 1 завершил 2576 суток проживания из 10000

Сутки 2577
Клиент 1 завершил 2577 суток проживания из 10000

Сутки 2578
Клиент 1 завершил 2578 суток проживания из 10000

Сутки 2579
Клиент 1 завершил 2579 суток проживания из 10000

Сутки 2580
Клиент 1 завершил 2580 суток проживания из 10000

Сутки 2581
Клиент 1 завершил 2581 суток проживания из 10000

Сутки 2582
Клиент 1 завершил 2582 суток проживания из 10000

Сутки 2583
Клиент 1 завершил 2583 суток проживания из 10000

Сутки 2584
Клиент 1 завершил 2584 суток проживания из 10000

Сутки 2585
Клиент 1 завершил 2585 суток проживания из 10000

Сутки 2586
Клиент 1 завершил 2586 суток проживания из 10000

Сутки 2587
Клиент 1 завершил 2587 суток проживания из 10000

Сутки 2588
Клиент 1 завершил 2588 суток проживания из 10000

Сутки 2589
Клиент 1 завершил 2589 суток проживания из 10000

Сутки 2590
Клиент 1 завершил 2590 суток проживания из 10000

Сутки 2591
Клиент 1 завершил 2591 суток проживания из 10000

Сутки 2592
Клиент 1 завершил 2592 суток проживания из 10000

Сутки 2593
Клиент 1 завершил 2593 суток проживания из 10000

Сутки 2594
Клиент 1 завершил 2594 суток проживания из 10000

Сутки 2595
Клиент 1 завершил 2595 суток проживания из 10000

Сутки 2596
Клиент 1 завершил 2596 суток проживания из 10000

Сутки 2597
Клиент 1 завершил 2597 суток проживания из 10000

Сутки 2598
Клиент 1 завершил 2598 суток проживания из 10000

Сутки 2599
Клиент 1 завершил 2599 суток проживания из 10000

Сутки 2600
Клиент 1 завершил 2600 суток проживания из 10000

Сутки 2601
Клиент 1 завершил 2601 суток проживания из 10000

Сутки 2602
Клиент 1 завершил 2602 суток проживания из 10000

Сутки 2603
Клиент 1 завершил 2603 суток проживания из 10000

Сутки 2604
Клиент 1 завершил 2604 суток проживания из 10000

Сутки 2605
Клиент 1 завершил 2605 суток проживания из 10000

Сутки 2606
Клиент 1 завершил 2606 суток проживания из 10000

Сутки 2607
Клиент 1 завершил 2607 суток проживания из 10000

Сутки 2608
Клиент 1 завершил 2608 суток проживания из 10000

Сутки 2609
Клиент 1 завершил 2609 суток проживания из 10000

Сутки 2610
Клиент 1 завершил 2610 суток проживания из 10000

Сутки 2611
Клиент 1 завершил 2611 суток проживания из 10000

Сутки 2612
Клиент 1 завершил 2612 суток проживания из 10000

Сутки 2613
Клиент 1 завершил 2613 суток проживания из 10000

Сутки 2614
Клиент 1 завершил 2614 суток проживания из 10000

Сутки 2615
Клиент 1 завершил 2615 суток проживания из 10000

Сутки 2616
Клиент 1 завершил 2616 суток проживания из 10000

Сутки 2617
Клиент 1 завершил 2617 суток проживания из 10000

Сутки 2618
Клиент 1 завершил 2618 суток проживания из 10000

Сутки 2619
Клиент 1 завершил 2619 суток проживания из 10000

Сутки 2620
Клиент 1 завершил 2620 суток проживания из 10000

Сутки 2621
Клиент 1 завершил 2621 суток проживания из 10000

Сутки 2622
Клиент 1 завершил 2622 суток проживания из 10000

Сутки 2623
Клиент 1 завершил 2623 суток проживания из 10000

Сутки 2624
Клиент 1 завершил 2624 суток проживания из 10000

Сутки 2625
Клиент 1 завершил 2625 суток проживания из 10000

Сутки 2626
Клиент 1 завершил 2626 суток проживания из 10000

Сутки 2627
Клиент 1 завершил 2627 суток проживания из 10000

Сутки 2628
Клиент 1 завершил 2628 суток проживания из 10000

Сутки 2629
Клиент 1 завершил 2629 суток проживания из 10000

Сутки 2630
Клиент 1 завершил 2630 суток проживания из 10000

Сутки 2631
Клиент 1 завершил 2631 суток проживания из 10000

Сутки 2632
Клиент 1 завершил 2632 суток проживания из 10000

Сутки 2633
Клиент 1 завершил 2633 суток проживания из 10000

Сутки 2634
Клиент 1 завершил 2634 суток проживания из 10000

Сутки 2635
Клиент 1 завершил 2635 суток проживания из 10000

Сутки 2636
Клиент 1 завершил 2636 суток проживания из 10000

Сутки 2637
Клиент 1 завершил 2637 суток проживания из 10000

Сутки 2638
Клиент 1 завершил 2638 суток проживания из 10000

Сутки 2639
Клиент 1 завершил 2639 суток проживания из 10000

Сутки 2640
Клиент 1 завершил 2640 суток проживания из 10000

Сутки 2641
Клиент 1 завершил 2641 суток проживания из 10000

Сутки 2642
Клиент 1 завершил 2642 суток проживания из 10000

Сутки 2643
Клиент 1 завершил 2643 суток проживания из 10000

Сутки 2644
Клиент 1 завершил 2644 суток проживания из 10000

Сутки 2645
Клиент 1 завершил 2645 суток проживания из 10000

Сутки 2646
Клиент 1 завершил 2646 суток проживания из 10000

Сутки 2647
Клиент 1 завершил 2647 суток проживания из 10000

Сутки 2648
Клиент 1 завершил 2648 суток проживания из 10000

Сутки 2649
Клиент 1 завершил 2649 суток проживания из 10000

Сутки 2650
Клиент 1 завершил 2650 суток проживания из 10000

Сутки 2651
Клиент 1 завершил 2651 суток проживания из 10000

Сутки 2652
Клиент 1 завершил 2652 суток проживания из 10000

Сутки 2653
Клиент 1 завершил 2653 суток проживания из 10000

Сутки 2654
Клиент 1 завершил 2654 суток проживания из 10000

Сутки 2655
Клиент 1 завершил 2655 суток проживания из 10000

Сутки 2656
Клиент 1 завершил 2656 суток проживания из 10000

Сутки 2657
Клиент 1 завершил 2657 суток проживания из 10000

Сутки 2658
Клиент 1 завершил 2658 суток проживания из 10000

Сутки 2659
Клиент 1 завершил 2659 суток проживания из 10000

Сутки 2660
Клиент 1 завершил 2660 суток проживания из 10000

Сутки 2661
Клиент 1 завершил 2661 суток проживания из 10000

Сутки 2662
Клиент 1 завершил 2662 суток проживания из 10000

Сутки 2663
Клиент 1 завершил 2663 суток проживания из 10000

Сутки 2664
Клиент 1 завершил 2664 суток проживания из 10000

Сутки 2665
Клиент 1 завершил 2665 суток проживания из 10000

Сутки 2666
Клиент 1 завершил 2666 суток проживания из 10000

Сутки 2667
Клиент 1 завершил 2667 суток проживания из 10000

Сутки 2668
Клиент 1 завершил 2668 суток проживания из 10000

Сутки 2669
Клиент 1 завершил 2669 суток проживания из 10000

Сутки 2670
Клиент 1 завершил 2670 суток проживания из 10000

Сутки 2671
Клиент 1 завершил 2671 суток проживания из 10000

Сутки 2672
Клиент 1 завершил 2672 суток проживания из 10000

Сутки 2673
Клиент 1 завершил 2673 суток проживания из 10000

Сутки 2674
Клиент 1 завершил 2674 суток проживания из 10000

Сутки 2675
Клиент 1 завершил 2675 суток проживания из 10000

Сутки 2676
Клиент 1 завершил 2676 суток проживания из 10000

Сутки 2677
Клиент 1 завершил 2677 суток проживания из 10000

Сутки 2678
Клиент 1 завершил 2678 суток проживания из 10000

Сутки 2679
Клиент 1 завершил 2679 суток проживания из 10000

Сутки 2680
Клиент 1 завершил 2680 суток проживания из 10000

Сутки 2681
Клиент 1 завершил 2681 суток проживания из 10000

Сутки 2682
Клиент 1 завершил 2682 суток проживания из 10000

Сутки 2683
Клиент 1 завершил 2683 суток проживания из 10000

Сутки 2684
Клиент 1 завершил 2684 суток проживания из 10000

Сутки 2685
Клиент 1 завершил 2685 суток проживания из 10000

Сутки 2686
Клиент 1 завершил 2686 суток проживания из 10000

Сутки 2687
Клиент 1 завершил 2687 суток проживания из 10000

Сутки 2688
Клиент 1 завершил 2688 суток проживания из 10000

Сутки 2689
Клиент 1 завершил 2689 суток проживания из 10000

Сутки 2690
Клиент 1 завершил 2690 суток проживания из 10000

Сутки 2691
Клиент 1 завершил 2691 суток проживания из 10000

Сутки 2692
Клиент 1 завершил 2692 суток проживания из 10000

Сутки 2693
Клиент 1 завершил 2693 суток проживания из 10000

Сутки 2694
Клиент 1 завершил 2694 суток проживания из 10000

Сутки 2695
Клиент 1 завершил 2695 суток проживания из 10000

Сутки 2696
Клиент 1 завершил 2696 суток проживания из 10000

Сутки 2697
Клиент 1 завершил 2697 суток проживания из 10000

Сутки 2698
Клиент 1 завершил 2698 суток проживания из 10000

Сутки 2699
Клиент 1 завершил 2699 суток проживания из 10000

Сутки 2700
Клиент 1 завершил 2700 суток проживания из 10000

Сутки 2701
Клиент 1 завершил 2701 суток проживания из 10000

Сутки 2702
Клиент 1 завершил 2702 суток проживания из 10000

Сутки 2703
Клиент 1 завершил 2703 суток проживания из 10000

Сутки 2704
Клиент 1 завершил 2704 суток проживания из 10000

Сутки 2705
Клиент 1 завершил 2705 суток проживания из 10000

Сутки 2706
Клиент 1 завершил 2706 суток проживания из 10000

Сутки 2707
Клиент 1 завершил 2707 суток проживания из 10000

Сутки 2708
Клиент 1 завершил 2708 суток проживания из 10000

Сутки 2709
Клиент 1 завершил 2709 суток проживания из 10000

Сутки 2710
Клиент 1 завершил 2710 суток проживания из 10000

Сутки 2711
Клиент 1 завершил 2711 суток проживания из 10000

Сутки 2712
Клиент 1 завершил 2712 суток проживания из 10000

Сутки 2713
Клиент 1 завершил 2713 суток проживания из 10000

Сутки 2714
Клиент 1 завершил 2714 суток проживания из 10000

Сутки 2715
Клиент 1 завершил 2715 суток проживания из 10000

Сутки 2716
Клиент 1 завершил 2716 суток проживания из 10000

Сутки 2717
Клиент 1 завершил 2717 суток проживания из 10000

Сутки 2718
Клиент 1 завершил 2718 суток проживания из 10000

Сутки 2719
Клиент 1 завершил 2719 суток проживания из 10000

Сутки 2720
Клиент 1 завершил 2720 суток проживания из 10000

Сутки 2721
Клиент 1 завершил 2721 суток проживания из 10000

Сутки 2722
Клиент 1 завершил 2722 суток проживания из 10000

Сутки 2723
Клиент 1 завершил 2723 суток проживания из 10000

Сутки 2724
Клиент 1 завершил 2724 суток проживания из 10000

Сутки 2725
Клиент 1 завершил 2725 суток проживания из 10000

Сутки 2726
Клиент 1 завершил 2726 суток проживания из 10000

Сутки 2727
Клиент 1 завершил 2727 суток проживания из 10000

Сутки 2728
Клиент 1 завершил 2728 суток проживания из 10000

Сутки 2729
Клиент 1 завершил 2729 суток проживания из 10000

Сутки 2730
Клиент 1 завершил 2730 суток проживания из 10000

Сутки 2731
Клиент 1 завершил 2731 суток проживания из 10000

Сутки 2732
Клиент 1 завершил 2732 суток проживания из 10000

Сутки 2733
Клиент 1 завершил 2733 суток проживания из 10000

Сутки 2734
Клиент 1 завершил 2734 суток проживания из 10000

Сутки 2735
Клиент 1 завершил 2735 суток проживания из 10000

Сутки 2736
Клиент 1 завершил 2736 суток проживания из 10000

Сутки 2737
Клиент 1 завершил 2737 суток проживания из 10000

Сутки 2738
Клиент 1 завершил 2738 суток проживания из 10000

Сутки 2739
Клиент 1 завершил 2739 суток проживания из 10000

Сутки 2740
Клиент 1 завершил 2740 суток проживания из 10000

Сутки 2741
Клиент 1 завершил 2741 суток проживания из 10000

Сутки 2742
Клиент 1 завершил 2742 суток проживания из 10000

Сутки 2743
Клиент 1 завершил 2743 суток проживания из 10000

Сутки 2744
Клиент 1 завершил 2744 суток проживания из 10000

Сутки 2745
Клиент 1 завершил 2745 суток проживания из 10000

Сутки 2746
Клиент 1 завершил 2746 суток проживания из 10000

Сутки 2747
Клиент 1 завершил 2747 суток проживания из 10000

Сутки 2748
Клиент 1 завершил 2748 суток проживания из 10000

Сутки 2749
Клиент 1 завершил 2749 суток проживания из 10000

Сутки 2750
Клиент 1 завершил 2750 суток проживания из 10000

Сутки 2751
Клиент 1 завершил 2751 суток проживания из 10000

Сутки 2752
Клиент 1 завершил 2752 суток проживания из 10000

Сутки 2753
Клиент 1 завершил 2753 суток проживания из 10000

Сутки 2754
Клиент 1 завершил 2754 суток проживания из 10000

Сутки 2755
Клиент 1 завершил 2755 суток проживания из 10000

Сутки 2756
Клиент 1 завершил 2756 суток проживания из 10000

Сутки 2757
Клиент 1 завершил 2757 суток проживания из 10000

Сутки 2758
Клиент 1 завершил 2758 суток проживания из 10000

Сутки 2759
Клиент 1 завершил 2759 суток проживания из 10000

Сутки 2760
Клиент 1 завершил 2760 суток проживания из 10000

Сутки 2761
Клиент 1 завершил 2761 суток проживания из 10000

Сутки 2762
Клиент 1 завершил 2762 суток проживания из 10000

Сутки 2763
Клиент 1 завершил 2763 суток проживания из 10000

Сутки 2764
Клиент 1 завершил 2764 суток проживания из 10000

Сутки 2765
Клиент 1 завершил 2765 суток проживания из 10000

Сутки 2766
Клиент 1 завершил 2766 суток проживания из 10000

Сутки 2767
Клиент 1 завершил 2767 суток проживания из 10000

Сутки 2768
Клиент 1 завершил 2768 суток проживания из 10000

Сутки 2769
Клиент 1 завершил 2769 суток проживания из 10000

Сутки 2770
Клиент 1 завершил 2770 суток проживания из 10000

Сутки 2771
Клиент 1 завершил 2771 суток проживания из 10000

Сутки 2772
Клиент 1 завершил 2772 суток проживания из 10000

Сутки 2773
Клиент 1 завершил 2773 суток проживания из 10000

Сутки 2774
Клиент 1 завершил 2774 суток проживания из 10000

Сутки 2775
Клиент 1 завершил 2775 суток проживания из 10000

Сутки 2776
Клиент 1 завершил 2776 суток проживания из 10000

Сутки 2777
Клиент 1 завершил 2777 суток проживания из 10000

Сутки 2778
Клиент 1 завершил 2778 суток проживания из 10000

Сутки 2779
Клиент 1 завершил 2779 суток проживания из 10000

Сутки 2780
Клиент 1 завершил 2780 суток проживания из 10000

Сутки 2781
Клиент 1 завершил 2781 суток проживания из 10000

Сутки 2782
Клиент 1 завершил 2782 суток проживания из 10000

Сутки 2783
Клиент 1 завершил 2783 суток проживания из 10000

Сутки 2784
Клиент 1 завершил 2784 суток проживания из 10000

Сутки 2785
Клиент 1 завершил 2785 суток проживания из 10000

Сутки 2786
Клиент 1 завершил 2786 суток проживания из 10000

Сутки 2787
Клиент 1 завершил 2787 суток проживания из 10000

Сутки 2788
Клиент 1 завершил 2788 суток проживания из 10000

Сутки 2789
Клиент 1 завершил 2789 суток проживания из 10000

Сутки 2790
Клиент 1 завершил 2790 суток проживания из 10000

Сутки 2791
Клиент 1 завершил 2791 суток проживания из 10000

Сутки 2792
Клиент 1 завершил 2792 суток проживания из 10000

Сутки 2793
Клиент 1 завершил 2793 суток проживания из 10000

Сутки 2794
Клиент 1 завершил 2794 суток проживания из 10000

Сутки 2795
Клиент 1 завершил 2795 суток проживания из 10000

Сутки 2796
Клиент 1 завершил 2796 суток проживания из 10000

Сутки 2797
Клиент 1 завершил 2797 суток проживания из 10000

Сутки 2798
Клиент 1 завершил 2798 суток проживания из 10000

Сутки 2799
Клиент 1 завершил 2799 суток проживания из 10000

Сутки 2800
Клиент 1 завершил 2800 суток проживания из 10000

Сутки 2801
Клиент 1 завершил 2801 суток проживания из 10000

Сутки 2802
Клиент 1 завершил 2802 суток проживания из 10000

Сутки 2803
Клиент 1 завершил 2803 суток проживания из 10000

Сутки 2804
Клиент 1 завершил 2804 суток проживания из 10000

Сутки 2805
Клиент 1 завершил 2805 суток проживания из 10000

Сутки 2806
Клиент 1 завершил 2806 суток проживания из 10000

Сутки 2807
Клиент 1 завершил 2807 суток проживания из 10000

Сутки 2808
Клиент 1 завершил 2808 суток проживания из 10000

Сутки 2809
Клиент 1 завершил 2809 суток проживания из 10000

Сутки 2810
Клиент 1 завершил 2810 суток проживания из 10000

Сутки 2811
Клиент 1 завершил 2811 суток проживания из 10000

Сутки 2812
Клиент 1 завершил 2812 суток проживания из 10000

Сутки 2813
Клиент 1 завершил 2813 суток проживания из 10000

Сутки 2814
Клиент 1 завершил 2814 суток проживания из 10000

Сутки 2815
Клиент 1 завершил 2815 суток проживания из 10000

Сутки 2816
Клиент 1 завершил 2816 суток проживания из 10000

Сутки 2817
Клиент 1 завершил 2817 суток проживания из 10000

Сутки 2818
Клиент 1 завершил 2818 суток проживания из 10000

Сутки 2819
Клиент 1 завершил 2819 суток проживания из 10000

Сутки 2820
Клиент 1 завершил 2820 суток проживания из 10000

Сутки 2821
Клиент 1 завершил 2821 суток проживания из 10000

Сутки 2822
Клиент 1 завершил 2822 суток проживания из 10000

Сутки 2823
Клиент 1 завершил 2823 суток проживания из 10000

Сутки 2824
Клиент 1 завершил 2824 суток проживания из 10000

Сутки 2825
Клиент 1 завершил 2825 суток проживания из 10000

Сутки 2826
Клиент 1 завершил 2826 суток проживания из 10000

Сутки 2827
Клиент 1 завершил 2827 суток проживания из 10000

Сутки 2828
Клиент 1 завершил 2828 суток проживания из 10000

Сутки 2829
Клиент 1 завершил 2829 суток проживания из 10000

Сутки 2830
Клиент 1 завершил 2830 суток проживания из 10000

Сутки 2831
Клиент 1 завершил 2831 суток проживания из 10000

Сутки 2832
Клиент 1 завершил 2832 суток проживания из 10000

Сутки 2833
Клиент 1 завершил 2833 суток проживания из 10000

Сутки 2834
Клиент 1 завершил 2834 суток проживания из 10000

Сутки 2835
Клиент 1 завершил 2835 суток проживания из 10000

Сутки 2836
Клиент 1 завершил 2836 суток проживания из 10000

Сутки 2837
Клиент 1 завершил 2837 суток проживания из 10000

Сутки 2838
Клиент 1 завершил 2838 суток проживания из 10000

Сутки 2839
Клиент 1 завершил 2839 суток проживания из 10000

Сутки 2840
Клиент 1 завершил 2840 суток проживания из 10000

Сутки 2841
Клиент 1 завершил 2841 суток проживания из 10000

Сутки 2842
Клиент 1 завершил 2842 суток проживания из 10000

Сутки 2843
Клиент 1 завершил 2843 суток проживания из 10000

Сутки 2844
Клиент 1 завершил 2844 суток проживания из 10000

Сутки 2845
Клиент 1 завершил 2845 суток проживания из 10000

Сутки 2846
Клиент 1 завершил 2846 суток проживания из 10000

Сутки 2847
Клиент 1 завершил 2847 суток проживания из 10000

Сутки 2848
Клиент 1 завершил 2848 суток проживания из 10000

Сутки 2849
Клиент 1 завершил 2849 суток проживания из 10000

Сутки 2850
Клиент 1 завершил 2850 суток проживания из 10000

Сутки 2851
Клиент 1 завершил 2851 суток проживания из 10000

Сутки 2852
Клиент 1 завершил 2852 суток проживания из 10000

Сутки 2853
Клиент 1 завершил 2853 суток проживания из 10000

Сутки 2854
Клиент 1 завершил 2854 суток проживания из 10000

Сутки 2855
Клиент 1 завершил 2855 суток проживания из 10000

Сутки 2856
Клиент 1 завершил 2856 суток проживания из 10000

Сутки 2857
Клиент 1 завершил 2857 суток проживания из 10000

Сутки 2858
Клиент 1 завершил 2858 суток проживания из 10000

Сутки 2859
Клиент 1 завершил 2859 суток проживания из 10000

Сутки 2860
Клиент 1 завершил 2860 суток проживания из 10000

Сутки 2861
Клиент 1 завершил 2861 суток проживания из 10000

Сутки 2862
Клиент 1 завершил 2862 суток проживания из 10000

Сутки 2863
Клиент 1 завершил 2863 суток проживания из 10000

Сутки 2864
Клиент 1 завершил 2864 суток проживания из 10000

Сутки 2865
Клиент 1 завершил 2865 суток проживания из 10000

Сутки 2866
Клиент 1 завершил 2866 суток проживания из 10000

Сутки 2867
Клиент 1 завершил 2867 суток проживания из 10000

Сутки 2868
Клиент 1 завершил 2868 суток проживания из 10000

Сутки 2869
Клиент 1 завершил 2869 суток проживания из 10000

Сутки 2870
Клиент 1 завершил 2870 суток проживания из 10000

Сутки 2871
Клиент 1 завершил 2871 суток проживания из 10000

Сутки 2872
Клиент 1 завершил 2872 суток проживания из 10000

Сутки 2873
Клиент 1 завершил 2873 суток проживания из 10000

Сутки 2874
Клиент 1 завершил 2874 суток проживания из 10000

Сутки 2875
Клиент 1 завершил 2875 суток проживания из 10000

Сутки 2876
Клиент 1 завершил 2876 суток проживания из 10000

Сутки 2877
Клиент 1 завершил 2877 суток проживания из 10000

Сутки 2878
Клиент 1 завершил 2878 суток проживания из 10000

Сутки 2879
Клиент 1 завершил 2879 суток проживания из 10000

Сутки 2880
Клиент 1 завершил 2880 суток проживания из 10000

Сутки 2881
Клиент 1 завершил 2881 суток проживания из 10000

Сутки 2882
Клиент 1 завершил 2882 суток проживания из 10000

Сутки 2883
Клиент 1 завершил 2883 суток проживания из 10000

Сутки 2884
Клиент 1 завершил 2884 суток проживания из 10000

Сутки 2885
Клиент 1 завершил 2885 суток проживания из 10000

Сутки 2886
Клиент 1 завершил 2886 суток проживания из 10000

Сутки 2887
Клиент 1 завершил 2887 суток проживания из 10000

Сутки 2888
Клиент 1 завершил 2888 суток проживания из 10000

Сутки 2889
Клиент 1 завершил 2889 суток проживания из 10000

Сутки 2890
Клиент 1 завершил 2890 суток проживания из 10000

Сутки 2891
Клиент 1 завершил 2891 суток проживания из 10000

Сутки 2892
Клиент 1 завершил 2892 суток проживания из 10000

Сутки 2893
Клиент 1 завершил 2893 суток проживания из 10000

Сутки 2894
Клиент 1 завершил 2894 суток проживания из 10000

Сутки 2895
Клиент 1 завершил 2895 суток проживания из 10000

Сутки 2896
Клиент 1 завершил 2896 суток проживания из 10000

Сутки 2897
Клиент 1 завершил 2897 суток проживания из 10000

Сутки 2898
Клиент 1 завершил 2898 суток проживания из 10000

Сутки 2899
Клиент 1 завершил 2899 суток проживания из 10000

Сутки 2900
Клиент 1 завершил 2900 суток проживания из 10000

Сутки 2901
Клиент 1 завершил 2901 суток проживания из 10000

Сутки 2902
Клиент 1 завершил 2902 суток проживания из 10000

Сутки 2903
Клиент 1 завершил 2903 суток проживания из 10000

Сутки 2904
Клиент 1 завершил 2904 суток проживания из 10000

Сутки 2905
Клиент 1 завершил 2905 суток проживания из 10000

Сутки 2906
Клиент 1 завершил 2906 суток проживания из 10000

Сутки 2907
Клиент 1 завершил 2907 суток проживания из 10000

Сутки 2908
Клиент 1 завершил 2908 суток проживания из 10000

Сутки 2909
Клиент 1 завершил 2909 суток проживания из 10000

Сутки 2910
Клиент 1 завершил 2910 суток проживания из 10000

Сутки 2911
Клиент 1 завершил 2911 суток проживания из 10000

Сутки 2912
Клиент 1 завершил 2912 суток проживания из 10000

Сутки 2913
Клиент 1 завершил 2913 суток проживания из 10000

Сутки 2914
Клиент 1 завершил 2914 суток проживания из 10000

Сутки 2915
Клиент 1 завершил 2915 суток проживания из 10000

Сутки 2916
Клиент 1 завершил 2916 суток проживания из 10000

Сутки 2917
Клиент 1 завершил 2917 суток проживания из 10000

Сутки 2918
Клиент 1 завершил 2918 суток проживания из 10000

Сутки 2919
Клиент 1 завершил 2919 суток проживания из 10000

Сутки 2920
Клиент 1 завершил 2920 суток проживания из 10000

Сутки 2921
Клиент 1 завершил 2921 суток проживания из 10000

Сутки 2922
Клиент 1 завершил 2922 суток проживания из 10000

Сутки 2923
Клиент 1 завершил 2923 суток проживания из 10000

Сутки 2924
Клиент 1 завершил 2924 суток проживания из 10000

Сутки 2925
Клиент 1 завершил 2925 суток проживания из 10000

Сутки 2926
Клиент 1 завершил 2926 суток проживания из 10000

Сутки 2927
Клиент 1 завершил 2927 суток проживания из 10000

Сутки 2928
Клиент 1 завершил 2928 суток проживания из 10000

Сутки 2929
Клиент 1 завершил 2929 суток проживания из 10000

Сутки 2930
Клиент 1 завершил 2930 суток проживания из 10000

Сутки 2931
Клиент 1 завершил 2931 суток проживания из 10000

Сутки 2932
Клиент 1 завершил 2932 суток проживания из 10000

Сутки 2933
Клиент 1 завершил 2933 суток проживания из 10000

Сутки 2934
Клиент 1 завершил 2934 суток проживания из 10000

Сутки 2935
Клиент 1 завершил 2935 суток проживания из 10000

Сутки 2936
Клиент 1 завершил 2936 суток проживания из 10000

Сутки 2937
Клиент 1 завершил 2937 суток проживания из 10000

Сутки 2938
Клиент 1 завершил 2938 суток проживания из 10000

Сутки 2939
Клиент 1 завершил 2939 суток проживания из 10000

Сутки 2940
Клиент 1 завершил 2940 суток проживания из 10000

Сутки 2941
Клиент 1 завершил 2941 суток проживания из 10000

Сутки 2942
Клиент 1 завершил 2942 суток проживания из 10000

Сутки 2943
Клиент 1 завершил 2943 суток проживания из 10000

Сутки 2944
Клиент 1 завершил 2944 суток проживания из 10000

Сутки 2945
Клиент 1 завершил 2945 суток проживания из 10000

Сутки 2946
Клиент 1 завершил 2946 суток проживания из 10000

Сутки 2947
Клиент 1 завершил 2947 суток проживания из 10000

Сутки 2948
Клиент 1 завершил 2948 суток проживания из 10000

Сутки 2949
Клиент 1 завершил 2949 суток проживания из 10000

Сутки 2950
Клиент 1 завершил 2950 суток проживания из 10000

Сутки 2951
Клиент 1 завершил 2951 суток проживания из 10000

Сутки 2952
Клиент 1 завершил 2952 суток проживания из 10000

Сутки 2953
Клиент 1 завершил 2953 суток проживания из 10000

Сутки 2954
Клиент 1 завершил 2954 суток проживания из 10000

Сутки 2955
Клиент 1 завершил 2955 суток проживания из 10000

Сутки 2956
Клиент 1 завершил 2956 суток проживания из 10000

Сутки 2957
Клиент 1 завершил 2957 суток проживания из 10000

Сутки 2958
Клиент 1 завершил 2958 суток проживания из 10000

Сутки 2959
Клиент 1 завершил 2959 суток проживания из 10000

Сутки 2960
Клиент 1 завершил 2960 суток проживания из 10000

Сутки 2961
Клиент 1 завершил 2961 суток проживания из 10000

Сутки 2962
Клиент 1 завершил 2962 суток проживания из 10000

Сутки 2963
Клиент 1 завершил 2963 суток проживания из 10000

Сутки 2964
Клиент 1 завершил 2964 суток проживания из 10000

Сутки 2965
Клиент 1 завершил 2965 суток проживания из 10000

Сутки 2966
Клиент 1 завершил 2966 суток проживания из 10000

Сутки 2967
Клиент 1 завершил 2967 суток проживания из 10000

Сутки 2968
Клиент 1 завершил 2968 суток проживания из 10000

Сутки 2969
Клиент 1 завершил 2969 суток проживания из 10000

Сутки 2970
Клиент 1 завершил 2970 суток проживания из 10000

Сутки 2971
Клиент 1 завершил 2971 суток проживания из 10000

Сутки 2972
Клиент 1 завершил 2972 суток проживания из 10000

Сутки 2973
Клиент 1 завершил 2973 суток проживания из 10000

Сутки 2974
Клиент 1 завершил 2974 суток проживания из 10000

Сутки 2975
Клиент 1 завершил 2975 суток проживания из 10000

Сутки 2976
Клиент 1 завершил 2976 суток проживания из 10000

Сутки 2977
Клиент 1 завершил 2977 суток проживания из 10000

Сутки 2978
Клиент 1 завершил 2978 суток проживания из 10000

Сутки 2979
Клиент 1 завершил 2979 суток проживания из 10000

Сутки 2980
Клиент 1 завершил 2980 суток проживания из 10000

Сутки 2981
Клиент 1 завершил 2981 суток проживания из 10000

Сутки 2982
Клиент 1 завершил 2982 суток проживания из 10000

Сутки 2983
Клиент 1 завершил 2983 суток проживания из 10000

Сутки 2984
Клиент 1 завершил 2984 суток проживания из 10000

Сутки 2985
Клиент 1 завершил 2985 суток проживания из 10000

Сутки 2986
Клиент 1 завершил 2986 суток проживания из 10000

Сутки 2987
Клиент 1 завершил 2987 суток проживания из 10000

Сутки 2988
Клиент 1 завершил 2988 суток проживания из 10000

Сутки 2989
Клиент 1 завершил 2989 суток проживания из 10000

Сутки 2990
Клиент 1 завершил 2990 суток проживания из 10000

Сутки 2991
Клиент 1 завершил 2991 суток проживания из 10000

Сутки 2992
Клиент 1 завершил 2992 суток проживания из 10000

Сутки 2993
Клиент 1 завершил 2993 суток проживания из 10000

Сутки 2994
Клиент 1 завершил 2994 суток проживания из 10000

Сутки 2995
Клиент 1 завершил 2995 суток проживания из 10000

Сутки 2996
Клиент 1 завершил 2996 суток проживания из 10000

Сутки 2997
Клиент 1 завершил 2997 суток проживания из 10000

Сутки 2998
Клиент 1 завершил 2998 суток проживания из 10000

Сутки 2999
Клиент 1 завершил 2999 суток проживания из 10000

Сутки 3000
Клиент 1 завершил 3000 суток проживания из 10000

Сутки 3001
Клиент 1 завершил 3001 суток проживания из 10000

Сутки 3002
Клиент 1 завершил 3002 суток проживания из 10000

Сутки 3003
Клиент 1 завершил 3003 суток проживания из 10000

Сутки 3004
Клиент 1 завершил 3004 суток проживания из 10000

Сутки 3005
Клиент 1 завершил 3005 суток проживания из 10000

Сутки 3006
Клиент 1 завершил 3006 суток проживания из 10000

Сутки 3007
Клиент 1 завершил 3007 суток проживания из 10000

Сутки 3008
Клиент 1 завершил 3008 суток проживания из 10000

Сутки 3009
Клиент 1 завершил 3009 суток проживания из 10000

Сутки 3010
Клиент 1 завершил 3010 суток проживания из 10000

Сутки 3011
Клиент 1 завершил 3011 суток проживания из 10000

Сутки 3012
Клиент 1 завершил 3012 суток проживания из 10000

Сутки 3013
Клиент 1 завершил 3013 суток проживания из 10000

Сутки 3014
Клиент 1 завершил 3014 суток проживания из 10000

Сутки 3015
Клиент 1 завершил 3015 суток проживания из 10000

Сутки 3016
Клиент 1 завершил 3016 суток проживания из 10000

Сутки 3017
Клиент 1 завершил 3017 суток проживания из 10000

Сутки 3018
Клиент 1 завершил 3018 суток проживания из 10000

Сутки 3019
Клиент 1 завершил 3019 суток проживания из 10000

Сутки 3020
Клиент 1 завершил 3020 суток проживания из 10000

Сутки 3021
Клиент 1 завершил 3021 суток проживания из 10000

Сутки 3022
Клиент 1 завершил 3022 суток проживания из 10000

Сутки 3023
Клиент 1 завершил 3023 суток проживания из 10000

Сутки 3024
Клиент 1 завершил 3024 суток проживания из 10000

Сутки 3025
Клиент 1 завершил 3025 суток проживания из 10000

Сутки 3026
Клиент 1 завершил 3026 суток проживания из 10000

Сутки 3027
Клиент 1 завершил 3027 суток проживания из 10000

Сутки 3028
Клиент 1 завершил 3028 суток проживания из 10000

Сутки 3029
Клиент 1 завершил 3029 суток проживания из 10000

Сутки 3030
Клиент 1 завершил 3030 суток проживания из 10000

Сутки 3031
Клиент 1 завершил 3031 суток проживания из 10000

Сутки 3032
Клиент 1 завершил 3032 суток проживания из 10000

Сутки 3033
Клиент 1 завершил 3033 суток проживания из 10000

Сутки 3034
Клиент 1 завершил 3034 суток проживания из 10000

Сутки 3035
Клиент 1 завершил 3035 суток проживания из 10000

Сутки 3036
Клиент 1 завершил 3036 суток проживания из 10000

Сутки 3037
Клиент 1 завершил 3037 суток проживания из 10000

Сутки 3038
Клиент 1 завершил 3038 суток проживания из 10000

Сутки 3039
Клиент 1 завершил 3039 суток проживания из 10000

Сутки 3040
Клиент 1 завершил 3040 суток проживания из 10000

Сутки 3041
Клиент 1 завершил 3041 суток проживания из 10000

Сутки 3042
Клиент 1 завершил 3042 суток проживания из 10000

Сутки 3043
Клиент 1 завершил 3043 суток проживания из 10000

Сутки 3044
Клиент 1 завершил 3044 суток проживания из 10000

Сутки 3045
Клиент 1 завершил 3045 суток проживания из 10000

Сутки 3046
Клиент 1 завершил 3046 суток проживания из 10000

Сутки 3047
Клиент 1 завершил 3047 суток проживания из 10000

Сутки 3048
Клиент 1 завершил 3048 суток проживания из 10000

Сутки 3049
Клиент 1 завершил 3049 суток проживания из 10000

Сутки 3050
Клиент 1 завершил 3050 суток проживания из 10000

Сутки 3051
Клиент 1 завершил 3051 суток проживания из 10000

Сутки 3052
Клиент 1 завершил 3052 суток проживания из 10000

Сутки 3053
Клиент 1 завершил 3053 суток проживания из 10000

Сутки 3054
Клиент 1 завершил 3054 суток проживания из 10000

Сутки 3055
Клиент 1 завершил 3055 суток проживания из 10000

Сутки 3056
Клиент 1 завершил 3056 суток проживания из 10000

Сутки 3057
Клиент 1 завершил 3057 суток проживания из 10000

Сутки 3058
Клиент 1 завершил 3058 суток проживания из 10000

Сутки 3059
Клиент 1 завершил 3059 суток проживания из 10000

Сутки 3060
Клиент 1 завершил 3060 суток проживания из 10000

Сутки 3061
Клиент 1 завершил 3061 суток проживания из 10000

Сутки 3062
Клиент 1 завершил 3062 суток проживания из 10000

Сутки 3063
Клиент 1 завершил 3063 суток проживания из 10000

Сутки 3064
Клиент 1 завершил 3064 суток проживания из 10000

Сутки 3065
Клиент 1 завершил 3065 суток проживания из 10000

Сутки 3066
Клиент 1 завершил 3066 суток проживания из 10000

Сутки 3067
Клиент 1 завершил 3067 суток проживания из 10000

Сутки 3068
Клиент 1 завершил 3068 суток проживания из 10000

Сутки 3069
Клиент 1 завершил 3069 суток проживания из 10000

Сутки 3070
Клиент 1 завершил 3070 суток проживания из 10000

Сутки 3071
Клиент 1 завершил 3071 суток проживания из 10000

Сутки 3072
Клиент 1 завершил 3072 суток проживания из 10000

Сутки 3073
Клиент 1 завершил 3073 суток проживания из 10000

Сутки 3074
Клиент 1 завершил 3074 суток проживания из 10000

Сутки 3075
Клиент 1 завершил 3075 суток проживания из 10000

Сутки 3076
Клиент 1 завершил 3076 суток проживания из 10000

Сутки 3077
Клиент 1 завершил 3077 суток проживания из 10000

Сутки 3078
Клиент 1 завершил 3078 суток проживания из 10000

Сутки 3079
Клиент 1 завершил 3079 суток проживания из 10000

Сутки 3080
Клиент 1 завершил 3080 суток проживания из 10000

Сутки 3081
Клиент 1 завершил 3081 суток проживания из 10000

Сутки 3082
Клиент 1 завершил 3082 суток проживания из 10000

Сутки 3083
Клиент 1 завершил 3083 суток проживания из 10000

Сутки 3084
Клиент 1 завершил 3084 суток проживания из 10000

Сутки 3085
Клиент 1 завершил 3085 суток проживания из 10000

Сутки 3086
Клиент 1 завершил 3086 суток проживания из 10000

Сутки 3087
Клиент 1 завершил 3087 суток проживания из 10000

Сутки 3088
Клиент 1 завершил 3088 суток проживания из 10000

Сутки 3089
Клиент 1 завершил 3089 суток проживания из 10000

Сутки 3090
Клиент 1 завершил 3090 суток проживания из 10000

Сутки 3091
Клиент 1 завершил 3091 суток проживания из 10000

Сутки 3092
Клиент 1 завершил 3092 суток проживания из 10000

Сутки 3093
Клиент 1 завершил 3093 суток проживания из 10000

Сутки 3094
Клиент 1 завершил 3094 суток проживания из 10000

Сутки 3095
Клиент 1 завершил 3095 суток проживания из 10000

Сутки 3096
Клиент 1 завершил 3096 суток проживания из 10000

Сутки 3097
Клиент 1 завершил 3097 суток проживания из 10000

Сутки 3098
Клиент 1 завершил 3098 суток проживания из 10000

Сутки 3099
Клиент 1 завершил 3099 суток проживания из 10000

Сутки 3100
Клиент 1 завершил 3100 суток проживания из 10000

Сутки 3101
Клиент 1 завершил 3101 суток проживания из 10000

Сутки 3102
Клиент 1 завершил 3102 суток проживания из 10000

Сутки 3103
Клиент 1 завершил 3103 суток проживания из 10000

Сутки 3104
Клиент 1 завершил 3104 суток проживания из 10000

Сутки 3105
Клиент 1 завершил 3105 суток проживания из 10000

Сутки 3106
Клиент 1 завершил 3106 суток проживания из 10000

Сутки 3107
Клиент 1 завершил 3107 суток проживания из 10000

Сутки 3108
Клиент 1 завершил 3108 суток проживания из 10000

Сутки 3109
Клиент 1 завершил 3109 суток проживания из 10000

Сутки 3110
Клиент 1 завершил 3110 суток проживания из 10000

Сутки 3111
Клиент 1 завершил 3111 суток проживания из 10000

Сутки 3112
Клиент 1 завершил 3112 суток проживания из 10000

Сутки 3113
Клиент 1 завершил 3113 суток проживания из 10000

Сутки 3114
Клиент 1 завершил 3114 суток проживания из 10000

Сутки 3115
Клиент 1 завершил 3115 суток проживания из 10000

Сутки 3116
Клиент 1 завершил 3116 суток проживания из 10000

Сутки 3117
Клиент 1 завершил 3117 суток проживания из 10000

Сутки 3118
Клиент 1 завершил 3118 суток проживания из 10000

Сутки 3119
Клиент 1 завершил 3119 суток проживания из 10000

Сутки 3120
Клиент 1 завершил 3120 суток проживания из 10000

Сутки 3121
Клиент 1 завершил 3121 суток проживания из 10000

Сутки 3122
Клиент 1 завершил 3122 суток проживания из 10000

Сутки 3123
Клиент 1 завершил 3123 суток проживания из 10000

Сутки 3124
Клиент 1 завершил 3124 суток проживания из 10000

Сутки 3125
Клиент 1 завершил 3125 суток проживания из 10000

Сутки 3126
Клиент 1 завершил 3126 суток проживания из 10000

Сутки 3127
Клиент 1 завершил 3127 суток проживания из 10000

Сутки 3128
Клиент 1 завершил 3128 суток проживания из 10000

Сутки 3129
Клиент 1 завершил 3129 суток проживания из 10000

Сутки 3130
Клиент 1 завершил 3130 суток проживания из 10000

Сутки 3131
Клиент 1 завершил 3131 суток проживания из 10000

Сутки 3132
Клиент 1 завершил 3132 суток проживания из 10000

Сутки 3133
Клиент 1 завершил 3133 суток проживания из 10000

Сутки 3134
Клиент 1 завершил 3134 суток проживания из 10000

Сутки 3135
Клиент 1 завершил 3135 суток проживания из 10000

Сутки 3136
Клиент 1 завершил 3136 суток проживания из 10000

Сутки 3137
Клиент 1 завершил 3137 суток проживания из 10000

Сутки 3138
Клиент 1 завершил 3138 суток проживания из 10000

Сутки 3139
Клиент 1 завершил 3139 суток проживания из 10000

Сутки 3140
Клиент 1 завершил 3140 суток проживания из 10000

Сутки 3141
Клиент 1 завершил 3141 суток проживания из 10000

Сутки 3142
Клиент 1 завершил 3142 суток проживания из 10000

Сутки 3143
Клиент 1 завершил 3143 суток проживания из 10000

Сутки 3144
Клиент 1 завершил 3144 суток проживания из 10000

Сутки 3145
Клиент 1 завершил 3145 суток проживания из 10000

Сутки 3146
Клиент 1 завершил 3146 суток проживания из 10000

Сутки 3147
Клиент 1 завершил 3147 суток проживания из 10000

Сутки 3148
Клиент 1 завершил 3148 суток проживания из 10000

Сутки 3149
Клиент 1 завершил 3149 суток проживания из 10000

Сутки 3150
Клиент 1 завершил 3150 суток проживания из 10000

Сутки 3151
Клиент 1 завершил 3151 суток проживания из 10000

Сутки 3152
Клиент 1 завершил 3152 суток проживания из 10000

Сутки 3153
Клиент 1 завершил 3153 суток проживания из 10000

Сутки 3154
Клиент 1 завершил 3154 суток проживания из 10000

Сутки 3155
Клиент 1 завершил 3155 суток проживания из 10000

Сутки 3156
Клиент 1 завершил 3156 суток проживания из 10000

Сутки 3157
Клиент 1 завершил 3157 суток проживания из 10000

Сутки 3158
Клиент 1 завершил 3158 суток проживания из 10000

Сутки 3159
Клиент 1 завершил 3159 суток проживания из 10000

Сутки 3160
Клиент 1 завершил 3160 суток проживания из 10000

Сутки 3161
Клиент 1 завершил 3161 суток проживания из 10000

Сутки 3162
Клиент 1 завершил 3162 суток проживания из 10000

Сутки 3163
Клиент 1 завершил 3163 суток проживания из 10000

Сутки 3164
Клиент 1 завершил 3164 суток проживания из 10000

Сутки 3165
Клиент 1 завершил 3165 суток проживания из 10000

Сутки 3166
Клиент 1 завершил 3166 суток проживания из 10000

Сутки 3167
Клиент 1 завершил 3167 суток проживания из 10000

Сутки 3168
Клиент 1 завершил 3168 суток проживания из 10000

Сутки 3169
Клиент 1 завершил 3169 суток проживания из 10000

Сутки 3170
Клиент 1 завершил 3170 суток проживания из 10000

Сутки 3171
Клиент 1 завершил 3171 суток проживания из 10000

Сутки 3172
Клиент 1 завершил 3172 суток проживания из 10000

Сутки 3173
Клиент 1 завершил 3173 суток проживания из 10000

Сутки 3174
Клиент 1 завершил 3174 суток проживания из 10000

Сутки 3175
Клиент 1 завершил 3175 суток проживания из 10000

Сутки 3176
Клиент 1 завершил 3176 суток проживания из 10000

Сутки 3177
Клиент 1 завершил 3177 суток проживания из 10000

Сутки 3178
Клиент 1 завершил 3178 суток проживания из 10000

Сутки 3179
Клиент 1 завершил 3179 суток проживания из 10000

Сутки 3180
Клиент 1 завершил 3180 суток проживания из 10000

Сутки 3181
Клиент 1 завершил 3181 суток проживания из 10000

Сутки 3182
Клиент 1 завершил 3182 суток проживания из 10000

Сутки 3183
Клиент 1 завершил 3183 суток проживания из 10000

Сутки 3184
Клиент 1 завершил 3184 суток проживания из 10000

Сутки 3185
Клиент 1 завершил 3185 суток проживания из 10000

Сутки 3186
Клиент 1 завершил 3186 суток проживания из 10000

Сутки 3187
Клиент 1 завершил 3187 суток проживания из 10000

Сутки 3188
Клиент 1 завершил 3188 суток проживания из 10000

Сутки 3189
Клиент 1 завершил 3189 суток проживания из 10000

Сутки 3190
Клиент 1 завершил 3190 суток проживания из 10000

Сутки 3191
Клиент 1 завершил 3191 суток проживания из 10000

Сутки 3192
Клиент 1 завершил 3192 суток проживания из 10000

Сутки 3193
Клиент 1 завершил 3193 суток проживания из 10000

Сутки 3194
Клиент 1 завершил 3194 суток проживания из 10000

Сутки 3195
Клиент 1 завершил 3195 суток проживания из 10000

Сутки 3196
Клиент 1 завершил 3196 суток проживания из 10000

Сутки 3197
Клиент 1 завершил 3197 суток проживания из 10000

Сутки 3198
Клиент 1 завершил 3198 суток проживания из 10000

Сутки 3199
Клиент 1 завершил 3199 суток проживания из 10000

Сутки 3200
Клиент 1 завершил 3200 суток проживания из 10000

Сутки 3201
Клиент 1 завершил 3201 суток проживания из 10000

Сутки 3202
Клиент 1 завершил 3202 суток проживания из 10000

Сутки 3203
Клиент 1 завершил 3203 суток проживания из 10000

Сутки 3204
Клиент 1 завершил 3204 суток проживания из 10000

Сутки 3205
Клиент 1 завершил 3205 суток проживания из 10000

Сутки 3206
Клиент 1 завершил 3206 суток проживания из 10000

Сутки 3207
Клиент 1 завершил 3207 суток проживания из 10000

Сутки 3208
Клиент 1 завершил 3208 суток проживания из 10000

Сутки 3209
Клиент 1 завершил 3209 суток проживания из 10000

Сутки 3210
Клиент 1 завершил 3210 суток проживания из 10000

Сутки 3211
Клиент 1 завершил 3211 суток проживания из 10000

Сутки 3212
Клиент 1 завершил 3212 суток проживания из 10000

Сутки 3213
Клиент 1 завершил 3213 суток проживания из 10000

Сутки 3214
Клиент 1 завершил 3214 суток проживания из 10000

Сутки 3215
Клиент 1 завершил 3215 суток проживания из 10000

Сутки 3216
Клиент 1 завершил 3216 суток проживания из 10000

Сутки 3217
Клиент 1 завершил 3217 суток проживания из 10000

Сутки 3218
Клиент 1 завершил 3218 суток проживания из 10000

Сутки 3219
Клиент 1 завершил 3219 суток проживания из 10000

Сутки 3220
Клиент 1 завершил 3220 суток проживания из 10000

Сутки 3221
Клиент 1 завершил 3221 суток проживания из 10000

Сутки 3222
Клиент 1 завершил 3222 суток проживания из 10000

Сутки 3223
Клиент 1 завершил 3223 суток проживания из 10000

Сутки 3224
Клиент 1 завершил 3224 суток проживания из 10000

Сутки 3225
Клиент 1 завершил 3225 суток проживания из 10000

Сутки 3226
Клиент 1 завершил 3226 суток проживания из 10000

Сутки 3227
Клиент 1 завершил 3227 суток проживания из 10000

Сутки 3228
Клиент 1 завершил 3228 суток проживания из 10000

Сутки 3229
Клиент 1 завершил 3229 суток проживания из 10000

Сутки 3230
Клиент 1 завершил 3230 суток проживания из 10000

Сутки 3231
Клиент 1 завершил 3231 суток проживания из 10000

Сутки 3232
Клиент 1 завершил 3232 суток проживания из 10000

Сутки 3233
Клиент 1 завершил 3233 суток проживания из 10000

Сутки 3234
Клиент 1 завершил 3234 суток проживания из 10000

Сутки 3235
Клиент 1 завершил 3235 суток проживания из 10000

Сутки 3236
Клиент 1 завершил 3236 суток проживания из 10000

Сутки 3237
Клиент 1 завершил 3237 суток проживания из 10000

Сутки 3238
Клиент 1 завершил 3238 суток проживания из 10000

Сутки 3239
Клиент 1 завершил 3239 суток проживания из 10000

Сутки 3240
Клиент 1 завершил 3240 суток проживания из 10000

Сутки 3241
Клиент 1 завершил 3241 суток проживания из 10000

Сутки 3242
Клиент 1 завершил 3242 суток проживания из 10000

Сутки 3243
Клиент 1 завершил 3243 суток проживания из 10000

Сутки 3244
Клиент 1 завершил 3244 суток проживания из 10000

Сутки 3245
Клиент 1 завершил 3245 суток проживания из 10000

Сутки 3246
Клиент 1 завершил 3246 суток проживания из 10000

Сутки 3247
Клиент 1 завершил 3247 суток проживания из 10000

Сутки 3248
Клиент 1 завершил 3248 суток проживания из 10000

Сутки 3249
Клиент 1 завершил 3249 суток проживания из 10000

Сутки 3250
Клиент 1 завершил 3250 суток проживания из 10000

Сутки 3251
Клиент 1 завершил 3251 суток проживания из 10000

Сутки 3252
Клиент 1 завершил 3252 суток проживания из 10000

Сутки 3253
Клиент 1 завершил 3253 суток проживания из 10000

Сутки 3254
Клиент 1 завершил 3254 суток проживания из 10000

Сутки 3255
Клиент 1 завершил 3255 суток проживания из 10000

Сутки 3256
Клиент 1 завершил 3256 суток проживания из 10000

Сутки 3257
Клиент 1 завершил 3257 суток проживания из 10000

Сутки 3258
Клиент 1 завершил 3258 суток проживания из 10000

Сутки 3259
Клиент 1 завершил 3259 суток проживания из 10000

Сутки 3260
Клиент 1 завершил 3260 суток проживания из 10000

Сутки 3261
Клиент 1 завершил 3261 суток проживания из 10000

Сутки 3262
Клиент 1 завершил 3262 суток проживания из 10000

Сутки 3263
Клиент 1 завершил 3263 суток проживания из 10000

Сутки 3264
Клиент 1 завершил 3264 суток проживания из 10000

Сутки 3265
Клиент 1 завершил 3265 суток проживания из 10000

Сутки 3266
Клиент 1 завершил 3266 суток проживания из 10000

Сутки 3267
Клиент 1 завершил 3267 суток проживания из 10000

Сутки 3268
Клиент 1 завершил 3268 суток проживания из 10000

Сутки 3269
Клиент 1 завершил 3269 суток проживания из 10000

Сутки 3270
Клиент 1 завершил 3270 суток проживания из 10000

Сутки 3271
Клиент 1 завершил 3271 суток проживания из 10000

Сутки 3272
Клиент 1 завершил 3272 суток проживания из 10000

Сутки 3273
Клиент 1 завершил 3273 суток проживания из 10000

Сутки 3274
Клиент 1 завершил 3274 суток проживания из 10000

Сутки 3275
Клиент 1 завершил 3275 суток проживания из 10000

Сутки 3276
Клиент 1 завершил 3276 суток проживания из 10000

Сутки 3277
Клиент 1 завершил 3277 суток проживания из 10000

Сутки 3278
Клиент 1 завершил 3278 суток проживания из 10000

Сутки 3279
Клиент 1 завершил 3279 суток проживания из 10000

Сутки 3280
Клиент 1 завершил 3280 суток проживания из 10000

Сутки 3281
Клиент 1 завершил 3281 суток проживания из 10000

Сутки 3282
Клиент 1 завершил 3282 суток проживания из 10000

Сутки 3283
Клиент 1 завершил 3283 суток проживания из 10000

Сутки 3284
Клиент 1 завершил 3284 суток проживания из 10000

Сутки 3285
Клиент 1 завершил 3285 суток проживания из 10000

Сутки 3286
Клиент 1 завершил 3286 суток проживания из 10000

Сутки 3287
Клиент 1 завершил 3287 суток проживания из 10000

Сутки 3288
Клиент 1 завершил 3288 суток проживания из 10000

Сутки 3289
Клиент 1 завершил 3289 суток проживания из 10000

Сутки 3290
Клиент 1 завершил 3290 суток проживания из 10000

Сутки 3291
Клиент 1 завершил 3291 суток проживания из 10000

Сутки 3292
Клиент 1 завершил 3292 суток проживания из 10000

Сутки 3293
Клиент 1 завершил 3293 суток проживания из 10000

Сутки 3294
Клиент 1 завершил 3294 суток проживания из 10000

Сутки 3295
Клиент 1 завершил 3295 суток проживания из 10000

Сутки 3296
Клиент 1 завершил 3296 суток проживания из 10000

Сутки 3297
Клиент 1 завершил 3297 суток проживания из 10000

Сутки 3298
Клиент 1 завершил 3298 суток проживания из 10000

Сутки 3299
Клиент 1 завершил 3299 суток проживания из 10000

Сутки 3300
Клиент 1 завершил 3300 суток проживания из 10000

Сутки 3301
Клиент 1 завершил 3301 суток проживания из 10000

Сутки 3302
Клиент 1 завершил 3302 суток проживания из 10000

Сутки 3303
Клиент 1 завершил 3303 суток проживания из 10000

Сутки 3304
Клиент 1 завершил 3304 суток проживания из 10000

Сутки 3305
Клиент 1 завершил 3305 суток проживания из 10000

Сутки 3306
Клиент 1 завершил 3306 суток проживания из 10000

Сутки 3307
Клиент 1 завершил 3307 суток проживания из 10000

Сутки 3308
Клиент 1 завершил 3308 суток проживания из 10000

Сутки 3309
Клиент 1 завершил 3309 суток проживания из 10000

Сутки 3310
Клиент 1 завершил 3310 суток проживания из 10000

Сутки 3311
Клиент 1 завершил 3311 суток проживания из 10000

Сутки 3312
Клиент 1 завершил 3312 суток проживания из 10000

Сутки 3313
Клиент 1 завершил 3313 суток проживания из 10000

Сутки 3314
Клиент 1 завершил 3314 суток проживания из 10000

Сутки 3315
Клиент 1 завершил 3315 суток проживания из 10000

Сутки 3316
Клиент 1 завершил 3316 суток проживания из 10000

Сутки 3317
Клиент 1 завершил 3317 суток проживания из 10000

Сутки 3318
Клиент 1 завершил 3318 суток проживания из 10000

Сутки 3319
Клиент 1 завершил 3319 суток проживания из 10000

Сутки 3320
Клиент 1 завершил 3320 суток проживания из 10000

Сутки 3321
Клиент 1 завершил 3321 суток проживания из 10000

Сутки 3322
Клиент 1 завершил 3322 суток проживания из 10000

Сутки 3323
Клиент 1 завершил 3323 суток проживания из 10000

Сутки 3324
Клиент 1 завершил 3324 суток проживания из 10000

Сутки 3325
Клиент 1 завершил 3325 суток проживания из 10000

Сутки 3326
Клиент 1 завершил 3326 суток проживания из 10000

Сутки 3327
Клиент 1 завершил 3327 суток проживания из 10000

Сутки 3328
Клиент 1 завершил 3328 суток проживания из 10000

Сутки 3329
Клиент 1 завершил 3329 суток проживания из 10000

Сутки 3330
Клиент 1 завершил 3330 суток проживания из 10000

Сутки 3331
Клиент 1 завершил 3331 суток проживания из 10000

Сутки 3332
Клиент 1 завершил 3332 суток проживания из 10000

Сутки 3333
Клиент 1 завершил 3333 суток проживания из 10000

Сутки 3334
Клиент 1 завершил 3334 суток проживания из 10000

Сутки 3335
Клиент 1 завершил 3335 суток проживания из 10000

Сутки 3336
Клиент 1 завершил 3336 суток проживания из 10000

Сутки 3337
Клиент 1 завершил 3337 суток проживания из 10000

Сутки 3338
Клиент 1 завершил 3338 суток проживания из 10000

Сутки 3339
Клиент 1 завершил 3339 суток проживания из 10000

Сутки 3340
Клиент 1 завершил 3340 суток проживания из 10000

Сутки 3341
Клиент 1 завершил 3341 суток проживания из 10000

Сутки 3342
Клиент 1 завершил 3342 суток проживания из 10000

Сутки 3343
Клиент 1 завершил 3343 суток проживания из 10000

Сутки 3344
Клиент 1 завершил 3344 суток проживания из 10000

Сутки 3345
Клиент 1 завершил 3345 суток проживания из 10000

Сутки 3346
Клиент 1 завершил 3346 суток проживания из 10000

Сутки 3347
Клиент 1 завершил 3347 суток проживания из 10000

Сутки 3348
Клиент 1 завершил 3348 суток проживания из 10000

Сутки 3349
Клиент 1 завершил 3349 суток проживания из 10000

Сутки 3350
Клиент 1 завершил 3350 суток проживания из 10000

Сутки 3351
Клиент 1 завершил 3351 суток проживания из 10000

Сутки 3352
Клиент 1 завершил 3352 суток проживания из 10000

Сутки 3353
Клиент 1 завершил 3353 суток проживания из 10000

Сутки 3354
Клиент 1 завершил 3354 суток проживания из 10000

Сутки 3355
Клиент 1 завершил 3355 суток проживания из 10000

Сутки 3356
Клиент 1 завершил 3356 суток проживания из 10000

Сутки 3357
Клиент 1 завершил 3357 суток проживания из 10000

Сутки 3358
Клиент 1 завершил 3358 суток проживания из 10000

Сутки 3359
Клиент 1 завершил 3359 суток проживания из 10000

Сутки 3360
Клиент 1 завершил 3360 суток проживания из 10000

Сутки 3361
Клиент 1 завершил 3361 суток проживания из 10000

Сутки 3362
Клиент 1 завершил 3362 суток проживания из 10000

Сутки 3363
Клиент 1 завершил 3363 суток проживания из 10000

Сутки 3364
Клиент 1 завершил 3364 суток проживания из 10000

Сутки 3365
Клиент 1 завершил 3365 суток проживания из 10000

Сутки 3366
Клиент 1 завершил 3366 суток проживания из 10000

Сутки 3367
Клиент 1 завершил 3367 суток проживания из 10000

Сутки 3368
Клиент 1 завершил 3368 суток проживания из 10000

Сутки 3369
Клиент 1 завершил 3369 суток проживания из 10000

Сутки 3370
Клиент 1 завершил 3370 суток проживания из 10000

Сутки 3371
Клиент 1 завершил 3371 суток проживания из 10000

Сутки 3372
Клиент 1 завершил 3372 суток проживания из 10000

Сутки 3373
Клиент 1 завершил 3373 суток проживания из 10000

Сутки 3374
Клиент 1 завершил 3374 суток проживания из 10000

Сутки 3375
Клиент 1 завершил 3375 суток проживания из 10000

Сутки 3376
Клиент 1 завершил 3376 суток проживания из 10000

Сутки 3377
Клиент 1 завершил 3377 суток проживания из 10000

Сутки 3378
Клиент 1 завершил 3378 суток проживания из 10000

Сутки 3379
Клиент 1 завершил 3379 суток проживания из 10000

Сутки 3380
Клиент 1 завершил 3380 суток проживания из 10000

Сутки 3381
Клиент 1 завершил 3381 суток проживания из 10000

Сутки 3382
Клиент 1 завершил 3382 суток проживания из 10000

Сутки 3383
Клиент 1 завершил 3383 суток проживания из 10000

Сутки 3384
Клиент 1 завершил 3384 суток проживания из 10000

Сутки 3385
Клиент 1 завершил 3385 суток проживания из 10000

Сутки 3386
Клиент 1 завершил 3386 суток проживания из 10000

Сутки 3387
Клиент 1 завершил 3387 суток проживания из 10000

Сутки 3388
Клиент 1 завершил 3388 суток проживания из 10000

Сутки 3389
Клиент 1 завершил 3389 суток проживания из 10000

Сутки 3390
Клиент 1 завершил 3390 суток проживания из 10000

Сутки 3391
Клиент 1 завершил 3391 суток проживания из 10000

Сутки 3392
Клиент 1 завершил 3392 суток проживания из 10000

Сутки 3393
Клиент 1 завершил 3393 суток проживания из 10000

Сутки 3394
Клиент 1 завершил 3394 суток проживания из 10000

Сутки 3395
Клиент 1 завершил 3395 суток проживания из 10000

Сутки 3396
Клиент 1 завершил 3396 суток проживания из 10000

Сутки 3397
Клиент 1 завершил 3397 суток проживания из 10000

Сутки 3398
Клиент 1 завершил 3398 суток проживания из 10000

Сутки 3399
Клиент 1 завершил 3399 суток проживания из 10000

Сутки 3400
Клиент 1 завершил 3400 суток проживания из 10000

Сутки 3401
Клиент 1 завершил 3401 суток проживания из 10000

Сутки 3402
Клиент 1 завершил 3402 суток проживания из 10000

Сутки 3403
Клиент 1 завершил 3403 суток проживания из 10000

Сутки 3404
Клиент 1 завершил 3404 суток проживания из 10000

Сутки 3405
Клиент 1 завершил 3405 суток проживания из 10000

Сутки 3406
Клиент 1 завершил 3406 суток проживания из 10000

Сутки 3407
Клиент 1 завершил 3407 суток проживания из 10000

Сутки 3408
Клиент 1 завершил 3408 суток проживания из 10000

Сутки 3409
Клиент 1 завершил 3409 суток проживания из 10000

Сутки 3410
Клиент 1 завершил 3410 суток проживания из 10000

Сутки 3411
Клиент 1 завершил 3411 суток проживания из 10000

Сутки 3412
Клиент 1 завершил 3412 суток проживания из 10000

Сутки 3413
Клиент 1 завершил 3413 суток проживания из 10000

Сутки 3414
Клиент 1 завершил 3414 суток проживания из 10000

Сутки 3415
Клиент 1 завершил 3415 суток проживания из 10000

Сутки 3416
Клиент 1 завершил 3416 суток проживания из 10000

Сутки 3417
Клиент 1 завершил 3417 суток проживания из 10000

Сутки 3418
Клиент 1 завершил 3418 суток проживания из 10000

Сутки 3419
Клиент 1 завершил 3419 суток проживания из 10000

Сутки 3420
Клиент 1 завершил 3420 суток проживания из 10000

Сутки 3421
Клиент 1 завершил 3421 суток проживания из 10000

Сутки 3422
Клиент 1 завершил 3422 суток проживания из 10000

Сутки 3423
Клиент 1 завершил 3423 суток проживания из 10000

Сутки 3424
Клиент 1 завершил 3424 суток проживания из 10000

Сутки 3425
Клиент 1 завершил 3425 суток проживания из 10000

Сутки 3426
Клиент 1 завершил 3426 суток проживания из 10000

Сутки 3427
Клиент 1 завершил 3427 суток проживания из 10000

Сутки 3428
Клиент 1 завершил 3428 суток проживания из 10000

Сутки 3429
Клиент 1 завершил 3429 суток проживания из 10000

Сутки 3430
Клиент 1 завершил 3430 суток проживания из 10000

Сутки 3431
Клиент 1 завершил 3431 суток проживания из 10000

Сутки 3432
Клиент 1 завершил 3432 суток проживания из 10000

Сутки 3433
Клиент 1 завершил 3433 суток проживания из 10000

Сутки 3434
Клиент 1 завершил 3434 суток проживания из 10000

Сутки 3435
Клиент 1 завершил 3435 суток проживания из 10000

Сутки 3436
Клиент 1 завершил 3436 суток проживания из 10000

Сутки 3437
Клиент 1 завершил 3437 суток проживания из 10000

Сутки 3438
Клиент 1 завершил 3438 суток проживания из 10000

Сутки 3439
Клиент 1 завершил 3439 суток проживания из 10000

Сутки 3440
Клиент 1 завершил 3440 суток проживания из 10000

Сутки 3441
Клиент 1 завершил 3441 суток проживания из 10000

Сутки 3442
Клиент 1 завершил 3442 суток проживания из 10000

Сутки 3443
Клиент 1 завершил 3443 суток проживания из 10000

Сутки 3444
Клиент 1 завершил 3444 суток проживания из 10000

Сутки 3445
Клиент 1 завершил 3445 суток проживания из 10000

Сутки 3446
Клиент 1 завершил 3446 суток проживания из 10000

Сутки 3447
Клиент 1 завершил 3447 суток проживания из 10000

Сутки 3448
Клиент 1 завершил 3448 суток проживания из 10000

Сутки 3449
Клиент 1 завершил 3449 суток проживания из 10000

Сутки 3450
Клиент 1 завершил 3450 суток проживания из 10000

Сутки 3451
Клиент 1 завершил 3451 суток проживания из 10000

Сутки 3452
Клиент 1 завершил 3452 суток проживания из 10000

Сутки 3453
Клиент 1 завершил 3453 суток проживания из 10000

Сутки 3454
Клиент 1 завершил 3454 суток проживания из 10000

Сутки 3455
Клиент 1 завершил 3455 суток проживания из 10000

Сутки 3456
Клиент 1 завершил 3456 суток проживания из 10000

Сутки 3457
Клиент 1 завершил 3457 суток проживания из 10000

Сутки 3458
Клиент 1 завершил 3458 суток проживания из 10000

Сутки 3459
Клиент 1 завершил 3459 суток проживания из 10000

Сутки 3460
Клиент 1 завершил 3460 суток проживания из 10000

Сутки 3461
Клиент 1 завершил 3461 суток проживания из 10000

Сутки 3462
Клиент 1 завершил 3462 суток проживания из 10000

Сутки 3463
Клиент 1 завершил 3463 суток проживания из 10000

Сутки 3464
Клиент 1 завершил 3464 суток проживания из 10000

Сутки 3465
Клиент 1 завершил 3465 суток проживания из 10000

Сутки 3466
Клиент 1 завершил 3466 суток проживания из 10000

Сутки 3467
Клиент 1 завершил 3467 суток проживания из 10000

Сутки 3468
Клиент 1 завершил 3468 суток проживания из 10000

Сутки 3469
Клиент 1 завершил 3469 суток проживания из 10000

Сутки 3470
Клиент 1 завершил 3470 суток проживания из 10000

Сутки 3471
Клиент 1 завершил 3471 суток проживания из 10000

Сутки 3472
Клиент 1 завершил 3472 суток проживания из 10000

Сутки 3473
Клиент 1 завершил 3473 суток проживания из 10000

Сутки 3474
Клиент 1 завершил 3474 суток проживания из 10000

Сутки 3475
Клиент 1 завершил 3475 суток проживания из 10000

Сутки 3476
Клиент 1 завершил 3476 суток проживания из 10000

Сутки 3477
Клиент 1 завершил 3477 суток проживания из 10000

Сутки 3478
Клиент 1 завершил 3478 суток проживания из 10000

Сутки 3479
Клиент 1 завершил 3479 суток проживания из 10000

Сутки 3480
Клиент 1 завершил 3480 суток проживания из 10000

Сутки 3481
Клиент 1 завершил 3481 суток проживания из 10000

Сутки 3482
Клиент 1 завершил 3482 суток проживания из 10000

Сутки 3483
Клиент 1 завершил 3483 суток проживания из 10000

Сутки 3484
Клиент 1 завершил 3484 суток проживания из 10000

Сутки 3485
Клиент 1 завершил 3485 суток проживания из 10000

Сутки 3486
Клиент 1 завершил 3486 суток проживания из 10000

Сутки 3487
Клиент 1 завершил 3487 суток проживания из 10000

Сутки 3488
Клиент 1 завершил 3488 суток проживания из 10000

Сутки 3489
Клиент 1 завершил 3489 суток проживания из 10000

Сутки 3490
Клиент 1 завершил 3490 суток проживания из 10000

Сутки 3491
Клиент 1 завершил 3491 суток проживания из 10000

Сутки 3492
Клиент 1 завершил 3492 суток проживания из 10000

Сутки 3493
Клиент 1 завершил 3493 суток проживания из 10000

Сутки 3494
Клиент 1 завершил 3494 суток проживания из 10000

Сутки 3495
Клиент 1 завершил 3495 суток проживания из 10000

Сутки 3496
Клиент 1 завершил 3496 суток проживания из 10000

Сутки 3497
Клиент 1 завершил 3497 суток проживания из 10000

Сутки 3498
Клиент 1 завершил 3498 суток проживания из 10000

Сутки 3499
Клиент 1 завершил 3499 суток проживания из 10000

Сутки 3500
Клиент 1 завершил 3500 суток проживания из 10000

Сутки 3501
Клиент 1 завершил 3501 суток проживания из 10000

Сутки 3502
Клиент 1 завершил 3502 суток проживания из 10000

Сутки 3503
Клиент 1 завершил 3503 суток проживания из 10000

Сутки 3504
Клиент 1 завершил 3504 суток проживания из 10000

Сутки 3505
Клиент 1 завершил 3505 суток проживания из 10000

Сутки 3506
Клиент 1 завершил 3506 суток проживания из 10000

Сутки 3507
Клиент 1 завершил 3507 суток проживания из 10000

Сутки 3508
Клиент 1 завершил 3508 суток проживания из 10000

Сутки 3509
Клиент 1 завершил 3509 суток проживания из 10000

Сутки 3510
Клиент 1 завершил 3510 суток проживания из 10000

Сутки 3511
Клиент 1 завершил 3511 суток проживания из 10000

Сутки 3512
Клиент 1 завершил 3512 суток проживания из 10000

Сутки 3513
Клиент 1 завершил 3513 суток проживания из 10000

Сутки 3514
Клиент 1 завершил 3514 суток проживания из 10000

Сутки 3515
Клиент 1 завершил 3515 суток проживания из 10000

Сутки 3516
Клиент 1 завершил 3516 суток проживания из 10000

Сутки 3517
Клиент 1 завершил 3517 суток проживания из 10000

Сутки 3518
Клиент 1 завершил 3518 суток проживания из 10000

Сутки 3519
Клиент 1 завершил 3519 суток проживания из 10000

Сутки 3520
Клиент 1 завершил 3520 суток проживания из 10000

Сутки 3521
Клиент 1 завершил 3521 суток проживания из 10000

Сутки 3522
Клиент 1 завершил 3522 суток проживания из 10000

Сутки 3523
Клиент 1 завершил 3523 суток проживания из 10000

Сутки 3524
Клиент 1 завершил 3524 суток проживания из 10000

Сутки 3525
Клиент 1 завершил 3525 суток проживания из 10000

Сутки 3526
Клиент 1 завершил 3526 суток проживания из 10000

Сутки 3527
Клиент 1 завершил 3527 суток проживания из 10000

Сутки 3528
Клиент 1 завершил 3528 суток проживания из 10000

Сутки 3529
Клиент 1 завершил 3529 суток проживания из 10000

Сутки 3530
Клиент 1 завершил 3530 суток проживания из 10000

Сутки 3531
Клиент 1 завершил 3531 суток проживания из 10000

Сутки 3532
Клиент 1 завершил 3532 суток проживания из 10000

Сутки 3533
Клиент 1 завершил 3533 суток проживания из 10000

Сутки 3534
Клиент 1 завершил 3534 суток проживания из 10000

Сутки 3535
Клиент 1 завершил 3535 суток проживания из 10000

Сутки 3536
Клиент 1 завершил 3536 суток проживания из 10000

Сутки 3537
Клиент 1 завершил 3537 суток проживания из 10000

Сутки 3538
Клиент 1 завершил 3538 суток проживания из 10000

Сутки 3539
Клиент 1 завершил 3539 суток проживания из 10000

Сутки 3540
Клиент 1 завершил 3540 суток проживания из 10000

Сутки 3541
Клиент 1 завершил 3541 суток проживания из 10000

Сутки 3542
Клиент 1 завершил 3542 суток проживания из 10000

Сутки 3543
Клиент 1 завершил 3543 суток проживания из 10000

Сутки 3544
Клиент 1 завершил 3544 суток проживания из 10000

Сутки 3545
Клиент 1 завершил 3545 суток проживания из 10000

Сутки 3546
Клиент 1 завершил 3546 суток проживания из 10000

Сутки 3547
Клиент 1 завершил 3547 суток проживания из 10000

Сутки 3548
Клиент 1 завершил 3548 суток проживания из 10000

Сутки 3549
Клиент 1 завершил 3549 суток проживания из 10000

Сутки 3550
Клиент 1 завершил 3550 суток проживания из 10000

Сутки 3551
Клиент 1 завершил 3551 суток проживания из 10000

Сутки 3552
Клиент 1 завершил 3552 суток проживания из 10000

Сутки 3553
Клиент 1 завершил 3553 суток проживания из 10000

Сутки 3554
Клиент 1 завершил 3554 суток проживания из 10000

Сутки 3555
Клиент 1 завершил 3555 суток проживания из 10000

Сутки 3556
Клиент 1 завершил 3556 суток проживания из 10000

Сутки 3557
Клиент 1 завершил 3557 суток проживания из 10000

Сутки 3558
Клиент 1 завершил 3558 суток проживания из 10000

Сутки 3559
Клиент 1 завершил 3559 суток проживания из 10000

Сутки 3560
Клиент 1 завершил 3560 суток проживания из 10000

Сутки 3561
Клиент 1 завершил 3561 суток проживания из 10000

Сутки 3562
Клиент 1 завершил 3562 суток проживания из 10000

Сутки 3563
Клиент 1 завершил 3563 суток проживания из 10000

Сутки 3564
Клиент 1 завершил 3564 суток проживания из 10000

Сутки 3565
Клиент 1 завершил 3565 суток проживания из 10000

Сутки 3566
Клиент 1 завершил 3566 суток проживания из 10000

Сутки 3567
Клиент 1 завершил 3567 суток проживания из 10000

Сутки 3568
Клиент 1 завершил 3568 суток проживания из 10000

Сутки 3569
Клиент 1 завершил 3569 суток проживания из 10000

Сутки 3570
Клиент 1 завершил 3570 суток проживания из 10000

Сутки 3571
Клиент 1 завершил 3571 суток проживания из 10000

Сутки 3572
Клиент 1 завершил 3572 суток проживания из 10000

Сутки 3573
Клиент 1 завершил 3573 суток проживания из 10000

Сутки 3574
Клиент 1 завершил 3574 суток проживания из 10000

Сутки 3575
Клиент 1 завершил 3575 суток проживания из 10000

Сутки 3576
Клиент 1 завершил 3576 суток проживания из 10000

Сутки 3577
Клиент 1 завершил 3577 суток проживания из 10000

Сутки 3578
Клиент 1 завершил 3578 суток проживания из 10000

Сутки 3579
Клиент 1 завершил 3579 суток проживания из 10000

Сутки 3580
Клиент 1 завершил 3580 суток проживания из 10000

Сутки 3581
Клиент 1 завершил 3581 суток проживания из 10000

Сутки 3582
Клиент 1 завершил 3582 суток проживания из 10000

Сутки 3583
Клиент 1 завершил 3583 суток проживания из 10000

Сутки 3584
Клиент 1 завершил 3584 суток проживания из 10000

Сутки 3585
Клиент 1 завершил 3585 суток проживания из 10000

Сутки 3586
Клиент 1 завершил 3586 суток проживания из 10000

Сутки 3587
Клиент 1 завершил 3587 суток проживания из 10000

Сутки 3588
Клиент 1 завершил 3588 суток проживания из 10000

Сутки 3589
Клиент 1 завершил 3589 суток проживания из 10000

Сутки 3590
Клиент 1 завершил 3590 суток проживания из 10000

Сутки 3591
Клиент 1 завершил 3591 суток проживания из 10000

Сутки 3592
Клиент 1 завершил 3592 суток проживания из 10000

Сутки 3593
Клиент 1 завершил 3593 суток проживания из 10000

Сутки 3594
Клиент 1 завершил 3594 суток проживания из 10000

Сутки 3595
Клиент 1 завершил 3595 суток проживания из 10000

Сутки 3596
Клиент 1 завершил 3596 суток проживания из 10000

Сутки 3597
Клиент 1 завершил 3597 суток проживания из 10000

Сутки 3598
Клиент 1 завершил 3598 суток проживания из 10000

Сутки 3599
Клиент 1 завершил 3599 суток проживания из 10000

Сутки 3600
Клиент 1 завершил 3600 суток проживания из 10000

Сутки 3601
Клиент 1 завершил 3601 суток проживания из 10000

Сутки 3602
Клиент 1 завершил 3602 суток проживания из 10000

Сутки 3603
Клиент 1 завершил 3603 суток проживания из 10000

Сутки 3604
Клиент 1 завершил 3604 суток проживания из 10000

Сутки 3605
Клиент 1 завершил 3605 суток проживания из 10000

Сутки 3606
Клиент 1 завершил 3606 суток проживания из 10000

Сутки 3607
Клиент 1 завершил 3607 суток проживания из 10000

Сутки 3608
Клиент 1 завершил 3608 суток проживания из 10000

Сутки 3609
Клиент 1 завершил 3609 суток проживания из 10000

Сутки 3610
Клиент 1 завершил 3610 суток проживания из 10000

Сутки 3611
Клиент 1 завершил 3611 суток проживания из 10000

Сутки 3612
Клиент 1 завершил 3612 суток проживания из 10000

Сутки 3613
Клиент 1 завершил 3613 суток проживания из 10000

Сутки 3614
Клиент 1 завершил 3614 суток проживания из 10000

Сутки 3615
Клиент 1 завершил 3615 суток проживания из 10000

Сутки 3616
Клиент 1 завершил 3616 суток проживания из 10000

Сутки 3617
Клиент 1 завершил 3617 суток проживания из 10000

Сутки 3618
Клиент 1 завершил 3618 суток проживания из 10000

Сутки 3619
Клиент 1 завершил 3619 суток проживания из 10000

Сутки 3620
Клиент 1 завершил 3620 суток проживания из 10000

Сутки 3621
Клиент 1 завершил 3621 суток проживания из 10000

Сутки 3622
Клиент 1 завершил 3622 суток проживания из 10000

Сутки 3623
Клиент 1 завершил 3623 суток проживания из 10000

Сутки 3624
Клиент 1 завершил 3624 суток проживания из 10000

Сутки 3625
Клиент 1 завершил 3625 суток проживания из 10000

Сутки 3626
Клиент 1 завершил 3626 суток проживания из 10000

Сутки 3627
Клиент 1 завершил 3627 суток проживания из 10000

Сутки 3628
Клиент 1 завершил 3628 суток проживания из 10000

Сутки 3629
Клиент 1 завершил 3629 суток проживания из 10000

Сутки 3630
Клиент 1 завершил 3630 суток проживания из 10000

Сутки 3631
Клиент 1 завершил 3631 суток проживания из 10000

Сутки 3632
Клиент 1 завершил 3632 суток проживания из 10000

Сутки 3633
Клиент 1 завершил 3633 суток проживания из 10000

Сутки 3634
Клиент 1 завершил 3634 суток проживания из 10000

Сутки 3635
Клиент 1 завершил 3635 суток проживания из 10000

Сутки 3636
Клиент 1 завершил 3636 суток проживания из 10000

Сутки 3637
Клиент 1 завершил 3637 суток проживания из 10000

Сутки 3638
Клиент 1 завершил 3638 суток проживания из 10000

Сутки 3639
Клиент 1 завершил 3639 суток проживания из 10000

Сутки 3640
Клиент 1 завершил 3640 суток проживания из 10000

Сутки 3641
Клиент 1 завершил 3641 суток проживания из 10000

Сутки 3642
Клиент 1 завершил 3642 суток проживания из 10000

Сутки 3643
Клиент 1 завершил 3643 суток проживания из 10000

Сутки 3644
Клиент 1 завершил 3644 суток проживания из 10000

Сутки 3645
Клиент 1 завершил 3645 суток проживания из 10000

Сутки 3646
Клиент 1 завершил 3646 суток проживания из 10000

Сутки 3647
Клиент 1 завершил 3647 суток проживания из 10000

Сутки 3648
Клиент 1 завершил 3648 суток проживания из 10000

Сутки 3649
Клиент 1 завершил 3649 суток проживания из 10000

Сутки 3650
Клиент 1 завершил 3650 суток проживания из 10000

Сутки 3651
Клиент 1 завершил 3651 суток проживания из 10000

Сутки 3652
Клиент 1 завершил 3652 суток проживания из 10000

Сутки 3653
Клиент 1 завершил 3653 суток проживания из 10000

Сутки 3654
Клиент 1 завершил 3654 суток проживания из 10000

Сутки 3655
Клиент 1 завершил 3655 суток проживания из 10000

Сутки 3656
Клиент 1 завершил 3656 суток проживания из 10000

Сутки 3657
Клиент 1 завершил 3657 суток проживания из 10000

Сутки 3658
Клиент 1 завершил 3658 суток проживания из 10000

Сутки 3659
Клиент 1 завершил 3659 суток проживания из 10000

Сутки 3660
Клиент 1 завершил 3660 суток проживания из 10000

Сутки 3661
Клиент 1 завершил 3661 суток проживания из 10000

Сутки 3662
Клиент 1 завершил 3662 суток проживания из 10000

Сутки 3663
Клиент 1 завершил 3663 суток проживания из 10000

Сутки 3664
Клиент 1 завершил 3664 суток проживания из 10000

Сутки 3665
Клиент 1 завершил 3665 суток проживания из 10000

Сутки 3666
Клиент 1 завершил 3666 суток проживания из 10000

Сутки 3667
Клиент 1 завершил 3667 суток проживания из 10000

Сутки 3668
Клиент 1 завершил 3668 суток проживания из 10000

Сутки 3669
Клиент 1 завершил 3669 суток проживания из 10000

Сутки 3670
Клиент 1 завершил 3670 суток проживания из 10000

Сутки 3671
Клиент 1 завершил 3671 суток проживания из 10000

Сутки 3672
Клиент 1 завершил 3672 суток проживания из 10000

Сутки 3673
Клиент 1 завершил 3673 суток проживания из 10000

Сутки 3674
Клиент 1 завершил 3674 суток проживания из 10000

Сутки 3675
Клиент 1 завершил 3675 суток проживания из 10000

Сутки 3676
Клиент 1 завершил 3676 суток проживания из 10000

Сутки 3677
Клиент 1 завершил 3677 суток проживания из 10000

Сутки 3678
Клиент 1 завершил 3678 суток проживания из 10000

Сутки 3679
Клиент 1 завершил 3679 суток проживания из 10000

Сутки 3680
Клиент 1 завершил 3680 суток проживания из 10000

Сутки 3681
Клиент 1 завершил 3681 суток проживания из 10000

Сутки 3682
Клиент 1 завершил 3682 суток проживания из 10000

Сутки 3683
Клиент 1 завершил 3683 суток проживания из 10000

Сутки 3684
Клиент 1 завершил 3684 суток проживания из 10000

Сутки 3685
Клиент 1 завершил 3685 суток проживания из 10000

Сутки 3686
Клиент 1 завершил 3686 суток проживания из 10000

Сутки 3687
Клиент 1 завершил 3687 суток проживания из 10000

Сутки 3688
Клиент 1 завершил 3688 суток проживания из 10000

Сутки 3689
Клиент 1 завершил 3689 суток проживания из 10000

Сутки 3690
Клиент 1 завершил 3690 суток проживания из 10000

Сутки 3691
Клиент 1 завершил 3691 суток проживания из 10000

Сутки 3692
Клиент 1 завершил 3692 суток проживания из 10000

Сутки 3693
Клиент 1 завершил 3693 суток проживания из 10000

Сутки 3694
Клиент 1 завершил 3694 суток проживания из 10000

Сутки 3695
Клиент 1 завершил 3695 суток проживания из 10000

Сутки 3696
Клиент 1 завершил 3696 суток проживания из 10000

Сутки 3697
Клиент 1 завершил 3697 суток проживания из 10000

Сутки 3698
Клиент 1 завершил 3698 суток проживания из 10000

Сутки 3699
Клиент 1 завершил 3699 суток проживания из 10000

Сутки 3700
Клиент 1 завершил 3700 суток проживания из 10000

Сутки 3701
Клиент 1 завершил 3701 суток проживания из 10000

Сутки 3702
Клиент 1 завершил 3702 суток проживания из 10000

Сутки 3703
Клиент 1 завершил 3703 суток проживания из 10000

Сутки 3704
Клиент 1 завершил 3704 суток проживания из 10000

Сутки 3705
Клиент 1 завершил 3705 суток проживания из 10000

Сутки 3706
Клиент 1 завершил 3706 суток проживания из 10000

Сутки 3707
Клиент 1 завершил 3707 суток проживания из 10000

Сутки 3708
Клиент 1 завершил 3708 суток проживания из 10000

Сутки 3709
Клиент 1 завершил 3709 суток проживания из 10000

Сутки 3710
Клиент 1 завершил 3710 суток проживания из 10000

Сутки 3711
Клиент 1 завершил 3711 суток проживания из 10000

Сутки 3712
Клиент 1 завершил 3712 суток проживания из 10000

Сутки 3713
Клиент 1 завершил 3713 суток проживания из 10000

Сутки 3714
Клиент 1 завершил 3714 суток проживания из 10000

Сутки 3715
Клиент 1 завершил 3715 суток проживания из 10000

Сутки 3716
Клиент 1 завершил 3716 суток проживания из 10000

Сутки 3717
Клиент 1 завершил 3717 суток проживания из 10000

Сутки 3718
Клиент 1 завершил 3718 суток проживания из 10000

Сутки 3719
Клиент 1 завершил 3719 суток проживания из 10000

Сутки 3720
Клиент 1 завершил 3720 суток проживания из 10000

Сутки 3721
Клиент 1 завершил 3721 суток проживания из 10000

Сутки 3722
Клиент 1 завершил 3722 суток проживания из 10000

Сутки 3723
Клиент 1 завершил 3723 суток проживания из 10000

Сутки 3724
Клиент 1 завершил 3724 суток проживания из 10000

Сутки 3725
Клиент 1 завершил 3725 суток проживания из 10000

Сутки 3726
Клиент 1 завершил 3726 суток проживания из 10000

Сутки 3727
Клиент 1 завершил 3727 суток проживания из 10000

Сутки 3728
Клиент 1 завершил 3728 суток проживания из 10000

Сутки 3729
Клиент 1 завершил 3729 суток проживания из 10000

Сутки 3730
Клиент 1 завершил 3730 суток проживания из 10000

Сутки 3731
Клиент 1 завершил 3731 суток проживания из 10000

Сутки 3732
Клиент 1 завершил 3732 суток проживания из 10000

Сутки 3733
Клиент 1 завершил 3733 суток проживания из 10000

Сутки 3734
Клиент 1 завершил 3734 суток проживания из 10000

Сутки 3735
Клиент 1 завершил 3735 суток проживания из 10000

Сутки 3736
Клиент 1 завершил 3736 суток проживания из 10000

Сутки 3737
Клиент 1 завершил 3737 суток проживания из 10000

Сутки 3738
Клиент 1 завершил 3738 суток проживания из 10000

Сутки 3739
Клиент 1 завершил 3739 суток проживания из 10000

Сутки 3740
Клиент 1 завершил 3740 суток проживания из 10000

Сутки 3741
Клиент 1 завершил 3741 суток проживания из 10000

Сутки 3742
Клиент 1 завершил 3742 суток проживания из 10000

Сутки 3743
Клиент 1 завершил 3743 суток проживания из 10000

Сутки 3744
Клиент 1 завершил 3744 суток проживания из 10000

Сутки 3745
Клиент 1 завершил 3745 суток проживания из 10000

Сутки 3746
Клиент 1 завершил 3746 суток проживания из 10000

Сутки 3747
Клиент 1 завершил 3747 суток проживания из 10000

Сутки 3748
Клиент 1 завершил 3748 суток проживания из 10000

Сутки 3749
Клиент 1 завершил 3749 суток проживания из 10000

Сутки 3750
Клиент 1 завершил 3750 суток проживания из 10000

Сутки 3751
Клиент 1 завершил 3751 суток проживания из 10000

Сутки 3752
Клиент 1 завершил 3752 суток проживания из 10000

Сутки 3753
Клиент 1 завершил 3753 суток проживания из 10000

Сутки 3754
Клиент 1 завершил 3754 суток проживания из 10000

Сутки 3755
Клиент 1 завершил 3755 суток проживания из 10000

Сутки 3756
Клиент 1 завершил 3756 суток проживания из 10000

Сутки 3757
Клиент 1 завершил 3757 суток проживания из 10000

Сутки 3758
Клиент 1 завершил 3758 суток проживания из 10000

Сутки 3759
Клиент 1 завершил 3759 суток проживания из 10000

Сутки 3760
Клиент 1 завершил 3760 суток проживания из 10000

Сутки 3761
Клиент 1 завершил 3761 суток проживания из 10000

Сутки 3762
Клиент 1 завершил 3762 суток проживания из 10000

Сутки 3763
Клиент 1 завершил 3763 суток проживания из 10000

Сутки 3764
Клиент 1 завершил 3764 суток проживания из 10000

Сутки 3765
Клиент 1 завершил 3765 суток проживания из 10000

Сутки 3766
Клиент 1 завершил 3766 суток проживания из 10000

Сутки 3767
Клиент 1 завершил 3767 суток проживания из 10000

Сутки 3768
Клиент 1 завершил 3768 суток проживания из 10000

Сутки 3769
Клиент 1 завершил 3769 суток проживания из 10000

Сутки 3770
Клиент 1 завершил 3770 суток проживания из 10000

Сутки 3771
Клиент 1 завершил 3771 суток проживания из 10000

Сутки 3772
Клиент 1 завершил 3772 суток проживания из 10000

Сутки 3773
Клиент 1 завершил 3773 суток проживания из 10000

Сутки 3774
Клиент 1 завершил 3774 суток проживания из 10000

Сутки 3775
Клиент 1 завершил 3775 суток проживания из 10000

Сутки 3776
Клиент 1 завершил 3776 суток проживания из 10000

Сутки 3777
Клиент 1 завершил 3777 суток проживания из 10000

Сутки 3778
Клиент 1 завершил 3778 суток проживания из 10000

Сутки 3779
Клиент 1 завершил 3779 суток проживания из 10000

Сутки 3780
Клиент 1 завершил 3780 суток проживания из 10000

Сутки 3781
Клиент 1 завершил 3781 суток проживания из 10000

Сутки 3782
Клиент 1 завершил 3782 суток проживания из 10000

Сутки 3783
Клиент 1 завершил 3783 суток проживания из 10000

Сутки 3784
Клиент 1 завершил 3784 суток проживания из 10000

Сутки 3785
Клиент 1 завершил 3785 суток проживания из 10000

Сутки 3786
Клиент 1 завершил 3786 суток проживания из 10000

Сутки 3787
Клиент 1 завершил 3787 суток проживания из 10000

Сутки 3788
Клиент 1 завершил 3788 суток проживания из 10000

Сутки 3789
Клиент 1 завершил 3789 суток проживания из 10000

Сутки 3790
Клиент 1 завершил 3790 суток проживания из 10000

Сутки 3791
Клиент 1 завершил 3791 суток проживания из 10000

Сутки 3792
Клиент 1 завершил 3792 суток проживания из 10000

Сутки 3793
Клиент 1 завершил 3793 суток проживания из 10000

Сутки 3794
Клиент 1 завершил 3794 суток проживания из 10000

Сутки 3795
Клиент 1 завершил 3795 суток проживания из 10000

Сутки 3796
Клиент 1 завершил 3796 суток проживания из 10000

Сутки 3797
Клиент 1 завершил 3797 суток проживания из 10000

Сутки 3798
Клиент 1 завершил 3798 суток проживания из 10000

Сутки 3799
Клиент 1 завершил 3799 суток проживания из 10000

Сутки 3800
Клиент 1 завершил 3800 суток проживания из 10000

Сутки 3801
Клиент 1 завершил 3801 суток проживания из 10000

Сутки 3802
Клиент 1 завершил 3802 суток проживания из 10000

Сутки 3803
Клиент 1 завершил 3803 суток проживания из 10000

Сутки 3804
Клиент 1 завершил 3804 суток проживания из 10000

Сутки 3805
Клиент 1 завершил 3805 суток проживания из 10000

Сутки 3806
Клиент 1 завершил 3806 суток проживания из 10000

Сутки 3807
Клиент 1 завершил 3807 суток проживания из 10000

Сутки 3808
Клиент 1 завершил 3808 суток проживания из 10000

Сутки 3809
Клиент 1 завершил 3809 суток проживания из 10000

Сутки 3810
Клиент 1 завершил 3810 суток проживания из 10000

Сутки 3811
Клиент 1 завершил 3811 суток проживания из 10000

Сутки 3812
Клиент 1 завершил 3812 суток проживания из 10000

Сутки 3813
Клиент 1 завершил 3813 суток проживания из 10000

Сутки 3814
Клиент 1 завершил 3814 суток проживания из 10000

Сутки 3815
Клиент 1 завершил 3815 суток проживания из 10000

Сутки 3816
Клиент 1 завершил 3816 суток проживания из 10000

Сутки 3817
Клиент 1 завершил 3817 суток проживания из 10000

Сутки 3818
Клиент 1 завершил 3818 суток проживания из 10000

Сутки 3819
Клиент 1 завершил 3819 суток проживания из 10000

Сутки 3820
Клиент 1 завершил 3820 суток проживания из 10000

Сутки 3821
Клиент 1 завершил 3821 суток проживания из 10000

Сутки 3822
Клиент 1 завершил 3822 суток проживания из 10000

Сутки 3823
Клиент 1 завершил 3823 суток проживания из 10000

Сутки 3824
Клиент 1 завершил 3824 суток проживания из 10000

Сутки 3825
Клиент 1 завершил 3825 суток проживания из 10000

Сутки 3826
Клиент 1 завершил 3826 суток проживания из 10000

Сутки 3827
Клиент 1 завершил 3827 суток проживания из 10000

Сутки 3828
Клиент 1 завершил 3828 суток проживания из 10000

Сутки 3829
Клиент 1 завершил 3829 суток проживания из 10000

Сутки 3830
Клиент 1 завершил 3830 суток проживания из 10000

Сутки 3831
Клиент 1 завершил 3831 суток проживания из 10000

Сутки 3832
Клиент 1 завершил 3832 суток проживания из 10000

Сутки 3833
Клиент 1 завершил 3833 суток проживания из 10000

Сутки 3834
Клиент 1 завершил 3834 суток проживания из 10000

Сутки 3835
Клиент 1 завершил 3835 суток проживания из 10000

Сутки 3836
Клиент 1 завершил 3836 суток проживания из 10000

Сутки 3837
Клиент 1 завершил 3837 суток проживания из 10000

Сутки 3838
Клиент 1 завершил 3838 суток проживания из 10000

Сутки 3839
Клиент 1 завершил 3839 суток проживания из 10000

Сутки 3840
Клиент 1 завершил 3840 суток проживания из 10000

Сутки 3841
Клиент 1 завершил 3841 суток проживания из 10000

Сутки 3842
Клиент 1 завершил 3842 суток проживания из 10000

Сутки 3843
Клиент 1 завершил 3843 суток проживания из 10000

Сутки 3844
Клиент 1 завершил 3844 суток проживания из 10000

Сутки 3845
Клиент 1 завершил 3845 суток проживания из 10000

Сутки 3846
Клиент 1 завершил 3846 суток проживания из 10000

Сутки 3847
Клиент 1 завершил 3847 суток проживания из 10000

Сутки 3848
Клиент 1 завершил 3848 суток проживания из 10000

Сутки 3849
Клиент 1 завершил 3849 суток проживания из 10000

Сутки 3850
Клиент 1 завершил 3850 суток проживания из 10000

Сутки 3851
Клиент 1 завершил 3851 суток проживания из 10000

Сутки 3852
Клиент 1 завершил 3852 суток проживания из 10000

Сутки 3853
Клиент 1 завершил 3853 суток проживания из 10000

Сутки 3854
Клиент 1 завершил 3854 суток проживания из 10000

Сутки 3855
Клиент 1 завершил 3855 суток проживания из 10000

Сутки 3856
Клиент 1 завершил 3856 суток проживания из 10000

Сутки 3857
Клиент 1 завершил 3857 суток проживания из 10000

Сутки 3858
Клиент 1 завершил 3858 суток проживания из 10000

Сутки 3859
Клиент 1 завершил 3859 суток проживания из 10000

Сутки 3860
Клиент 1 завершил 3860 суток проживания из 10000

Сутки 3861
Клиент 1 завершил 3861 суток проживания из 10000

Сутки 3862
Клиент 1 завершил 3862 суток проживания из 10000

Сутки 3863
Клиент 1 завершил 3863 суток проживания из 10000

Сутки 3864
Клиент 1 завершил 3864 суток проживания из 10000

Сутки 3865
Клиент 1 завершил 3865 суток проживания из 10000

Сутки 3866
Клиент 1 завершил 3866 суток проживания из 10000

Сутки 3867
Клиент 1 завершил 3867 суток проживания из 10000

Сутки 3868
Клиент 1 завершил 3868 суток проживания из 10000

Сутки 3869
Клиент 1 завершил 3869 суток проживания из 10000

Сутки 3870
Клиент 1 завершил 3870 суток проживания из 10000

Сутки 3871
Клиент 1 завершил 3871 суток проживания из 10000

Сутки 3872
Клиент 1 завершил 3872 суток проживания из 10000

Сутки 3873
Клиент 1 завершил 3873 суток проживания из 10000

Сутки 3874
Клиент 1 завершил 3874 суток проживания из 10000

Сутки 3875
Клиент 1 завершил 3875 суток проживания из 10000

Сутки 3876
Клиент 1 завершил 3876 суток проживания из 10000

Сутки 3877
Клиент 1 завершил 3877 суток проживания из 10000

Сутки 3878
Клиент 1 завершил 3878 суток проживания из 10000

Сутки 3879
Клиент 1 завершил 3879 суток проживания из 10000

Сутки 3880
Клиент 1 завершил 3880 суток проживания из 10000

Сутки 3881
Клиент 1 завершил 3881 суток проживания из 10000

Сутки 3882
Клиент 1 завершил 3882 суток проживания из 10000

Сутки 3883
Клиент 1 завершил 3883 суток проживания из 10000

Сутки 3884
Клиент 1 завершил 3884 суток проживания из 10000

Сутки 3885
Клиент 1 завершил 3885 суток проживания из 10000

Сутки 3886
Клиент 1 завершил 3886 суток проживания из 10000

Сутки 3887
Клиент 1 завершил 3887 суток проживания из 10000

Сутки 3888
Клиент 1 завершил 3888 суток проживания из 10000

Сутки 3889
Клиент 1 завершил 3889 суток проживания из 10000

Сутки 3890
Клиент 1 завершил 3890 суток проживания из 10000

Сутки 3891
Клиент 1 завершил 3891 суток проживания из 10000

Сутки 3892
Клиент 1 завершил 3892 суток проживания из 10000

Сутки 3893
Клиент 1 завершил 3893 суток проживания из 10000

Сутки 3894
Клиент 1 завершил 3894 суток проживания из 10000

Сутки 3895
Клиент 1 завершил 3895 суток проживания из 10000

Сутки 3896
Клиент 1 завершил 3896 суток проживания из 10000

Сутки 3897
Клиент 1 завершил 3897 суток проживания из 10000

Сутки 3898
Клиент 1 завершил 3898 суток проживания из 10000

Сутки 3899
Клиент 1 завершил 3899 суток проживания из 10000

Сутки 3900
Клиент 1 завершил 3900 суток проживания из 10000

Сутки 3901
Клиент 1 завершил 3901 суток проживания из 10000

Сутки 3902
Клиент 1 завершил 3902 суток проживания из 10000

Сутки 3903
Клиент 1 завершил 3903 суток проживания из 10000

Сутки 3904
Клиент 1 завершил 3904 суток проживания из 10000

Сутки 3905
Клиент 1 завершил 3905 суток проживания из 10000

Сутки 3906
Клиент 1 завершил 3906 суток проживания из 10000

Сутки 3907
Клиент 1 завершил 3907 суток проживания из 10000

Сутки 3908
Клиент 1 завершил 3908 суток проживания из 10000

Сутки 3909
Клиент 1 завершил 3909 суток проживания из 10000

Сутки 3910
Клиент 1 завершил 3910 суток проживания из 10000

Сутки 3911
Клиент 1 завершил 3911 суток проживания из 10000

Сутки 3912
Клиент 1 завершил 3912 суток проживания из 10000

Сутки 3913
Клиент 1 завершил 3913 суток проживания из 10000

Сутки 3914
Клиент 1 завершил 3914 суток проживания из 10000

Сутки 3915
Клиент 1 завершил 3915 суток проживания из 10000

Сутки 3916
Клиент 1 завершил 3916 суток проживания из 10000

Сутки 3917
Клиент 1 завершил 3917 суток проживания из 10000

Сутки 3918
Клиент 1 завершил 3918 суток проживания из 10000

Сутки 3919
Клиент 1 завершил 3919 суток проживания из 10000

Сутки 3920
Клиент 1 завершил 3920 суток проживания из 10000

Сутки 3921
Клиент 1 завершил 3921 суток проживания из 10000

Сутки 3922
Клиент 1 завершил 3922 суток проживания из 10000

Сутки 3923
Клиент 1 завершил 3923 суток проживания из 10000

Сутки 3924
Клиент 1 завершил 3924 суток проживания из 10000

Сутки 3925
Клиент 1 завершил 3925 суток проживания из 10000

Сутки 3926
Клиент 1 завершил 3926 суток проживания из 10000

Сутки 3927
Клиент 1 завершил 3927 суток проживания из 10000

Сутки 3928
Клиент 1 завершил 3928 суток проживания из 10000

Сутки 3929
Клиент 1 завершил 3929 суток проживания из 10000

Сутки 3930
Клиент 1 завершил 3930 суток проживания из 10000

Сутки 3931
Клиент 1 завершил 3931 суток проживания из 10000

Сутки 3932
Клиент 1 завершил 3932 суток проживания из 10000

Сутки 3933
Клиент 1 завершил 3933 суток проживания из 10000

Сутки 3934
Клиент 1 завершил 3934 суток проживания из 10000

Сутки 3935
Клиент 1 завершил 3935 суток проживания из 10000

Сутки 3936
Клиент 1 завершил 3936 суток проживания из 10000

Сутки 3937
Клиент 1 завершил 3937 суток проживания из 10000

Сутки 3938
Клиент 1 завершил 3938 суток проживания из 10000

Сутки 3939
Клиент 1 завершил 3939 суток проживания из 10000

Сутки 3940
Клиент 1 завершил 3940 суток проживания из 10000

Сутки 3941
Клиент 1 завершил 3941 суток проживания из 10000

Сутки 3942
Клиент 1 завершил 3942 суток проживания из 10000

Сутки 3943
Клиент 1 завершил 3943 суток проживания из 10000

Сутки 3944
Клиент 1 завершил 3944 суток проживания из 10000

Сутки 3945
Клиент 1 завершил 3945 суток проживания из 10000

Сутки 3946
Клиент 1 завершил 3946 суток проживания из 10000

Сутки 3947
Клиент 1 завершил 3947 суток проживания из 10000

Сутки 3948
Клиент 1 завершил 3948 суток проживания из 10000

Сутки 3949
Клиент 1 завершил 3949 суток проживания из 10000

Сутки 3950
Клиент 1 завершил 3950 суток проживания из 10000

Сутки 3951
Клиент 1 завершил 3951 суток проживания из 10000

Сутки 3952
Клиент 1 завершил 3952 суток проживания из 10000

Сутки 3953
Клиент 1 завершил 3953 суток проживания из 10000

Сутки 3954
Клиент 1 завершил 3954 суток проживания из 10000

Сутки 3955
Клиент 1 завершил 3955 суток проживания из 10000

Сутки 3956
Клиент 1 завершил 3956 суток проживания из 10000

Сутки 3957
Клиент 1 завершил 3957 суток проживания из 10000

Сутки 3958
Клиент 1 завершил 3958 суток проживания из 10000

Сутки 3959
Клиент 1 завершил 3959 суток проживания из 10000

Сутки 3960
Клиент 1 завершил 3960 суток проживания из 10000

Сутки 3961
Клиент 1 завершил 3961 суток проживания из 10000

Сутки 3962
Клиент 1 завершил 3962 суток проживания из 10000

Сутки 3963
Клиент 1 завершил 3963 суток проживания из 10000

Сутки 3964
Клиент 1 завершил 3964 суток проживания из 10000

Сутки 3965
Клиент 1 завершил 3965 суток проживания из 10000

Сутки 3966
Клиент 1 завершил 3966 суток проживания из 10000

Сутки 3967
Клиент 1 завершил 3967 суток проживания из 10000

Сутки 3968
Клиент 1 завершил 3968 суток проживания из 10000

Сутки 3969
Клиент 1 завершил 3969 суток проживания из 10000

Сутки 3970
Клиент 1 завершил 3970 суток проживания из 10000

Сутки 3971
Клиент 1 завершил 3971 суток проживания из 10000

Сутки 3972
Клиент 1 завершил 3972 суток проживания из 10000

Сутки 3973
Клиент 1 завершил 3973 суток проживания из 10000

Сутки 3974
Клиент 1 завершил 3974 суток проживания из 10000

Сутки 3975
Клиент 1 завершил 3975 суток проживания из 10000

Сутки 3976
Клиент 1 завершил 3976 суток проживания из 10000

Сутки 3977
Клиент 1 завершил 3977 суток проживания из 10000

Сутки 3978
Клиент 1 завершил 3978 суток проживания из 10000

Сутки 3979
Клиент 1 завершил 3979 суток проживания из 10000

Сутки 3980
Клиент 1 завершил 3980 суток проживания из 10000

Сутки 3981
Клиент 1 завершил 3981 суток проживания из 10000

Сутки 3982
Клиент 1 завершил 3982 суток проживания из 10000

Сутки 3983
Клиент 1 завершил 3983 суток проживания из 10000

Сутки 3984
Клиент 1 завершил 3984 суток проживания из 10000

Сутки 3985
Клиент 1 завершил 3985 суток проживания из 10000

Сутки 3986
Клиент 1 завершил 3986 суток проживания из 10000

Сутки 3987
Клиент 1 завершил 3987 суток проживания из 10000

Сутки 3988
Клиент 1 завершил 3988 суток проживания из 10000

Сутки 3989
Клиент 1 завершил 3989 суток проживания из 10000

Сутки 3990
Клиент 1 завершил 3990 суток проживания из 10000

Сутки 3991
Клиент 1 завершил 3991 суток проживания из 10000

Сутки 3992
Клиент 1 завершил 3992 суток проживания из 10000

Сутки 3993
Клиент 1 завершил 3993 суток проживания из 10000

Сутки 3994
Клиент 1 завершил 3994 суток проживания из 10000

Сутки 3995
Клиент 1 завершил 3995 суток проживания из 10000

Сутки 3996
Клиент 1 завершил 3996 суток проживания из 10000

Сутки 3997
Клиент 1 завершил 3997 суток проживания из 10000

Сутки 3998
Клиент 1 завершил 3998 суток проживания из 10000

Сутки 3999
Клиент 1 завершил 3999 суток проживания из 10000

Сутки 4000
Клиент 1 завершил 4000 суток проживания из 10000

Сутки 4001
Клиент 1 завершил 4001 суток проживания из 10000

Сутки 4002
Клиент 1 завершил 4002 суток проживания из 10000

Сутки 4003
Клиент 1 завершил 4003 суток проживания из 10000

Сутки 4004
Клиент 1 завершил 4004 суток проживания из 10000

Сутки 4005
Клиент 1 завершил 4005 суток проживания из 10000

Сутки 4006
Клиент 1 завершил 4006 суток проживания из 10000

Сутки 4007
Клиент 1 завершил 4007 суток проживания из 10000

Сутки 4008
Клиент 1 завершил 4008 суток проживания из 10000

Сутки 4009
Клиент 1 завершил 4009 суток проживания из 10000

Сутки 4010
Клиент 1 завершил 4010 суток проживания из 10000

Сутки 4011
Клиент 1 завершил 4011 суток проживания из 10000

Сутки 4012
Клиент 1 завершил 4012 суток проживания из 10000

Сутки 4013
Клиент 1 завершил 4013 суток проживания из 10000

Сутки 4014
Клиент 1 завершил 4014 суток проживания из 10000

Сутки 4015
Клиент 1 завершил 4015 суток проживания из 10000

Сутки 4016
Клиент 1 завершил 4016 суток проживания из 10000

Сутки 4017
Клиент 1 завершил 4017 суток проживания из 10000

Сутки 4018
Клиент 1 завершил 4018 суток проживания из 10000

Сутки 4019
Клиент 1 завершил 4019 суток проживания из 10000

Сутки 4020
Клиент 1 завершил 4020 суток проживания из 10000

Сутки 4021
Клиент 1 завершил 4021 суток проживания из 10000

Сутки 4022
Клиент 1 завершил 4022 суток проживания из 10000

Сутки 4023
Клиент 1 завершил 4023 суток проживания из 10000

Сутки 4024
Клиент 1 завершил 4024 суток проживания из 10000

Сутки 4025
Клиент 1 завершил 4025 суток проживания из 10000

Сутки 4026
Клиент 1 завершил 4026 суток проживания из 10000

Сутки 4027
Клиент 1 завершил 4027 суток проживания из 10000

Сутки 4028
Клиент 1 завершил 4028 суток проживания из 10000

Сутки 4029
Клиент 1 завершил 4029 суток проживания из 10000

Сутки 4030
Клиент 1 завершил 4030 суток проживания из 10000

Сутки 4031
Клиент 1 завершил 4031 суток проживания из 10000

Сутки 4032
Клиент 1 завершил 4032 суток проживания из 10000

Сутки 4033
Клиент 1 завершил 4033 суток проживания из 10000

Сутки 4034
Клиент 1 завершил 4034 суток проживания из 10000

Сутки 4035
Клиент 1 завершил 4035 суток проживания из 10000

Сутки 4036
Клиент 1 завершил 4036 суток проживания из 10000

Сутки 4037
Клиент 1 завершил 4037 суток проживания из 10000

Сутки 4038
Клиент 1 завершил 4038 суток проживания из 10000

Сутки 4039
Клиент 1 завершил 4039 суток проживания из 10000

Сутки 4040
Клиент 1 завершил 4040 суток проживания из 10000

Сутки 4041
Клиент 1 завершил 4041 суток проживания из 10000

Сутки 4042
Клиент 1 завершил 4042 суток проживания из 10000

Сутки 4043
Клиент 1 завершил 4043 суток проживания из 10000

Сутки 4044
Клиент 1 завершил 4044 суток проживания из 10000

Сутки 4045
Клиент 1 завершил 4045 суток проживания из 10000

Сутки 4046
Клиент 1 завершил 4046 суток проживания из 10000

Сутки 4047
Клиент 1 завершил 4047 суток проживания из 10000

Сутки 4048
Клиент 1 завершил 4048 суток проживания из 10000

Сутки 4049
Клиент 1 завершил 4049 суток проживания из 10000

Сутки 4050
Клиент 1 завершил 4050 суток проживания из 10000

Сутки 4051
Клиент 1 завершил 4051 суток проживания из 10000

Сутки 4052
Клиент 1 завершил 4052 суток проживания из 10000

Сутки 4053
Клиент 1 завершил 4053 суток проживания из 10000

Сутки 4054
Клиент 1 завершил 4054 суток проживания из 10000

Сутки 4055
Клиент 1 завершил 4055 суток проживания из 10000

Сутки 4056
Клиент 1 завершил 4056 суток проживания из 10000

Сутки 4057
Клиент 1 завершил 4057 суток проживания из 10000

Сутки 4058
Клиент 1 завершил 4058 суток проживания из 10000

Сутки 4059
Клиент 1 завершил 4059 суток проживания из 10000

Сутки 4060
Клиент 1 завершил 4060 суток проживания из 10000

Сутки 4061
Клиент 1 завершил 4061 суток проживания из 10000

Сутки 4062
Клиент 1 завершил 4062 суток проживания из 10000

Сутки 4063
Клиент 1 завершил 4063 суток проживания из 10000

Сутки 4064
Клиент 1 завершил 4064 суток проживания из 10000

Сутки 4065
Клиент 1 завершил 4065 суток проживания из 10000

Сутки 4066
Клиент 1 завершил 4066 суток проживания из 10000

Сутки 4067
Клиент 1 завершил 4067 суток проживания из 10000

Сутки 4068
Клиент 1 завершил 4068 суток проживания из 10000

Сутки 4069
Клиент 1 завершил 4069 суток проживания из 10000

Сутки 4070
Клиент 1 завершил 4070 суток проживания из 10000

Сутки 4071
Клиент 1 завершил 4071 суток проживания из 10000

Сутки 4072
Клиент 1 завершил 4072 суток проживания из 10000

Сутки 4073
Клиент 1 завершил 4073 суток проживания из 10000

Сутки 4074
Клиент 1 завершил 4074 суток проживания из 10000

Сутки 4075
Клиент 1 завершил 4075 суток проживания из 10000

Сутки 4076
Клиент 1 завершил 4076 суток проживания из 10000

Сутки 4077
Клиент 1 завершил 4077 суток проживания из 10000

Сутки 4078
Клиент 1 завершил 4078 суток проживания из 10000

Сутки 4079
Клиент 1 завершил 4079 суток проживания из 10000

Сутки 4080
Клиент 1 завершил 4080 суток проживания из 10000

Сутки 4081
Клиент 1 завершил 4081 суток проживания из 10000

Сутки 4082
Клиент 1 завершил 4082 суток проживания из 10000

Сутки 4083
Клиент 1 завершил 4083 суток проживания из 10000

Сутки 4084
Клиент 1 завершил 4084 суток проживания из 10000

Сутки 4085
Клиент 1 завершил 4085 суток проживания из 10000

Сутки 4086
Клиент 1 завершил 4086 суток проживания из 10000

Сутки 4087
Клиент 1 завершил 4087 суток проживания из 10000

Сутки 4088
Клиент 1 завершил 4088 суток проживания из 10000

Сутки 4089
Клиент 1 завершил 4089 суток проживания из 10000

Сутки 4090
Клиент 1 завершил 4090 суток проживания из 10000

Сутки 4091
Клиент 1 завершил 4091 суток проживания из 10000

Сутки 4092
Клиент 1 завершил 4092 суток проживания из 10000

Сутки 4093
Клиент 1 завершил 4093 суток проживания из 10000

Сутки 4094
Клиент 1 завершил 4094 суток проживания из 10000

Сутки 4095
Клиент 1 завершил 4095 суток проживания из 10000

Сутки 4096
Клиент 1 завершил 4096 суток проживания из 10000

Сутки 4097
Клиент 1 завершил 4097 суток проживания из 10000

Сутки 4098
Клиент 1 завершил 4098 суток проживания из 10000

Сутки 4099
Клиент 1 завершил 4099 суток проживания из 10000

Сутки 4100
Клиент 1 завершил 4100 суток проживания из 10000

Сутки 4101
Клиент 1 завершил 4101 суток проживания из 10000

Сутки 4102
Клиент 1 завершил 4102 суток проживания из 10000

Сутки 4103
Клиент 1 завершил 4103 суток проживания из 10000

Сутки 4104
Клиент 1 завершил 4104 суток проживания из 10000

Сутки 4105
Клиент 1 завершил 4105 суток проживания из 10000

Сутки 4106
Клиент 1 завершил 4106 суток проживания из 10000

Сутки 4107
Клиент 1 завершил 4107 суток проживания из 10000

Сутки 4108
Клиент 1 завершил 4108 суток проживания из 10000

Сутки 4109
Клиент 1 завершил 4109 суток проживания из 10000

Сутки 4110
Клиент 1 завершил 4110 суток проживания из 10000

Сутки 4111
Клиент 1 завершил 4111 суток проживания из 10000

Сутки 4112
Клиент 1 завершил 4112 суток проживания из 10000

Сутки 4113
Клиент 1 завершил 4113 суток проживания из 10000

Сутки 4114
Клиент 1 завершил 4114 суток проживания из 10000

Сутки 4115
Клиент 1 завершил 4115 суток проживания из 10000

Сутки 4116
Клиент 1 завершил 4116 суток проживания из 10000

Сутки 4117
Клиент 1 завершил 4117 суток проживания из 10000

Сутки 4118
Клиент 1 завершил 4118 суток проживания из 10000

Сутки 4119
Клиент 1 завершил 4119 суток проживания из 10000

Сутки 4120
Клиент 1 завершил 4120 суток проживания из 10000

Сутки 4121
Клиент 1 завершил 4121 суток проживания из 10000

Сутки 4122
Клиент 1 завершил 4122 суток проживания из 10000

Сутки 4123
Клиент 1 завершил 4123 суток проживания из 10000

Сутки 4124
Клиент 1 завершил 4124 суток проживания из 10000

Сутки 4125
Клиент 1 завершил 4125 суток проживания из 10000

Сутки 4126
Клиент 1 завершил 4126 суток проживания из 10000

Сутки 4127
Клиент 1 завершил 4127 суток проживания из 10000

Сутки 4128
Клиент 1 завершил 4128 суток проживания из 10000

Сутки 4129
Клиент 1 завершил 4129 суток проживания из 10000

Сутки 4130
Клиент 1 завершил 4130 суток проживания из 10000

Сутки 4131
Клиент 1 завершил 4131 суток проживания из 10000

Сутки 4132
Клиент 1 завершил 4132 суток проживания из 10000

Сутки 4133
Клиент 1 завершил 4133 суток проживания из 10000

Сутки 4134
Клиент 1 завершил 4134 суток проживания из 10000

Сутки 4135
Клиент 1 завершил 4135 суток проживания из 10000

Сутки 4136
Клиент 1 завершил 4136 суток проживания из 10000

Сутки 4137
Клиент 1 завершил 4137 суток проживания из 10000

Сутки 4138
Клиент 1 завершил 4138 суток проживания из 10000

Сутки 4139
Клиент 1 завершил 4139 суток проживания из 10000

Сутки 4140
Клиент 1 завершил 4140 суток проживания из 10000

Сутки 4141
Клиент 1 завершил 4141 суток проживания из 10000

Сутки 4142
Клиент 1 завершил 4142 суток проживания из 10000

Сутки 4143
Клиент 1 завершил 4143 суток проживания из 10000

Сутки 4144
Клиент 1 завершил 4144 суток проживания из 10000

Сутки 4145
Клиент 1 завершил 4145 суток проживания из 10000

Сутки 4146
Клиент 1 завершил 4146 суток проживания из 10000

Сутки 4147
Клиент 1 завершил 4147 суток проживания из 10000

Сутки 4148
Клиент 1 завершил 4148 суток проживания из 10000

Сутки 4149
Клиент 1 завершил 4149 суток проживания из 10000

Сутки 4150
Клиент 1 завершил 4150 суток проживания из 10000

Сутки 4151
Клиент 1 завершил 4151 суток проживания из 10000

Сутки 4152
Клиент 1 завершил 4152 суток проживания из 10000

Сутки 4153
Клиент 1 завершил 4153 суток проживания из 10000

Сутки 4154
Клиент 1 завершил 4154 суток проживания из 10000

Сутки 4155
Клиент 1 завершил 4155 суток проживания из 10000

Сутки 4156
Клиент 1 завершил 4156 суток проживания из 10000

Сутки 4157
Клиент 1 завершил 4157 суток проживания из 10000

Сутки 4158
Клиент 1 завершил 4158 суток проживания из 10000

Сутки 4159
Клиент 1 завершил 4159 суток проживания из 10000

Сутки 4160
Клиент 1 завершил 4160 суток проживания из 10000

Сутки 4161
Клиент 1 завершил 4161 суток проживания из 10000

Сутки 4162
Клиент 1 завершил 4162 суток проживания из 10000

Сутки 4163
Клиент 1 завершил 4163 суток проживания из 10000

Сутки 4164
Клиент 1 завершил 4164 суток проживания из 10000

Сутки 4165
Клиент 1 завершил 4165 суток проживания из 10000

Сутки 4166
Клиент 1 завершил 4166 суток проживания из 10000

Сутки 4167
Клиент 1 завершил 4167 суток проживания из 10000

Сутки 4168
Клиент 1 завершил 4168 суток проживания из 10000

Сутки 4169
Клиент 1 завершил 4169 суток проживания из 10000

Сутки 4170
Клиент 1 завершил 4170 суток проживания из 10000

Сутки 4171
Клиент 1 завершил 4171 суток проживания из 10000

Сутки 4172
Клиент 1 завершил 4172 суток проживания из 10000

Сутки 4173
Клиент 1 завершил 4173 суток проживания из 10000

Сутки 4174
Клиент 1 завершил 4174 суток проживания из 10000

Сутки 4175
Клиент 1 завершил 4175 суток проживания из 10000

Сутки 4176
Клиент 1 завершил 4176 суток проживания из 10000

Сутки 4177
Клиент 1 завершил 4177 суток проживания из 10000

Сутки 4178
Клиент 1 завершил 4178 суток проживания из 10000

Сутки 4179
Клиент 1 завершил 4179 суток проживания из 10000

Сутки 4180
Клиент 1 завершил 4180 суток проживания из 10000

Сутки 4181
Клиент 1 завершил 4181 суток проживания из 10000

Сутки 4182
Клиент 1 завершил 4182 суток проживания из 10000

Сутки 4183
Клиент 1 завершил 4183 суток проживания из 10000

Сутки 4184
Клиент 1 завершил 4184 суток проживания из 10000

Сутки 4185
Клиент 1 завершил 4185 суток проживания из 10000

Сутки 4186
Клиент 1 завершил 4186 суток проживания из 10000

Сутки 4187
Клиент 1 завершил 4187 суток проживания из 10000

Сутки 4188
Клиент 1 завершил 4188 суток проживания из 10000

Сутки 4189
Клиент 1 завершил 4189 суток проживания из 10000

Сутки 4190
Клиент 1 завершил 4190 суток проживания из 10000

Сутки 4191
Клиент 1 завершил 4191 суток проживания из 10000

Сутки 4192
Клиент 1 завершил 4192 суток проживания из 10000

Сутки 4193
Клиент 1 завершил 4193 суток проживания из 10000

Сутки 4194
Клиент 1 завершил 4194 суток проживания из 10000

Сутки 4195
Клиент 1 завершил 4195 суток проживания из 10000

Сутки 4196
Клиент 1 завершил 4196 суток проживания из 10000

Сутки 4197
Клиент 1 завершил 4197 суток проживания из 10000

Сутки 4198
Клиент 1 завершил 4198 суток проживания из 10000

Сутки 4199
Клиент 1 завершил 4199 суток проживания из 10000

Сутки 4200
Клиент 1 завершил 4200 суток проживания из 10000

Сутки 4201
Клиент 1 завершил 4201 суток проживания из 10000

Сутки 4202
Клиент 1 завершил 4202 суток проживания из 10000

Сутки 4203
Клиент 1 завершил 4203 суток проживания из 10000

Сутки 4204
Клиент 1 завершил 4204 суток проживания из 10000

Сутки 4205
Клиент 1 завершил 4205 суток проживания из 10000

Сутки 4206
Клиент 1 завершил 4206 суток проживания из 10000

Сутки 4207
Клиент 1 завершил 4207 суток проживания из 10000

Сутки 4208
Клиент 1 завершил 4208 суток проживания из 10000

Сутки 4209
Клиент 1 завершил 4209 суток проживания из 10000

Сутки 4210
Клиент 1 завершил 4210 суток проживания из 10000

Сутки 4211
Клиент 1 завершил 4211 суток проживания из 10000

Сутки 4212
Клиент 1 завершил 4212 суток проживания из 10000

Сутки 4213
Клиент 1 завершил 4213 суток проживания из 10000

Сутки 4214
Клиент 1 завершил 4214 суток проживания из 10000

Сутки 4215
Клиент 1 завершил 4215 суток проживания из 10000

Сутки 4216
Клиент 1 завершил 4216 суток проживания из 10000

Сутки 4217
Клиент 1 завершил 4217 суток проживания из 10000

Сутки 4218
Клиент 1 завершил 4218 суток проживания из 10000

Сутки 4219
Клиент 1 завершил 4219 суток проживания из 10000

Сутки 4220
Клиент 1 завершил 4220 суток проживания из 10000

Сутки 4221
Клиент 1 завершил 4221 суток проживания из 10000

Сутки 4222
Клиент 1 завершил 4222 суток проживания из 10000

Сутки 4223
Клиент 1 завершил 4223 суток проживания из 10000

Сутки 4224
Клиент 1 завершил 4224 суток проживания из 10000

Сутки 4225
Клиент 1 завершил 4225 суток проживания из 10000

Сутки 4226
Клиент 1 завершил 4226 суток проживания из 10000

Сутки 4227
Клиент 1 завершил 4227 суток проживания из 10000

Сутки 4228
Клиент 1 завершил 4228 суток проживания из 10000

Сутки 4229
Клиент 1 завершил 4229 суток проживания из 10000

Сутки 4230
Клиент 1 завершил 4230 суток проживания из 10000

Сутки 4231
Клиент 1 завершил 4231 суток проживания из 10000

Сутки 4232
Клиент 1 завершил 4232 суток проживания из 10000

Сутки 4233
Клиент 1 завершил 4233 суток проживания из 10000

Сутки 4234
Клиент 1 завершил 4234 суток проживания из 10000

Сутки 4235
Клиент 1 завершил 4235 суток проживания из 10000

Сутки 4236
Клиент 1 завершил 4236 суток проживания из 10000

Сутки 4237
Клиент 1 завершил 4237 суток проживания из 10000

Сутки 4238
Клиент 1 завершил 4238 суток проживания из 10000

Сутки 4239
Клиент 1 завершил 4239 суток проживания из 10000

Сутки 4240
Клиент 1 завершил 4240 суток проживания из 10000

Сутки 4241
Клиент 1 завершил 4241 суток проживания из 10000

Сутки 4242
Клиент 1 завершил 4242 суток проживания из 10000

Сутки 4243
Клиент 1 завершил 4243 суток проживания из 10000

Сутки 4244
Клиент 1 завершил 4244 суток проживания из 10000

Сутки 4245
Клиент 1 завершил 4245 суток проживания из 10000

Сутки 4246
Клиент 1 завершил 4246 суток проживания из 10000

Сутки 4247
Клиент 1 завершил 4247 суток проживания из 10000

Сутки 4248
Клиент 1 завершил 4248 суток проживания из 10000

Сутки 4249
Клиент 1 завершил 4249 суток проживания из 10000

Сутки 4250
Клиент 1 завершил 4250 суток проживания из 10000

Сутки 4251
Клиент 1 завершил 4251 суток проживания из 10000

Сутки 4252
Клиент 1 завершил 4252 суток проживания из 10000

Сутки 4253
Клиент 1 завершил 4253 суток проживания из 10000

Сутки 4254
Клиент 1 завершил 4254 суток проживания из 10000

Сутки 4255
Клиент 1 завершил 4255 суток проживания из 10000

Сутки 4256
Клиент 1 завершил 4256 суток проживания из 10000

Сутки 4257
Клиент 1 завершил 4257 суток проживания из 10000

Сутки 4258
Клиент 1 завершил 4258 суток проживания из 10000

Сутки 4259
Клиент 1 завершил 4259 суток проживания из 10000

Сутки 4260
Клиент 1 завершил 4260 суток проживания из 10000

Сутки 4261
Клиент 1 завершил 4261 суток проживания из 10000

Сутки 4262
Клиент 1 завершил 4262 суток проживания из 10000

Сутки 4263
Клиент 1 завершил 4263 суток проживания из 10000

Сутки 4264
Клиент 1 завершил 4264 суток проживания из 10000

Сутки 4265
Клиент 1 завершил 4265 суток проживания из 10000

Сутки 4266
Клиент 1 завершил 4266 суток проживания из 10000

Сутки 4267
Клиент 1 завершил 4267 суток проживания из 10000

Сутки 4268
Клиент 1 завершил 4268 суток проживания из 10000

Сутки 4269
Клиент 1 завершил 4269 суток проживания из 10000

Сутки 4270
Клиент 1 завершил 4270 суток проживания из 10000

Сутки 4271
Клиент 1 завершил 4271 суток проживания из 10000

Сутки 4272
Клиент 1 завершил 4272 суток проживания из 10000

Сутки 4273
Клиент 1 завершил 4273 суток проживания из 10000

Сутки 4274
Клиент 1 завершил 4274 суток проживания из 10000

Сутки 4275
Клиент 1 завершил 4275 суток проживания из 10000

Сутки 4276
Клиент 1 завершил 4276 суток проживания из 10000

Сутки 4277
Клиент 1 завершил 4277 суток проживания из 10000

Сутки 4278
Клиент 1 завершил 4278 суток проживания из 10000

Сутки 4279
Клиент 1 завершил 4279 суток проживания из 10000

Сутки 4280
Клиент 1 завершил 4280 суток проживания из 10000

Сутки 4281
Клиент 1 завершил 4281 суток проживания из 10000

Сутки 4282
Клиент 1 завершил 4282 суток проживания из 10000

Сутки 4283
Клиент 1 завершил 4283 суток проживания из 10000

Сутки 4284
Клиент 1 завершил 4284 суток проживания из 10000

Сутки 4285
Клиент 1 завершил 4285 суток проживания из 10000

Сутки 4286
Клиент 1 завершил 4286 суток проживания из 10000

Сутки 4287
Клиент 1 завершил 4287 суток проживания из 10000

Сутки 4288
Клиент 1 завершил 4288 суток проживания из 10000

Сутки 4289
Клиент 1 завершил 4289 суток проживания из 10000

Сутки 4290
Клиент 1 завершил 4290 суток проживания из 10000

Сутки 4291
Клиент 1 завершил 4291 суток проживания из 10000

Сутки 4292
Клиент 1 завершил 4292 суток проживания из 10000

Сутки 4293
Клиент 1 завершил 4293 суток проживания из 10000

Сутки 4294
Клиент 1 завершил 4294 суток проживания из 10000

Сутки 4295
Клиент 1 завершил 4295 суток проживания из 10000

Сутки 4296
Клиент 1 завершил 4296 суток проживания из 10000

Сутки 4297
Клиент 1 завершил 4297 суток проживания из 10000

Сутки 4298
Клиент 1 завершил 4298 суток проживания из 10000

Сутки 4299
Клиент 1 завершил 4299 суток проживания из 10000

Сутки 4300
Клиент 1 завершил 4300 суток проживания из 10000

Сутки 4301
Клиент 1 завершил 4301 суток проживания из 10000

Сутки 4302
Клиент 1 завершил 4302 суток проживания из 10000

Сутки 4303
Клиент 1 завершил 4303 суток проживания из 10000

Сутки 4304
Клиент 1 завершил 4304 суток проживания из 10000

Сутки 4305
Клиент 1 завершил 4305 суток проживания из 10000

Сутки 4306
Клиент 1 завершил 4306 суток проживания из 10000

Сутки 4307
Клиент 1 завершил 4307 суток проживания из 10000

Сутки 4308
Клиент 1 завершил 4308 суток проживания из 10000

Сутки 4309
Клиент 1 завершил 4309 суток проживания из 10000

Сутки 4310
Клиент 1 завершил 4310 суток проживания из 10000

Сутки 4311
Клиент 1 завершил 4311 суток проживания из 10000

Сутки 4312
Клиент 1 завершил 4312 суток проживания из 10000

Сутки 4313
Клиент 1 завершил 4313 суток проживания из 10000

Сутки 4314
Клиент 1 завершил 4314 суток проживания из 10000

Сутки 4315
Клиент 1 завершил 4315 суток проживания из 10000

Сутки 4316
Клиент 1 завершил 4316 суток проживания из 10000

Сутки 4317
Клиент 1 завершил 4317 суток проживания из 10000

Сутки 4318
Клиент 1 завершил 4318 суток проживания из 10000

Сутки 4319
Клиент 1 завершил 4319 суток проживания из 10000

Сутки 4320
Клиент 1 завершил 4320 суток проживания из 10000

Сутки 4321
Клиент 1 завершил 4321 суток проживания из 10000

Сутки 4322
Клиент 1 завершил 4322 суток проживания из 10000

Сутки 4323
Клиент 1 завершил 4323 суток проживания из 10000

Сутки 4324
Клиент 1 завершил 4324 суток проживания из 10000

Сутки 4325
Клиент 1 завершил 4325 суток проживания из 10000

Сутки 4326
Клиент 1 завершил 4326 суток проживания из 10000

Сутки 4327
Клиент 1 завершил 4327 суток проживания из 10000

Сутки 4328
Клиент 1 завершил 4328 суток проживания из 10000

Сутки 4329
Клиент 1 завершил 4329 суток проживания из 10000

Сутки 4330
Клиент 1 завершил 4330 суток проживания из 10000

Сутки 4331
Клиент 1 завершил 4331 суток проживания из 10000

Сутки 4332
Клиент 1 завершил 4332 суток проживания из 10000

Сутки 4333
Клиент 1 завершил 4333 суток проживания из 10000

Сутки 4334
Клиент 1 завершил 4334 суток проживания из 10000

Сутки 4335
Клиент 1 завершил 4335 суток проживания из 10000

Сутки 4336
Клиент 1 завершил 4336 суток проживания из 10000

Сутки 4337
Клиент 1 завершил 4337 суток проживания из 10000

Сутки 4338
Клиент 1 завершил 4338 суток проживания из 10000

Сутки 4339
Клиент 1 завершил 4339 суток проживания из 10000

Сутки 4340
Клиент 1 завершил 4340 суток проживания из 10000

Сутки 4341
Клиент 1 завершил 4341 суток проживания из 10000

Сутки 4342
Клиент 1 завершил 4342 суток проживания из 10000

Сутки 4343
Клиент 1 завершил 4343 суток проживания из 10000

Сутки 4344
Клиент 1 завершил 4344 суток проживания из 10000

Сутки 4345
Клиент 1 завершил 4345 суток проживания из 10000

Сутки 4346
Клиент 1 завершил 4346 суток проживания из 10000

Сутки 4347
Клиент 1 завершил 4347 суток проживания из 10000

Сутки 4348
Клиент 1 завершил 4348 суток проживания из 10000

Сутки 4349
Клиент 1 завершил 4349 суток проживания из 10000

Сутки 4350
Клиент 1 завершил 4350 суток проживания из 10000

Сутки 4351
Клиент 1 завершил 4351 суток проживания из 10000

Сутки 4352
Клиент 1 завершил 4352 суток проживания из 10000

Сутки 4353
Клиент 1 завершил 4353 суток проживания из 10000

Сутки 4354
Клиент 1 завершил 4354 суток проживания из 10000

Сутки 4355
Клиент 1 завершил 4355 суток проживания из 10000

Сутки 4356
Клиент 1 завершил 4356 суток проживания из 10000

Сутки 4357
Клиент 1 завершил 4357 суток проживания из 10000

Сутки 4358
Клиент 1 завершил 4358 суток проживания из 10000

Сутки 4359
Клиент 1 завершил 4359 суток проживания из 10000

Сутки 4360
Клиент 1 завершил 4360 суток проживания из 10000

Сутки 4361
Клиент 1 завершил 4361 суток проживания из 10000

Сутки 4362
Клиент 1 завершил 4362 суток проживания из 10000

Сутки 4363
Клиент 1 завершил 4363 суток проживания из 10000

Сутки 4364
Клиент 1 завершил 4364 суток проживания из 10000

Сутки 4365
Клиент 1 завершил 4365 суток проживания из 10000

Сутки 4366
Клиент 1 завершил 4366 суток проживания из 10000

Сутки 4367
Клиент 1 завершил 4367 суток проживания из 10000

Сутки 4368
Клиент 1 завершил 4368 суток проживания из 10000

Сутки 4369
Клиент 1 завершил 4369 суток проживания из 10000

Сутки 4370
Клиент 1 завершил 4370 суток проживания из 10000

Сутки 4371
Клиент 1 завершил 4371 суток проживания из 10000

Сутки 4372
Клиент 1 завершил 4372 суток проживания из 10000

Сутки 4373
Клиент 1 завершил 4373 суток проживания из 10000

Сутки 4374
Клиент 1 завершил 4374 суток проживания из 10000

Сутки 4375
Клиент 1 завершил 4375 суток проживания из 10000

Сутки 4376
Клиент 1 завершил 4376 суток проживания из 10000

Сутки 4377
Клиент 1 завершил 4377 суток проживания из 10000

Сутки 4378
Клиент 1 завершил 4378 суток проживания из 10000

Сутки 4379
Клиент 1 завершил 4379 суток проживания из 10000

Сутки 4380
Клиент 1 завершил 4380 суток проживания из 10000

Сутки 4381
Клиент 1 завершил 4381 суток проживания из 10000

Сутки 4382
Клиент 1 завершил 4382 суток проживания из 10000

Сутки 4383
Клиент 1 завершил 4383 суток проживания из 10000

Сутки 4384
Клиент 1 завершил 4384 суток проживания из 10000

Сутки 4385
Клиент 1 завершил 4385 суток проживания из 10000

Сутки 4386
Клиент 1 завершил 4386 суток проживания из 10000

Сутки 4387
Клиент 1 завершил 4387 суток проживания из 10000

Сутки 4388
Клиент 1 завершил 4388 суток проживания из 10000

Сутки 4389
Клиент 1 завершил 4389 суток проживания из 10000

Сутки 4390
Клиент 1 завершил 4390 суток проживания из 10000

Сутки 4391
Клиент 1 завершил 4391 суток проживания из 10000

Сутки 4392
Клиент 1 завершил 4392 суток проживания из 10000

Сутки 4393
Клиент 1 завершил 4393 суток проживания из 10000

Сутки 4394
Клиент 1 завершил 4394 суток проживания из 10000

Сутки 4395
Клиент 1 завершил 4395 суток проживания из 10000

Сутки 4396
Клиент 1 завершил 4396 суток проживания из 10000

Сутки 4397
Клиент 1 завершил 4397 суток проживания из 10000

Сутки 4398
Клиент 1 завершил 4398 суток проживания из 10000

Сутки 4399
Клиент 1 завершил 4399 суток проживания из 10000

Сутки 4400
Клиент 1 завершил 4400 суток проживания из 10000

Сутки 4401
Клиент 1 завершил 4401 суток проживания из 10000

Сутки 4402
Клиент 1 завершил 4402 суток проживания из 10000

Сутки 4403
Клиент 1 завершил 4403 суток проживания из 10000

Сутки 4404
Клиент 1 завершил 4404 суток проживания из 10000

Сутки 4405
Клиент 1 завершил 4405 суток проживания из 10000

Сутки 4406
Клиент 1 завершил 4406 суток проживания из 10000

Сутки 4407
Клиент 1 завершил 4407 суток проживания из 10000

Сутки 4408
Клиент 1 завершил 4408 суток проживания из 10000

Сутки 4409
Клиент 1 завершил 4409 суток проживания из 10000

Сутки 4410
Клиент 1 завершил 4410 суток проживания из 10000

Сутки 4411
Клиент 1 завершил 4411 суток проживания из 10000

Сутки 4412
Клиент 1 завершил 4412 суток проживания из 10000

Сутки 4413
Клиент 1 завершил 4413 суток проживания из 10000

Сутки 4414
Клиент 1 завершил 4414 суток проживания из 10000

Сутки 4415
Клиент 1 завершил 4415 суток проживания из 10000

Сутки 4416
Клиент 1 завершил 4416 суток проживания из 10000

Сутки 4417
Клиент 1 завершил 4417 суток проживания из 10000

Сутки 4418
Клиент 1 завершил 4418 суток проживания из 10000

Сутки 4419
Клиент 1 завершил 4419 суток проживания из 10000

Сутки 4420
Клиент 1 завершил 4420 суток проживания из 10000

Сутки 4421
Клиент 1 завершил 4421 суток проживания из 10000

Сутки 4422
Клиент 1 завершил 4422 суток проживания из 10000

Сутки 4423
Клиент 1 завершил 4423 суток проживания из 10000

Сутки 4424
Клиент 1 завершил 4424 суток проживания из 10000

Сутки 4425
Клиент 1 завершил 4425 суток проживания из 10000

Сутки 4426
Клиент 1 завершил 4426 суток проживания из 10000

Сутки 4427
Клиент 1 завершил 4427 суток проживания из 10000

Сутки 4428
Клиент 1 завершил 4428 суток проживания из 10000

Сутки 4429
Клиент 1 завершил 4429 суток проживания из 10000

Сутки 4430
Клиент 1 завершил 4430 суток проживания из 10000

Сутки 4431
Клиент 1 завершил 4431 суток проживания из 10000

Сутки 4432
Клиент 1 завершил 4432 суток проживания из 10000

Сутки 4433
Клиент 1 завершил 4433 суток проживания из 10000

Сутки 4434
Клиент 1 завершил 4434 суток проживания из 10000

Сутки 4435
Клиент 1 завершил 4435 суток проживания из 10000

Сутки 4436
Клиент 1 завершил 4436 суток проживания из 10000

Сутки 4437
Клиент 1 завершил 4437 суток проживания из 10000

Сутки 4438
Клиент 1 завершил 4438 суток проживания из 10000

Сутки 4439
Клиент 1 завершил 4439 суток проживания из 10000

Сутки 4440
Клиент 1 завершил 4440 суток проживания из 10000

Сутки 4441
Клиент 1 завершил 4441 суток проживания из 10000

Сутки 4442
Клиент 1 завершил 4442 суток проживания из 10000

Сутки 4443
Клиент 1 завершил 4443 суток проживания из 10000

Сутки 4444
Клиент 1 завершил 4444 суток проживания из 10000

Сутки 4445
Клиент 1 завершил 4445 суток проживания из 10000

Сутки 4446
Клиент 1 завершил 4446 суток проживания из 10000

Сутки 4447
Клиент 1 завершил 4447 суток проживания из 10000

Сутки 4448
Клиент 1 завершил 4448 суток проживания из 10000

Сутки 4449
Клиент 1 завершил 4449 суток проживания из 10000

Сутки 4450
Клиент 1 завершил 4450 суток проживания из 10000

Сутки 4451
Клиент 1 завершил 4451 суток проживания из 10000

Сутки 4452
Клиент 1 завершил 4452 суток проживания из 10000

Сутки 4453
Клиент 1 завершил 4453 суток проживания из 10000

Сутки 4454
Клиент 1 завершил 4454 суток проживания из 10000

Сутки 4455
Клиент 1 завершил 4455 суток проживания из 10000

Сутки 4456
Клиент 1 завершил 4456 суток проживания из 10000

Сутки 4457
Клиент 1 завершил 4457 суток проживания из 10000

Сутки 4458
Клиент 1 завершил 4458 суток проживания из 10000

Сутки 4459
Клиент 1 завершил 4459 суток проживания из 10000

Сутки 4460
Клиент 1 завершил 4460 суток проживания из 10000

Сутки 4461
Клиент 1 завершил 4461 суток проживания из 10000

Сутки 4462
Клиент 1 завершил 4462 суток проживания из 10000

Сутки 4463
Клиент 1 завершил 4463 суток проживания из 10000

Сутки 4464
Клиент 1 завершил 4464 суток проживания из 10000

Сутки 4465
Клиент 1 завершил 4465 суток проживания из 10000

Сутки 4466
Клиент 1 завершил 4466 суток проживания из 10000

Сутки 4467
Клиент 1 завершил 4467 суток проживания из 10000

Сутки 4468
Клиент 1 завершил 4468 суток проживания из 10000

Сутки 4469
Клиент 1 завершил 4469 суток проживания из 10000

Сутки 4470
Клиент 1 завершил 4470 суток проживания из 10000

Сутки 4471
Клиент 1 завершил 4471 суток проживания из 10000

Сутки 4472
Клиент 1 завершил 4472 суток проживания из 10000

Сутки 4473
Клиент 1 завершил 4473 суток проживания из 10000

Сутки 4474
Клиент 1 завершил 4474 суток проживания из 10000

Сутки 4475
Клиент 1 завершил 4475 суток проживания из 10000

Сутки 4476
Клиент 1 завершил 4476 суток проживания из 10000

Сутки 4477
Клиент 1 завершил 4477 суток проживания из 10000

Сутки 4478
Клиент 1 завершил 4478 суток проживания из 10000

Сутки 4479
Клиент 1 завершил 4479 суток проживания из 10000

Сутки 4480
Клиент 1 завершил 4480 суток проживания из 10000

Сутки 4481
Клиент 1 завершил 4481 суток проживания из 10000

Сутки 4482
Клиент 1 завершил 4482 суток проживания из 10000

Сутки 4483
Клиент 1 завершил 4483 суток проживания из 10000

Сутки 4484
Клиент 1 завершил 4484 суток проживания из 10000

Сутки 4485
Клиент 1 завершил 4485 суток проживания из 10000

Сутки 4486
Клиент 1 завершил 4486 суток проживания из 10000

Сутки 4487
Клиент 1 завершил 4487 суток проживания из 10000

Сутки 4488
Клиент 1 завершил 4488 суток проживания из 10000

Сутки 4489
Клиент 1 завершил 4489 суток проживания из 10000

Сутки 4490
Клиент 1 завершил 4490 суток проживания из 10000

Сутки 4491
Клиент 1 завершил 4491 суток проживания из 10000

Сутки 4492
Клиент 1 завершил 4492 суток проживания из 10000

Сутки 4493
Клиент 1 завершил 4493 суток проживания из 10000

Сутки 4494
Клиент 1 завершил 4494 суток проживания из 10000

Сутки 4495
Клиент 1 завершил 4495 суток проживания из 10000

Сутки 4496
Клиент 1 завершил 4496 суток проживания из 10000

Сутки 4497
Клиент 1 завершил 4497 суток проживания из 10000

Сутки 4498
Клиент 1 завершил 4498 суток проживания из 10000

Сутки 4499
Клиент 1 завершил 4499 суток проживания из 10000

Сутки 4500
Клиент 1 завершил 4500 суток проживания из 10000

Сутки 4501
Клиент 1 завершил 4501 суток проживания из 10000

Сутки 4502
Клиент 1 завершил 4502 суток проживания из 10000

Сутки 4503
Клиент 1 завершил 4503 суток проживания из 10000

Сутки 4504
Клиент 1 завершил 4504 суток проживания из 10000

Сутки 4505
Клиент 1 завершил 4505 суток проживания из 10000

Сутки 4506
Клиент 1 завершил 4506 суток проживания из 10000

Сутки 4507
Клиент 1 завершил 4507 суток проживания из 10000

Сутки 4508
Клиент 1 завершил 4508 суток проживания из 10000

Сутки 4509
Клиент 1 завершил 4509 суток проживания из 10000

Сутки 4510
Клиент 1 завершил 4510 суток проживания из 10000

Сутки 4511
Клиент 1 завершил 4511 суток проживания из 10000

Сутки 4512
Клиент 1 завершил 4512 суток проживания из 10000

Сутки 4513
Клиент 1 завершил 4513 суток проживания из 10000

Сутки 4514
Клиент 1 завершил 4514 суток проживания из 10000

Сутки 4515
Клиент 1 завершил 4515 суток проживания из 10000

Сутки 4516
Клиент 1 завершил 4516 суток проживания из 10000

Сутки 4517
Клиент 1 завершил 4517 суток проживания из 10000

Сутки 4518
Клиент 1 завершил 4518 суток проживания из 10000

Сутки 4519
Клиент 1 завершил 4519 суток проживания из 10000

Сутки 4520
Клиент 1 завершил 4520 суток проживания из 10000

Сутки 4521
Клиент 1 завершил 4521 суток проживания из 10000

Сутки 4522
Клиент 1 завершил 4522 суток проживания из 10000

Сутки 4523
Клиент 1 завершил 4523 суток проживания из 10000

Сутки 4524
Клиент 1 завершил 4524 суток проживания из 10000

Сутки 4525
Клиент 1 завершил 4525 суток проживания из 10000

Сутки 4526
Клиент 1 завершил 4526 суток проживания из 10000

Сутки 4527
Клиент 1 завершил 4527 суток проживания из 10000

Сутки 4528
Клиент 1 завершил 4528 суток проживания из 10000

Сутки 4529
Клиент 1 завершил 4529 суток проживания из 10000

Сутки 4530
Клиент 1 завершил 4530 суток проживания из 10000

Сутки 4531
Клиент 1 завершил 4531 суток проживания из 10000

Сутки 4532
Клиент 1 завершил 4532 суток проживания из 10000

Сутки 4533
Клиент 1 завершил 4533 суток проживания из 10000

Сутки 4534
Клиент 1 завершил 4534 суток проживания из 10000

Сутки 4535
Клиент 1 завершил 4535 суток проживания из 10000

Сутки 4536
Клиент 1 завершил 4536 суток проживания из 10000

Сутки 4537
Клиент 1 завершил 4537 суток проживания из 10000

Сутки 4538
Клиент 1 завершил 4538 суток проживания из 10000

Сутки 4539
Клиент 1 завершил 4539 суток проживания из 10000

Сутки 4540
Клиент 1 завершил 4540 суток проживания из 10000

Сутки 4541
Клиент 1 завершил 4541 суток проживания из 10000

Сутки 4542
Клиент 1 завершил 4542 суток проживания из 10000

Сутки 4543
Клиент 1 завершил 4543 суток проживания из 10000

Сутки 4544
Клиент 1 завершил 4544 суток проживания из 10000

Сутки 4545
Клиент 1 завершил 4545 суток проживания из 10000

Сутки 4546
Клиент 1 завершил 4546 суток проживания из 10000

Сутки 4547
Клиент 1 завершил 4547 суток проживания из 10000

Сутки 4548
Клиент 1 завершил 4548 суток проживания из 10000

Сутки 4549
Клиент 1 завершил 4549 суток проживания из 10000

Сутки 4550
Клиент 1 завершил 4550 суток проживания из 10000

Сутки 4551
Клиент 1 завершил 4551 суток проживания из 10000

Сутки 4552
Клиент 1 завершил 4552 суток проживания из 10000

Сутки 4553
Клиент 1 завершил 4553 суток проживания из 10000

Сутки 4554
Клиент 1 завершил 4554 суток проживания из 10000

Сутки 4555
Клиент 1 завершил 4555 суток проживания из 10000

Сутки 4556
Клиент 1 завершил 4556 суток проживания из 10000

Сутки 4557
Клиент 1 завершил 4557 суток проживания из 10000

Сутки 4558
Клиент 1 завершил 4558 суток проживания из 10000

Сутки 4559
Клиент 1 завершил 4559 суток проживания из 10000

Сутки 4560
Клиент 1 завершил 4560 суток проживания из 10000

Сутки 4561
Клиент 1 завершил 4561 суток проживания из 10000

Сутки 4562
Клиент 1 завершил 4562 суток проживания из 10000

Сутки 4563
Клиент 1 завершил 4563 суток проживания из 10000

Сутки 4564
Клиент 1 завершил 4564 суток проживания из 10000

Сутки 4565
Клиент 1 завершил 4565 суток проживания из 10000

Сутки 4566
Клиент 1 завершил 4566 суток проживания из 10000

Сутки 4567
Клиент 1 завершил 4567 суток проживания из 10000

Сутки 4568
Клиент 1 завершил 4568 суток проживания из 10000

Сутки 4569
Клиент 1 завершил 4569 суток проживания из 10000

Сутки 4570
Клиент 1 завершил 4570 суток проживания из 10000

Сутки 4571
Клиент 1 завершил 4571 суток проживания из 10000

Сутки 4572
Клиент 1 завершил 4572 суток проживания из 10000

Сутки 4573
Клиент 1 завершил 4573 суток проживания из 10000

Сутки 4574
Клиент 1 завершил 4574 суток проживания из 10000

Сутки 4575
Клиент 1 завершил 4575 суток проживания из 10000

Сутки 4576
Клиент 1 завершил 4576 суток проживания из 10000

Сутки 4577
Клиент 1 завершил 4577 суток проживания из 10000

Сутки 4578
Клиент 1 завершил 4578 суток проживания из 10000

Сутки 4579
Клиент 1 завершил 4579 суток проживания из 10000

Сутки 4580
Клиент 1 завершил 4580 суток проживания из 10000

Сутки 4581
Клиент 1 завершил 4581 суток проживания из 10000

Сутки 4582
Клиент 1 завершил 4582 суток проживания из 10000

Сутки 4583
Клиент 1 завершил 4583 суток проживания из 10000

Сутки 4584
Клиент 1 завершил 4584 суток проживания из 10000

Сутки 4585
Клиент 1 завершил 4585 суток проживания из 10000

Сутки 4586
Клиент 1 завершил 4586 суток проживания из 10000

Сутки 4587
Клиент 1 завершил 4587 суток проживания из 10000

Сутки 4588
Клиент 1 завершил 4588 суток проживания из 10000

Сутки 4589
Клиент 1 завершил 4589 суток проживания из 10000

Сутки 4590
Клиент 1 завершил 4590 суток проживания из 10000

Сутки 4591
Клиент 1 завершил 4591 суток проживания из 10000

Сутки 4592
Клиент 1 завершил 4592 суток проживания из 10000

Сутки 4593
Клиент 1 завершил 4593 суток проживания из 10000

Сутки 4594
Клиент 1 завершил 4594 суток проживания из 10000

Сутки 4595
Клиент 1 завершил 4595 суток проживания из 10000

Сутки 4596
Клиент 1 завершил 4596 суток проживания из 10000

Сутки 4597
Клиент 1 завершил 4597 суток проживания из 10000

Сутки 4598
Клиент 1 завершил 4598 суток проживания из 10000

Сутки 4599
Клиент 1 завершил 4599 суток проживания из 10000

Сутки 4600
Клиент 1 завершил 4600 суток проживания из 10000

Сутки 4601
Клиент 1 завершил 4601 суток проживания из 10000

Сутки 4602
Клиент 1 завершил 4602 суток проживания из 10000

Сутки 4603
Клиент 1 завершил 4603 суток проживания из 10000

Сутки 4604
Клиент 1 завершил 4604 суток проживания из 10000

Сутки 4605
Клиент 1 завершил 4605 суток проживания из 10000

Сутки 4606
Клиент 1 завершил 4606 суток проживания из 10000

Сутки 4607
Клиент 1 завершил 4607 суток проживания из 10000

Сутки 4608
Клиент 1 завершил 4608 суток проживания из 10000

Сутки 4609
Клиент 1 завершил 4609 суток проживания из 10000

Сутки 4610
Клиент 1 завершил 4610 суток проживания из 10000

Сутки 4611
Клиент 1 завершил 4611 суток проживания из 10000

Сутки 4612
Клиент 1 завершил 4612 суток проживания из 10000

Сутки 4613
Клиент 1 завершил 4613 суток проживания из 10000

Сутки 4614
Клиент 1 завершил 4614 суток проживания из 10000

Сутки 4615
Клиент 1 завершил 4615 суток проживания из 10000

Сутки 4616
Клиент 1 завершил 4616 суток проживания из 10000

Сутки 4617
Клиент 1 завершил 4617 суток проживания из 10000

Сутки 4618
Клиент 1 завершил 4618 суток проживания из 10000

Сутки 4619
Клиент 1 завершил 4619 суток проживания из 10000

Сутки 4620
Клиент 1 завершил 4620 суток проживания из 10000

Сутки 4621
Клиент 1 завершил 4621 суток проживания из 10000

Сутки 4622
Клиент 1 завершил 4622 суток проживания из 10000

Сутки 4623
Клиент 1 завершил 4623 суток проживания из 10000

Сутки 4624
Клиент 1 завершил 4624 суток проживания из 10000

Сутки 4625
Клиент 1 завершил 4625 суток проживания из 10000

Сутки 4626
Клиент 1 завершил 4626 суток проживания из 10000

Сутки 4627
Клиент 1 завершил 4627 суток проживания из 10000

Сутки 4628
Клиент 1 завершил 4628 суток проживания из 10000

Сутки 4629
Клиент 1 завершил 4629 суток проживания из 10000

Сутки 4630
Клиент 1 завершил 4630 суток проживания из 10000

Сутки 4631
Клиент 1 завершил 4631 суток проживания из 10000

Сутки 4632
Клиент 1 завершил 4632 суток проживания из 10000

Сутки 4633
Клиент 1 завершил 4633 суток проживания из 10000

Сутки 4634
Клиент 1 завершил 4634 суток проживания из 10000

Сутки 4635
Клиент 1 завершил 4635 суток проживания из 10000

Сутки 4636
Клиент 1 завершил 4636 суток проживания из 10000

Сутки 4637
Клиент 1 завершил 4637 суток проживания из 10000

Сутки 4638
Клиент 1 завершил 4638 суток проживания из 10000

Сутки 4639
Клиент 1 завершил 4639 суток проживания из 10000

Сутки 4640
Клиент 1 завершил 4640 суток проживания из 10000

Сутки 4641
Клиент 1 завершил 4641 суток проживания из 10000

Сутки 4642
Клиент 1 завершил 4642 суток проживания из 10000

Сутки 4643
Клиент 1 завершил 4643 суток проживания из 10000

Сутки 4644
Клиент 1 завершил 4644 суток проживания из 10000

Сутки 4645
Клиент 1 завершил 4645 суток проживания из 10000

Сутки 4646
Клиент 1 завершил 4646 суток проживания из 10000

Сутки 4647
Клиент 1 завершил 4647 суток проживания из 10000

Сутки 4648
Клиент 1 завершил 4648 суток проживания из 10000

Сутки 4649
Клиент 1 завершил 4649 суток проживания из 10000

Сутки 4650
Клиент 1 завершил 4650 суток проживания из 10000

Сутки 4651
Клиент 1 завершил 4651 суток проживания из 10000

Сутки 4652
Клиент 1 завершил 4652 суток проживания из 10000

Сутки 4653
Клиент 1 завершил 4653 суток проживания из 10000

Сутки 4654
Клиент 1 завершил 4654 суток проживания из 10000

Сутки 4655
Клиент 1 завершил 4655 суток проживания из 10000

Сутки 4656
Клиент 1 завершил 4656 суток проживания из 10000

Сутки 4657
Клиент 1 завершил 4657 суток проживания из 10000

Сутки 4658
Клиент 1 завершил 4658 суток проживания из 10000

Сутки 4659
Клиент 1 завершил 4659 суток проживания из 10000

Сутки 4660
Клиент 1 завершил 4660 суток проживания из 10000

Сутки 4661
Клиент 1 завершил 4661 суток проживания из 10000

Сутки 4662
Клиент 1 завершил 4662 суток проживания из 10000

Сутки 4663
Клиент 1 завершил 4663 суток проживания из 10000

Сутки 4664
Клиент 1 завершил 4664 суток проживания из 10000

Сутки 4665
Клиент 1 завершил 4665 суток проживания из 10000

Сутки 4666
Клиент 1 завершил 4666 суток проживания из 10000

Сутки 4667
Клиент 1 завершил 4667 суток проживания из 10000

Сутки 4668
Клиент 1 завершил 4668 суток проживания из 10000

Сутки 4669
Клиент 1 завершил 4669 суток проживания из 10000

Сутки 4670
Клиент 1 завершил 4670 суток проживания из 10000

Сутки 4671
Клиент 1 завершил 4671 суток проживания из 10000

Сутки 4672
Клиент 1 завершил 4672 суток проживания из 10000

Сутки 4673
Клиент 1 завершил 4673 суток проживания из 10000

Сутки 4674
Клиент 1 завершил 4674 суток проживания из 10000

Сутки 4675
Клиент 1 завершил 4675 суток проживания из 10000

Сутки 4676
Клиент 1 завершил 4676 суток проживания из 10000

Сутки 4677
Клиент 1 завершил 4677 суток проживания из 10000

Сутки 4678
Клиент 1 завершил 4678 суток проживания из 10000

Сутки 4679
Клиент 1 завершил 4679 суток проживания из 10000

Сутки 4680
Клиент 1 завершил 4680 суток проживания из 10000

Сутки 4681
Клиент 1 завершил 4681 суток проживания из 10000

Сутки 4682
Клиент 1 завершил 4682 суток проживания из 10000

Сутки 4683
Клиент 1 завершил 4683 суток проживания из 10000

Сутки 4684
Клиент 1 завершил 4684 суток проживания из 10000

Сутки 4685
Клиент 1 завершил 4685 суток проживания из 10000

Сутки 4686
Клиент 1 завершил 4686 суток проживания из 10000

Сутки 4687
Клиент 1 завершил 4687 суток проживания из 10000

Сутки 4688
Клиент 1 завершил 4688 суток проживания из 10000

Сутки 4689
Клиент 1 завершил 4689 суток проживания из 10000

Сутки 4690
Клиент 1 завершил 4690 суток проживания из 10000

Сутки 4691
Клиент 1 завершил 4691 суток проживания из 10000

Сутки 4692
Клиент 1 завершил 4692 суток проживания из 10000

Сутки 4693
Клиент 1 завершил 4693 суток проживания из 10000

Сутки 4694
Клиент 1 завершил 4694 суток проживания из 10000

Сутки 4695
Клиент 1 завершил 4695 суток проживания из 10000

Сутки 4696
Клиент 1 завершил 4696 суток проживания из 10000

Сутки 4697
Клиент 1 завершил 4697 суток проживания из 10000

Сутки 4698
Клиент 1 завершил 4698 суток проживания из 10000

Сутки 4699
Клиент 1 завершил 4699 суток проживания из 10000

Сутки 4700
Клиент 1 завершил 4700 суток проживания из 10000

Сутки 4701
Клиент 1 завершил 4701 суток проживания из 10000

Сутки 4702
Клиент 1 завершил 4702 суток проживания из 10000

Сутки 4703
Клиент 1 завершил 4703 суток проживания из 10000

Сутки 4704
Клиент 1 завершил 4704 суток проживания из 10000

Сутки 4705
Клиент 1 завершил 4705 суток проживания из 10000

Сутки 4706
Клиент 1 завершил 4706 суток проживания из 10000

Сутки 4707
Клиент 1 завершил 4707 суток проживания из 10000

Сутки 4708
Клиент 1 завершил 4708 суток проживания из 10000

Сутки 4709
Клиент 1 завершил 4709 суток проживания из 10000

Сутки 4710
Клиент 1 завершил 4710 суток проживания из 10000

Сутки 4711
Клиент 1 завершил 4711 суток проживания из 10000

Сутки 4712
Клиент 1 завершил 4712 суток проживания из 10000

Сутки 4713
Клиент 1 завершил 4713 суток проживания из 10000

Сутки 4714
Клиент 1 завершил 4714 суток проживания из 10000

Сутки 4715
Клиент 1 завершил 4715 суток проживания из 10000

Сутки 4716
Клиент 1 завершил 4716 суток проживания из 10000

Сутки 4717
Клиент 1 завершил 4717 суток проживания из 10000

Сутки 4718
Клиент 1 завершил 4718 суток проживания из 10000

Сутки 4719
Клиент 1 завершил 4719 суток проживания из 10000

Сутки 4720
Клиент 1 завершил 4720 суток проживания из 10000

Сутки 4721
Клиент 1 завершил 4721 суток проживания из 10000

Сутки 4722
Клиент 1 завершил 4722 суток проживания из 10000

Сутки 4723
Клиент 1 завершил 4723 суток проживания из 10000

Сутки 4724
Клиент 1 завершил 4724 суток проживания из 10000

Сутки 4725
Клиент 1 завершил 4725 суток проживания из 10000

Сутки 4726
Клиент 1 завершил 4726 суток проживания из 10000

Сутки 4727
Клиент 1 завершил 4727 суток проживания из 10000

Сутки 4728
Клиент 1 завершил 4728 суток проживания из 10000

Сутки 4729
Клиент 1 завершил 4729 суток проживания из 10000

Сутки 4730
Клиент 1 завершил 4730 суток проживания из 10000

Сутки 4731
Клиент 1 завершил 4731 суток проживания из 10000

Сутки 4732
Клиент 1 завершил 4732 суток проживания из 10000

Сутки 4733
Клиент 1 завершил 4733 суток проживания из 10000

Сутки 4734
Клиент 1 завершил 4734 суток проживания из 10000

Сутки 4735
Клиент 1 завершил 4735 суток проживания из 10000

Сутки 4736
Клиент 1 завершил 4736 суток проживания из 10000

Сутки 4737
Клиент 1 завершил 4737 суток проживания из 10000

Сутки 4738
Клиент 1 завершил 4738 суток проживания из 10000

Сутки 4739
Клиент 1 завершил 4739 суток проживания из 10000

Сутки 4740
Клиент 1 завершил 4740 суток проживания из 10000

Сутки 4741
Клиент 1 завершил 4741 суток проживания из 10000

Сутки 4742
Клиент 1 завершил 4742 суток проживания из 10000

Сутки 4743
Клиент 1 завершил 4743 суток проживания из 10000

Сутки 4744
Клиент 1 завершил 4744 суток проживания из 10000

Сутки 4745
Клиент 1 завершил 4745 суток проживания из 10000

Сутки 4746
Клиент 1 завершил 4746 суток проживания из 10000

Сутки 4747
Клиент 1 завершил 4747 суток проживания из 10000

Сутки 4748
Клиент 1 завершил 4748 суток проживания из 10000

Сутки 4749
Клиент 1 завершил 4749 суток проживания из 10000

Сутки 4750
Клиент 1 завершил 4750 суток проживания из 10000

Сутки 4751
Клиент 1 завершил 4751 суток проживания из 10000

Сутки 4752
Клиент 1 завершил 4752 суток проживания из 10000

Сутки 4753
Клиент 1 завершил 4753 суток проживания из 10000

Сутки 4754
Клиент 1 завершил 4754 суток проживания из 10000

Сутки 4755
Клиент 1 завершил 4755 суток проживания из 10000

Сутки 4756
Клиент 1 завершил 4756 суток проживания из 10000

Сутки 4757
Клиент 1 завершил 4757 суток проживания из 10000

Сутки 4758
Клиент 1 завершил 4758 суток проживания из 10000

Сутки 4759
Клиент 1 завершил 4759 суток проживания из 10000

Сутки 4760
Клиент 1 завершил 4760 суток проживания из 10000

Сутки 4761
Клиент 1 завершил 4761 суток проживания из 10000

Сутки 4762
Клиент 1 завершил 4762 суток проживания из 10000

Сутки 4763
Клиент 1 завершил 4763 суток проживания из 10000

Сутки 4764
Клиент 1 завершил 4764 суток проживания из 10000

Сутки 4765
Клиент 1 завершил 4765 суток проживания из 10000

Сутки 4766
Клиент 1 завершил 4766 суток проживания из 10000

Сутки 4767
Клиент 1 завершил 4767 суток проживания из 10000

Сутки 4768
Клиент 1 завершил 4768 суток проживания из 10000

Сутки 4769
Клиент 1 завершил 4769 суток проживания из 10000

Сутки 4770
Клиент 1 завершил 4770 суток проживания из 10000

Сутки 4771
Клиент 1 завершил 4771 суток проживания из 10000

Сутки 4772
Клиент 1 завершил 4772 суток проживания из 10000

Сутки 4773
Клиент 1 завершил 4773 суток проживания из 10000

Сутки 4774
Клиент 1 завершил 4774 суток проживания из 10000

Сутки 4775
Клиент 1 завершил 4775 суток проживания из 10000

Сутки 4776
Клиент 1 завершил 4776 суток проживания из 10000

Сутки 4777
Клиент 1 завершил 4777 суток проживания из 10000

Сутки 4778
Клиент 1 завершил 4778 суток проживания из 10000

Сутки 4779
Клиент 1 завершил 4779 суток проживания из 10000

Сутки 4780
Клиент 1 завершил 4780 суток проживания из 10000

Сутки 4781
Клиент 1 завершил 4781 суток проживания из 10000

Сутки 4782
Клиент 1 завершил 4782 суток проживания из 10000

Сутки 4783
Клиент 1 завершил 4783 суток проживания из 10000

Сутки 4784
Клиент 1 завершил 4784 суток проживания из 10000

Сутки 4785
Клиент 1 завершил 4785 суток проживания из 10000

Сутки 4786
Клиент 1 завершил 4786 суток проживания из 10000

Сутки 4787
Клиент 1 завершил 4787 суток проживания из 10000

Сутки 4788
Клиент 1 завершил 4788 суток проживания из 10000

Сутки 4789
Клиент 1 завершил 4789 суток проживания из 10000

Сутки 4790
Клиент 1 завершил 4790 суток проживания из 10000

Сутки 4791
Клиент 1 завершил 4791 суток проживания из 10000

Сутки 4792
Клиент 1 завершил 4792 суток проживания из 10000

Сутки 4793
Клиент 1 завершил 4793 суток проживания из 10000

Сутки 4794
Клиент 1 завершил 4794 суток проживания из 10000

Сутки 4795
Клиент 1 завершил 4795 суток проживания из 10000

Сутки 4796
Клиент 1 завершил 4796 суток проживания из 10000

Сутки 4797
Клиент 1 завершил 4797 суток проживания из 10000

Сутки 4798
Клиент 1 завершил 4798 суток проживания из 10000

Сутки 4799
Клиент 1 завершил 4799 суток проживания из 10000

Сутки 4800
Клиент 1 завершил 4800 суток проживания из 10000

Сутки 4801
Клиент 1 завершил 4801 суток проживания из 10000

Сутки 4802
Клиент 1 завершил 4802 суток проживания из 10000

Сутки 4803
Клиент 1 завершил 4803 суток проживания из 10000

Сутки 4804
Клиент 1 завершил 4804 суток проживания из 10000

Сутки 4805
Клиент 1 завершил 4805 суток проживания из 10000

Сутки 4806
Клиент 1 завершил 4806 суток проживания из 10000

Сутки 4807
Клиент 1 завершил 4807 суток проживания из 10000

Сутки 4808
Клиент 1 завершил 4808 суток проживания из 10000

Сутки 4809
Клиент 1 завершил 4809 суток проживания из 10000

Сутки 4810
Клиент 1 завершил 4810 суток проживания из 10000

Сутки 4811
Клиент 1 завершил 4811 суток проживания из 10000

Сутки 4812
Клиент 1 завершил 4812 суток проживания из 10000

Сутки 4813
Клиент 1 завершил 4813 суток проживания из 10000

Сутки 4814
Клиент 1 завершил 4814 суток проживания из 10000

Сутки 4815
Клиент 1 завершил 4815 суток проживания из 10000

Сутки 4816
Клиент 1 завершил 4816 суток проживания из 10000

Сутки 4817
Клиент 1 завершил 4817 суток проживания из 10000

Сутки 4818
Клиент 1 завершил 4818 суток проживания из 10000

Сутки 4819
Клиент 1 завершил 4819 суток проживания из 10000

Сутки 4820
Клиент 1 завершил 4820 суток проживания из 10000

Сутки 4821
Клиент 1 завершил 4821 суток проживания из 10000

Сутки 4822
Клиент 1 завершил 4822 суток проживания из 10000

Сутки 4823
Клиент 1 завершил 4823 суток проживания из 10000

Сутки 4824
Клиент 1 завершил 4824 суток проживания из 10000

Сутки 4825
Клиент 1 завершил 4825 суток проживания из 10000

Сутки 4826
Клиент 1 завершил 4826 суток проживания из 10000

Сутки 4827
Клиент 1 завершил 4827 суток проживания из 10000

Сутки 4828
Клиент 1 завершил 4828 суток проживания из 10000

Сутки 4829
Клиент 1 завершил 4829 суток проживания из 10000

Сутки 4830
Клиент 1 завершил 4830 суток проживания из 10000

Сутки 4831
Клиент 1 завершил 4831 суток проживания из 10000

Сутки 4832
Клиент 1 завершил 4832 суток проживания из 10000

Сутки 4833
Клиент 1 завершил 4833 суток проживания из 10000

Сутки 4834
Клиент 1 завершил 4834 суток проживания из 10000

Сутки 4835
Клиент 1 завершил 4835 суток проживания из 10000

Сутки 4836
Клиент 1 завершил 4836 суток проживания из 10000

Сутки 4837
Клиент 1 завершил 4837 суток проживания из 10000

Сутки 4838
Клиент 1 завершил 4838 суток проживания из 10000

Сутки 4839
Клиент 1 завершил 4839 суток проживания из 10000

Сутки 4840
Клиент 1 завершил 4840 суток проживания из 10000

Сутки 4841
Клиент 1 завершил 4841 суток проживания из 10000

Сутки 4842
Клиент 1 завершил 4842 суток проживания из 10000

Сутки 4843
Клиент 1 завершил 4843 суток проживания из 10000

Сутки 4844
Клиент 1 завершил 4844 суток проживания из 10000

Сутки 4845
Клиент 1 завершил 4845 суток проживания из 10000

Сутки 4846
Клиент 1 завершил 4846 суток проживания из 10000

Сутки 4847
Клиент 1 завершил 4847 суток проживания из 10000

Сутки 4848
Клиент 1 завершил 4848 суток проживания из 10000

Сутки 4849
Клиент 1 завершил 4849 суток проживания из 10000

Сутки 4850
Клиент 1 завершил 4850 суток проживания из 10000

Сутки 4851
Клиент 1 завершил 4851 суток проживания из 10000

Сутки 4852
Клиент 1 завершил 4852 суток проживания из 10000

Сутки 4853
Клиент 1 завершил 4853 суток проживания из 10000

Сутки 4854
Клиент 1 завершил 4854 суток проживания из 10000

Сутки 4855
Клиент 1 завершил 4855 суток проживания из 10000

Сутки 4856
Клиент 1 завершил 4856 суток проживания из 10000

Сутки 4857
Клиент 1 завершил 4857 суток проживания из 10000

Сутки 4858
Клиент 1 завершил 4858 суток проживания из 10000

Сутки 4859
Клиент 1 завершил 4859 суток проживания из 10000

Сутки 4860
Клиент 1 завершил 4860 суток проживания из 10000

Сутки 4861
Клиент 1 завершил 4861 суток проживания из 10000

Сутки 4862
Клиент 1 завершил 4862 суток проживания из 10000

Сутки 4863
Клиент 1 завершил 4863 суток проживания из 10000

Сутки 4864
Клиент 1 завершил 4864 суток проживания из 10000

Сутки 4865
Клиент 1 завершил 4865 суток проживания из 10000

Сутки 4866
Клиент 1 завершил 4866 суток проживания из 10000

Сутки 4867
Клиент 1 завершил 4867 суток проживания из 10000

Сутки 4868
Клиент 1 завершил 4868 суток проживания из 10000

Сутки 4869
Клиент 1 завершил 4869 суток проживания из 10000

Сутки 4870
Клиент 1 завершил 4870 суток проживания из 10000

Сутки 4871
Клиент 1 завершил 4871 суток проживания из 10000

Сутки 4872
Клиент 1 завершил 4872 суток проживания из 10000

Сутки 4873
Клиент 1 завершил 4873 суток проживания из 10000

Сутки 4874
Клиент 1 завершил 4874 суток проживания из 10000

Сутки 4875
Клиент 1 завершил 4875 суток проживания из 10000

Сутки 4876
Клиент 1 завершил 4876 суток проживания из 10000

Сутки 4877
Клиент 1 завершил 4877 суток проживания из 10000

Сутки 4878
Клиент 1 завершил 4878 суток проживания из 10000

Сутки 4879
Клиент 1 завершил 4879 суток проживания из 10000

Сутки 4880
Клиент 1 завершил 4880 суток проживания из 10000

Сутки 4881
Клиент 1 завершил 4881 суток проживания из 10000

Сутки 4882
Клиент 1 завершил 4882 суток проживания из 10000

Сутки 4883
Клиент 1 завершил 4883 суток проживания из 10000

Сутки 4884
Клиент 1 завершил 4884 суток проживания из 10000

Сутки 4885
Клиент 1 завершил 4885 суток проживания из 10000

Сутки 4886
Клиент 1 завершил 4886 суток проживания из 10000

Сутки 4887
Клиент 1 завершил 4887 суток проживания из 10000

Сутки 4888
Клиент 1 завершил 4888 суток проживания из 10000

Сутки 4889
Клиент 1 завершил 4889 суток проживания из 10000

Сутки 4890
Клиент 1 завершил 4890 суток проживания из 10000

Сутки 4891
Клиент 1 завершил 4891 суток проживания из 10000

Сутки 4892
Клиент 1 завершил 4892 суток проживания из 10000

Сутки 4893
Клиент 1 завершил 4893 суток проживания из 10000

Сутки 4894
Клиент 1 завершил 4894 суток проживания из 10000

Сутки 4895
Клиент 1 завершил 4895 суток проживания из 10000

Сутки 4896
Клиент 1 завершил 4896 суток проживания из 10000

Сутки 4897
Клиент 1 завершил 4897 суток проживания из 10000

Сутки 4898
Клиент 1 завершил 4898 суток проживания из 10000

Сутки 4899
Клиент 1 завершил 4899 суток проживания из 10000

Сутки 4900
Клиент 1 завершил 4900 суток проживания из 10000

Сутки 4901
Клиент 1 завершил 4901 суток проживания из 10000

Сутки 4902
Клиент 1 завершил 4902 суток проживания из 10000

Сутки 4903
Клиент 1 завершил 4903 суток проживания из 10000

Сутки 4904
Клиент 1 завершил 4904 суток проживания из 10000

Сутки 4905
Клиент 1 завершил 4905 суток проживания из 10000

Сутки 4906
Клиент 1 завершил 4906 суток проживания из 10000

Сутки 4907
Клиент 1 завершил 4907 суток проживания из 10000

Сутки 4908
Клиент 1 завершил 4908 суток проживания из 10000

Сутки 4909
Клиент 1 завершил 4909 суток проживания из 10000

Сутки 4910
Клиент 1 завершил 4910 суток проживания из 10000

Сутки 4911
Клиент 1 завершил 4911 суток проживания из 10000

Сутки 4912
Клиент 1 завершил 4912 суток проживания из 10000

Сутки 4913
Клиент 1 завершил 4913 суток проживания из 10000

Сутки 4914
Клиент 1 завершил 4914 суток проживания из 10000

Сутки 4915
Клиент 1 завершил 4915 суток проживания из 10000

Сутки 4916
Клиент 1 завершил 4916 суток проживания из 10000

Сутки 4917
Клиент 1 завершил 4917 суток проживания из 10000

Сутки 4918
Клиент 1 завершил 4918 суток проживания из 10000

Сутки 4919
Клиент 1 завершил 4919 суток проживания из 10000

Сутки 4920
Клиент 1 завершил 4920 суток проживания из 10000

Сутки 4921
Клиент 1 завершил 4921 суток проживания из 10000

Сутки 4922
Клиент 1 завершил 4922 суток проживания из 10000

Сутки 4923
Клиент 1 завершил 4923 суток проживания из 10000

Сутки 4924
Клиент 1 завершил 4924 суток проживания из 10000

Сутки 4925
Клиент 1 завершил 4925 суток проживания из 10000

Сутки 4926
Клиент 1 завершил 4926 суток проживания из 10000

Сутки 4927
Клиент 1 завершил 4927 суток проживания из 10000

Сутки 4928
Клиент 1 завершил 4928 суток проживания из 10000

Сутки 4929
Клиент 1 завершил 4929 суток проживания из 10000

Сутки 4930
Клиент 1 завершил 4930 суток проживания из 10000

Сутки 4931
Клиент 1 завершил 4931 суток проживания из 10000

Сутки 4932
Клиент 1 завершил 4932 суток проживания из 10000

Сутки 4933
Клиент 1 завершил 4933 суток проживания из 10000

Сутки 4934
Клиент 1 завершил 4934 суток проживания из 10000

Сутки 4935
Клиент 1 завершил 4935 суток проживания из 10000

Сутки 4936
Клиент 1 завершил 4936 суток проживания из 10000

Сутки 4937
Клиент 1 завершил 4937 суток проживания из 10000

Сутки 4938
Клиент 1 завершил 4938 суток проживания из 10000

Сутки 4939
Клиент 1 завершил 4939 суток проживания из 10000

Сутки 4940
Клиент 1 завершил 4940 суток проживания из 10000

Сутки 4941
Клиент 1 завершил 4941 суток проживания из 10000

Сутки 4942
Клиент 1 завершил 4942 суток проживания из 10000

Сутки 4943
Клиент 1 завершил 4943 суток проживания из 10000

Сутки 4944
Клиент 1 завершил 4944 суток проживания из 10000

Сутки 4945
Клиент 1 завершил 4945 суток проживания из 10000

Сутки 4946
Клиент 1 завершил 4946 суток проживания из 10000

Сутки 4947
Клиент 1 завершил 4947 суток проживания из 10000

Сутки 4948
Клиент 1 завершил 4948 суток проживания из 10000

Сутки 4949
Клиент 1 завершил 4949 суток проживания из 10000

Сутки 4950
Клиент 1 завершил 4950 суток проживания из 10000

Сутки 4951
Клиент 1 завершил 4951 суток проживания из 10000

Сутки 4952
Клиент 1 завершил 4952 суток проживания из 10000

Сутки 4953
Клиент 1 завершил 4953 суток проживания из 10000

Сутки 4954
Клиент 1 завершил 4954 суток проживания из 10000

Сутки 4955
Клиент 1 завершил 4955 суток проживания из 10000

Сутки 4956
Клиент 1 завершил 4956 суток проживания из 10000

Сутки 4957
Клиент 1 завершил 4957 суток проживания из 10000

Сутки 4958
Клиент 1 завершил 4958 суток проживания из 10000

Сутки 4959
Клиент 1 завершил 4959 суток проживания из 10000

Сутки 4960
Клиент 1 завершил 4960 суток проживания из 10000

Сутки 4961
Клиент 1 завершил 4961 суток проживания из 10000

Сутки 4962
Клиент 1 завершил 4962 суток проживания из 10000

Сутки 4963
Клиент 1 завершил 4963 суток проживания из 10000

Сутки 4964
Клиент 1 завершил 4964 суток проживания из 10000

Сутки 4965
Клиент 1 завершил 4965 суток проживания из 10000

Сутки 4966
Клиент 1 завершил 4966 суток проживания из 10000

Сутки 4967
Клиент 1 завершил 4967 суток проживания из 10000

Сутки 4968
Клиент 1 завершил 4968 суток проживания из 10000

Сутки 4969
Клиент 1 завершил 4969 суток проживания из 10000

Сутки 4970
Клиент 1 завершил 4970 суток проживания из 10000

Сутки 4971
Клиент 1 завершил 4971 суток проживания из 10000

Сутки 4972
Клиент 1 завершил 4972 суток проживания из 10000

Сутки 4973
Клиент 1 завершил 4973 суток проживания из 10000

Сутки 4974
Клиент 1 завершил 4974 суток проживания из 10000

Сутки 4975
Клиент 1 завершил 4975 суток проживания из 10000

Сутки 4976
Клиент 1 завершил 4976 суток проживания из 10000

Сутки 4977
Клиент 1 завершил 4977 суток проживания из 10000

Сутки 4978
Клиент 1 завершил 4978 суток проживания из 10000

Сутки 4979
Клиент 1 завершил 4979 суток проживания из 10000

Сутки 4980
Клиент 1 завершил 4980 суток проживания из 10000

Сутки 4981
Клиент 1 завершил 4981 суток проживания из 10000

Сутки 4982
Клиент 1 завершил 4982 суток проживания из 10000

Сутки 4983
Клиент 1 завершил 4983 суток проживания из 10000

Сутки 4984
Клиент 1 завершил 4984 суток проживания из 10000

Сутки 4985
Клиент 1 завершил 4985 суток проживания из 10000

Сутки 4986
Клиент 1 завершил 4986 суток проживания из 10000

Сутки 4987
Клиент 1 завершил 4987 суток проживания из 10000

Сутки 4988
Клиент 1 завершил 4988 суток проживания из 10000

Сутки 4989
Клиент 1 завершил 4989 суток проживания из 10000

Сутки 4990
Клиент 1 завершил 4990 суток проживания из 10000

Сутки 4991
Клиент 1 завершил 4991 суток проживания из 10000

Сутки 4992
Клиент 1 завершил 4992 суток проживания из 10000

Сутки 4993
Клиент 1 завершил 4993 суток проживания из 10000

Сутки 4994
Клиент 1 завершил 4994 суток проживания из 10000

Сутки 4995
Клиент 1 завершил 4995 суток проживания из 10000

Сутки 4996
Клиент 1 завершил 4996 суток проживания из 10000

Сутки 4997
Клиент 1 завершил 4997 суток проживания из 10000

Сутки 4998
Клиент 1 завершил 4998 суток проживания из 10000

Сутки 4999
Клиент 1 завершил 4999 суток проживания из 10000

Сутки 5000
Клиент 1 завершил 5000 суток проживания из 10000

Сутки 5001
Клиент 1 завершил 5001 суток проживания из 10000

Сутки 5002
Клиент 1 завершил 5002 суток проживания из 10000

Сутки 5003
Клиент 1 завершил 5003 суток проживания из 10000

Сутки 5004
Клиент 1 завершил 5004 суток проживания из 10000

Сутки 5005
Клиент 1 завершил 5005 суток проживания из 10000

Сутки 5006
Клиент 1 завершил 5006 суток проживания из 10000

Сутки 5007
Клиент 1 завершил 5007 суток проживания из 10000

Сутки 5008
Клиент 1 завершил 5008 суток проживания из 10000

Сутки 5009
Клиент 1 завершил 5009 суток проживания из 10000

Сутки 5010
Клиент 1 завершил 5010 суток проживания из 10000

Сутки 5011
Клиент 1 завершил 5011 суток проживания из 10000

Сутки 5012
Клиент 1 завершил 5012 суток проживания из 10000

Сутки 5013
Клиент 1 завершил 5013 суток проживания из 10000

Сутки 5014
Клиент 1 завершил 5014 суток проживания из 10000

Сутки 5015
Клиент 1 завершил 5015 суток проживания из 10000

Сутки 5016
Клиент 1 завершил 5016 суток проживания из 10000

Сутки 5017
Клиент 1 завершил 5017 суток проживания из 10000

Сутки 5018
Клиент 1 завершил 5018 суток проживания из 10000

Сутки 5019
Клиент 1 завершил 5019 суток проживания из 10000

Сутки 5020
Клиент 1 завершил 5020 суток проживания из 10000

Сутки 5021
Клиент 1 завершил 5021 суток проживания из 10000

Сутки 5022
Клиент 1 завершил 5022 суток проживания из 10000

Сутки 5023
Клиент 1 завершил 5023 суток проживания из 10000

Сутки 5024
Клиент 1 завершил 5024 суток проживания из 10000

Сутки 5025
Клиент 1 завершил 5025 суток проживания из 10000

Сутки 5026
Клиент 1 завершил 5026 суток проживания из 10000

Сутки 5027
Клиент 1 завершил 5027 суток проживания из 10000

Сутки 5028
Клиент 1 завершил 5028 суток проживания из 10000

Сутки 5029
Клиент 1 завершил 5029 суток проживания из 10000

Сутки 5030
Клиент 1 завершил 5030 суток проживания из 10000

Сутки 5031
Клиент 1 завершил 5031 суток проживания из 10000

Сутки 5032
Клиент 1 завершил 5032 суток проживания из 10000

Сутки 5033
Клиент 1 завершил 5033 суток проживания из 10000

Сутки 5034
Клиент 1 завершил 5034 суток проживания из 10000

Сутки 5035
Клиент 1 завершил 5035 суток проживания из 10000

Сутки 5036
Клиент 1 завершил 5036 суток проживания из 10000

Сутки 5037
Клиент 1 завершил 5037 суток проживания из 10000

Сутки 5038
Клиент 1 завершил 5038 суток проживания из 10000

Сутки 5039
Клиент 1 завершил 5039 суток проживания из 10000

Сутки 5040
Клиент 1 завершил 5040 суток проживания из 10000

Сутки 5041
Клиент 1 завершил 5041 суток проживания из 10000

Сутки 5042
Клиент 1 завершил 5042 суток проживания из 10000

Сутки 5043
Клиент 1 завершил 5043 суток проживания из 10000

Сутки 5044
Клиент 1 завершил 5044 суток проживания из 10000

Сутки 5045
Клиент 1 завершил 5045 суток проживания из 10000

Сутки 5046
Клиент 1 завершил 5046 суток проживания из 10000

Сутки 5047
Клиент 1 завершил 5047 суток проживания из 10000

Сутки 5048
Клиент 1 завершил 5048 суток проживания из 10000

Сутки 5049
Клиент 1 завершил 5049 суток проживания из 10000

Сутки 5050
Клиент 1 завершил 5050 суток проживания из 10000

Сутки 5051
Клиент 1 завершил 5051 суток проживания из 10000

Сутки 5052
Клиент 1 завершил 5052 суток проживания из 10000

Сутки 5053
Клиент 1 завершил 5053 суток проживания из 10000

Сутки 5054
Клиент 1 завершил 5054 суток проживания из 10000

Сутки 5055
Клиент 1 завершил 5055 суток проживания из 10000

Сутки 5056
Клиент 1 завершил 5056 суток проживания из 10000

Сутки 5057
Клиент 1 завершил 5057 суток проживания из 10000

Сутки 5058
Клиент 1 завершил 5058 суток проживания из 10000

Сутки 5059
Клиент 1 завершил 5059 суток проживания из 10000

Сутки 5060
Клиент 1 завершил 5060 суток проживания из 10000

Сутки 5061
Клиент 1 завершил 5061 суток проживания из 10000

Сутки 5062
Клиент 1 завершил 5062 суток проживания из 10000

Сутки 5063
Клиент 1 завершил 5063 суток проживания из 10000

Сутки 5064
Клиент 1 завершил 5064 суток проживания из 10000

Сутки 5065
Клиент 1 завершил 5065 суток проживания из 10000

Сутки 5066
Клиент 1 завершил 5066 суток проживания из 10000

Сутки 5067
Клиент 1 завершил 5067 суток проживания из 10000

Сутки 5068
Клиент 1 завершил 5068 суток проживания из 10000

Сутки 5069
Клиент 1 завершил 5069 суток проживания из 10000

Сутки 5070
Клиент 1 завершил 5070 суток проживания из 10000

Сутки 5071
Клиент 1 завершил 5071 суток проживания из 10000

Сутки 5072
Клиент 1 завершил 5072 суток проживания из 10000

Сутки 5073
Клиент 1 завершил 5073 суток проживания из 10000

Сутки 5074
Клиент 1 завершил 5074 суток проживания из 10000

Сутки 5075
Клиент 1 завершил 5075 суток проживания из 10000

Сутки 5076
Клиент 1 завершил 5076 суток проживания из 10000

Сутки 5077
Клиент 1 завершил 5077 суток проживания из 10000

Сутки 5078
Клиент 1 завершил 5078 суток проживания из 10000

Сутки 5079
Клиент 1 завершил 5079 суток проживания из 10000

Сутки 5080
Клиент 1 завершил 5080 суток проживания из 10000

Сутки 5081
Клиент 1 завершил 5081 суток проживания из 10000

Сутки 5082
Клиент 1 завершил 5082 суток проживания из 10000

Сутки 5083
Клиент 1 завершил 5083 суток проживания из 10000

Сутки 5084
Клиент 1 завершил 5084 суток проживания из 10000

Сутки 5085
Клиент 1 завершил 5085 суток проживания из 10000

Сутки 5086
Клиент 1 завершил 5086 суток проживания из 10000

Сутки 5087
Клиент 1 завершил 5087 суток проживания из 10000

Сутки 5088
Клиент 1 завершил 5088 суток проживания из 10000

Сутки 5089
Клиент 1 завершил 5089 суток проживания из 10000

Сутки 5090
Клиент 1 завершил 5090 суток проживания из 10000

Сутки 5091
Клиент 1 завершил 5091 суток проживания из 10000

Сутки 5092
Клиент 1 завершил 5092 суток проживания из 10000

Сутки 5093
Клиент 1 завершил 5093 суток проживания из 10000

Сутки 5094
Клиент 1 завершил 5094 суток проживания из 10000

Сутки 5095
Клиент 1 завершил 5095 суток проживания из 10000

Сутки 5096
Клиент 1 завершил 5096 суток проживания из 10000

Сутки 5097
Клиент 1 завершил 5097 суток проживания из 10000

Сутки 5098
Клиент 1 завершил 5098 суток проживания из 10000

Сутки 5099
Клиент 1 завершил 5099 суток проживания из 10000

Сутки 5100
Клиент 1 завершил 5100 суток проживания из 10000

Сутки 5101
Клиент 1 завершил 5101 суток проживания из 10000

Сутки 5102
Клиент 1 завершил 5102 суток проживания из 10000

Сутки 5103
Клиент 1 завершил 5103 суток проживания из 10000

Сутки 5104
Клиент 1 завершил 5104 суток проживания из 10000

Сутки 5105
Клиент 1 завершил 5105 суток проживания из 10000

Сутки 5106
Клиент 1 завершил 5106 суток проживания из 10000

Сутки 5107
Клиент 1 завершил 5107 суток проживания из 10000

Сутки 5108
Клиент 1 завершил 5108 суток проживания из 10000

Сутки 5109
Клиент 1 завершил 5109 суток проживания из 10000

Сутки 5110
Клиент 1 завершил 5110 суток проживания из 10000

Сутки 5111
Клиент 1 завершил 5111 суток проживания из 10000

Сутки 5112
Клиент 1 завершил 5112 суток проживания из 10000

Сутки 5113
Клиент 1 завершил 5113 суток проживания из 10000

Сутки 5114
Клиент 1 завершил 5114 суток проживания из 10000

Сутки 5115
Клиент 1 завершил 5115 суток проживания из 10000

Сутки 5116
Клиент 1 завершил 5116 суток проживания из 10000

Сутки 5117
Клиент 1 завершил 5117 суток проживания из 10000

Сутки 5118
Клиент 1 завершил 5118 суток проживания из 10000

Сутки 5119
Клиент 1 завершил 5119 суток проживания из 10000

Сутки 5120
Клиент 1 завершил 5120 суток проживания из 10000

Сутки 5121
Клиент 1 завершил 5121 суток проживания из 10000

Сутки 5122
Клиент 1 завершил 5122 суток проживания из 10000

Сутки 5123
Клиент 1 завершил 5123 суток проживания из 10000

Сутки 5124
Клиент 1 завершил 5124 суток проживания из 10000

Сутки 5125
Клиент 1 завершил 5125 суток проживания из 10000

Сутки 5126
Клиент 1 завершил 5126 суток проживания из 10000

Сутки 5127
Клиент 1 завершил 5127 суток проживания из 10000

Сутки 5128
Клиент 1 завершил 5128 суток проживания из 10000

Сутки 5129
Клиент 1 завершил 5129 суток проживания из 10000

Сутки 5130
Клиент 1 завершил 5130 суток проживания из 10000

Сутки 5131
Клиент 1 завершил 5131 суток проживания из 10000

Сутки 5132
Клиент 1 завершил 5132 суток проживания из 10000

Сутки 5133
Клиент 1 завершил 5133 суток проживания из 10000

Сутки 5134
Клиент 1 завершил 5134 суток проживания из 10000

Сутки 5135
Клиент 1 завершил 5135 суток проживания из 10000

Сутки 5136
Клиент 1 завершил 5136 суток проживания из 10000

Сутки 5137
Клиент 1 завершил 5137 суток проживания из 10000

Сутки 5138
Клиент 1 завершил 5138 суток проживания из 10000

Сутки 5139
Клиент 1 завершил 5139 суток проживания из 10000

Сутки 5140
Клиент 1 завершил 5140 суток проживания из 10000

Сутки 5141
Клиент 1 завершил 5141 суток проживания из 10000

Сутки 5142
Клиент 1 завершил 5142 суток проживания из 10000

Сутки 5143
Клиент 1 завершил 5143 суток проживания из 10000

Сутки 5144
Клиент 1 завершил 5144 суток проживания из 10000

Сутки 5145
Клиент 1 завершил 5145 суток проживания из 10000

Сутки 5146
Клиент 1 завершил 5146 суток проживания из 10000

Сутки 5147
Клиент 1 завершил 5147 суток проживания из 10000

Сутки 5148
Клиент 1 завершил 5148 суток проживания из 10000

Сутки 5149
Клиент 1 завершил 5149 суток проживания из 10000

Сутки 5150
Клиент 1 завершил 5150 суток проживания из 10000

Сутки 5151
Клиент 1 завершил 5151 суток проживания из 10000

Сутки 5152
Клиент 1 завершил 5152 суток проживания из 10000

Сутки 5153
Клиент 1 завершил 5153 суток проживания из 10000

Сутки 5154
Клиент 1 завершил 5154 суток проживания из 10000

Сутки 5155
Клиент 1 завершил 5155 суток проживания из 10000

Сутки 5156
Клиент 1 завершил 5156 суток проживания из 10000

Сутки 5157
Клиент 1 завершил 5157 суток проживания из 10000

Сутки 5158
Клиент 1 завершил 5158 суток проживания из 10000

Сутки 5159
Клиент 1 завершил 5159 суток проживания из 10000

Сутки 5160
Клиент 1 завершил 5160 суток проживания из 10000

Сутки 5161
Клиент 1 завершил 5161 суток проживания из 10000

Сутки 5162
Клиент 1 завершил 5162 суток проживания из 10000

Сутки 5163
Клиент 1 завершил 5163 суток проживания из 10000

Сутки 5164
Клиент 1 завершил 5164 суток проживания из 10000

Сутки 5165
Клиент 1 завершил 5165 суток проживания из 10000

Сутки 5166
Клиент 1 завершил 5166 суток проживания из 10000

Сутки 5167
Клиент 1 завершил 5167 суток проживания из 10000

Сутки 5168
Клиент 1 завершил 5168 суток проживания из 10000

Сутки 5169
Клиент 1 завершил 5169 суток проживания из 10000

Сутки 5170
Клиент 1 завершил 5170 суток проживания из 10000

Сутки 5171
Клиент 1 завершил 5171 суток проживания из 10000

Сутки 5172
Клиент 1 завершил 5172 суток проживания из 10000

Сутки 5173
Клиент 1 завершил 5173 суток проживания из 10000

Сутки 5174
Клиент 1 завершил 5174 суток проживания из 10000

Сутки 5175
Клиент 1 завершил 5175 суток проживания из 10000

Сутки 5176
Клиент 1 завершил 5176 суток проживания из 10000

Сутки 5177
Клиент 1 завершил 5177 суток проживания из 10000

Сутки 5178
Клиент 1 завершил 5178 суток проживания из 10000

Сутки 5179
Клиент 1 завершил 5179 суток проживания из 10000

Сутки 5180
Клиент 1 завершил 5180 суток проживания из 10000

Сутки 5181
Клиент 1 завершил 5181 суток проживания из 10000

Сутки 5182
Клиент 1 завершил 5182 суток проживания из 10000

Сутки 5183
Клиент 1 завершил 5183 суток проживания из 10000

Сутки 5184
Клиент 1 завершил 5184 суток проживания из 10000

Сутки 5185
Клиент 1 завершил 5185 суток проживания из 10000

Сутки 5186
Клиент 1 завершил 5186 суток проживания из 10000

Сутки 5187
Клиент 1 завершил 5187 суток проживания из 10000

Сутки 5188
Клиент 1 завершил 5188 суток проживания из 10000

Сутки 5189
Клиент 1 завершил 5189 суток проживания из 10000

Сутки 5190
Клиент 1 завершил 5190 суток проживания из 10000

Сутки 5191
Клиент 1 завершил 5191 суток проживания из 10000

Сутки 5192
Клиент 1 завершил 5192 суток проживания из 10000

Сутки 5193
Клиент 1 завершил 5193 суток проживания из 10000

Сутки 5194
Клиент 1 завершил 5194 суток проживания из 10000

Сутки 5195
Клиент 1 завершил 5195 суток проживания из 10000

Сутки 5196
Клиент 1 завершил 5196 суток проживания из 10000

Сутки 5197
Клиент 1 завершил 5197 суток проживания из 10000

Сутки 5198
Клиент 1 завершил 5198 суток проживания из 10000

Сутки 5199
Клиент 1 завершил 5199 суток проживания из 10000

Сутки 5200
Клиент 1 завершил 5200 суток проживания из 10000

Сутки 5201
Клиент 1 завершил 5201 суток проживания из 10000

Сутки 5202
Клиент 1 завершил 5202 суток проживания из 10000

Сутки 5203
Клиент 1 завершил 5203 суток проживания из 10000

Сутки 5204
Клиент 1 завершил 5204 суток проживания из 10000

Сутки 5205
Клиент 1 завершил 5205 суток проживания из 10000

Сутки 5206
Клиент 1 завершил 5206 суток проживания из 10000

Сутки 5207
Клиент 1 завершил 5207 суток проживания из 10000

Сутки 5208
Клиент 1 завершил 5208 суток проживания из 10000

Сутки 5209
Клиент 1 завершил 5209 суток проживания из 10000

Сутки 5210
Клиент 1 завершил 5210 суток проживания из 10000

Сутки 5211
Клиент 1 завершил 5211 суток проживания из 10000

Сутки 5212
Клиент 1 завершил 5212 суток проживания из 10000

Сутки 5213
Клиент 1 завершил 5213 суток проживания из 10000

Сутки 5214
Клиент 1 завершил 5214 суток проживания из 10000

Сутки 5215
Клиент 1 завершил 5215 суток проживания из 10000

Сутки 5216
Клиент 1 завершил 5216 суток проживания из 10000

Сутки 5217
Клиент 1 завершил 5217 суток проживания из 10000

Сутки 5218
Клиент 1 завершил 5218 суток проживания из 10000

Сутки 5219
Клиент 1 завершил 5219 суток проживания из 10000

Сутки 5220
Клиент 1 завершил 5220 суток проживания из 10000

Сутки 5221
Клиент 1 завершил 5221 суток проживания из 10000

Сутки 5222
Клиент 1 завершил 5222 суток проживания из 10000

Сутки 5223
Клиент 1 завершил 5223 суток проживания из 10000

Сутки 5224
Клиент 1 завершил 5224 суток проживания из 10000

Сутки 5225
Клиент 1 завершил 5225 суток проживания из 10000

Сутки 5226
Клиент 1 завершил 5226 суток проживания из 10000

Сутки 5227
Клиент 1 завершил 5227 суток проживания из 10000

Сутки 5228
Клиент 1 завершил 5228 суток проживания из 10000

Сутки 5229
Клиент 1 завершил 5229 суток проживания из 10000

Сутки 5230
Клиент 1 завершил 5230 суток проживания из 10000

Сутки 5231
Клиент 1 завершил 5231 суток проживания из 10000

Сутки 5232
Клиент 1 завершил 5232 суток проживания из 10000

Сутки 5233
Клиент 1 завершил 5233 суток проживания из 10000

Сутки 5234
Клиент 1 завершил 5234 суток проживания из 10000

Сутки 5235
Клиент 1 завершил 5235 суток проживания из 10000

Сутки 5236
Клиент 1 завершил 5236 суток проживания из 10000

Сутки 5237
Клиент 1 завершил 5237 суток проживания из 10000

Сутки 5238
Клиент 1 завершил 5238 суток проживания из 10000

Сутки 5239
Клиент 1 завершил 5239 суток проживания из 10000

Сутки 5240
Клиент 1 завершил 5240 суток проживания из 10000

Сутки 5241
Клиент 1 завершил 5241 суток проживания из 10000

Сутки 5242
Клиент 1 завершил 5242 суток проживания из 10000

Сутки 5243
Клиент 1 завершил 5243 суток проживания из 10000

Сутки 5244
Клиент 1 завершил 5244 суток проживания из 10000

Сутки 5245
Клиент 1 завершил 5245 суток проживания из 10000

Сутки 5246
Клиент 1 завершил 5246 суток проживания из 10000

Сутки 5247
Клиент 1 завершил 5247 суток проживания из 10000

Сутки 5248
Клиент 1 завершил 5248 суток проживания из 10000

Сутки 5249
Клиент 1 завершил 5249 суток проживания из 10000

Сутки 5250
Клиент 1 завершил 5250 суток проживания из 10000

Сутки 5251
Клиент 1 завершил 5251 суток проживания из 10000

Сутки 5252
Клиент 1 завершил 5252 суток проживания из 10000

Сутки 5253
Клиент 1 завершил 5253 суток проживания из 10000

Сутки 5254
Клиент 1 завершил 5254 суток проживания из 10000

Сутки 5255
Клиент 1 завершил 5255 суток проживания из 10000

Сутки 5256
Клиент 1 завершил 5256 суток проживания из 10000

Сутки 5257
Клиент 1 завершил 5257 суток проживания из 10000

Сутки 5258
Клиент 1 завершил 5258 суток проживания из 10000

Сутки 5259
Клиент 1 завершил 5259 суток проживания из 10000

Сутки 5260
Клиент 1 завершил 5260 суток проживания из 10000

Сутки 5261
Клиент 1 завершил 5261 суток проживания из 10000

Сутки 5262
Клиент 1 завершил 5262 суток проживания из 10000

Сутки 5263
Клиент 1 завершил 5263 суток проживания из 10000

Сутки 5264
Клиент 1 завершил 5264 суток проживания из 10000

Сутки 5265
Клиент 1 завершил 5265 суток проживания из 10000

Сутки 5266
Клиент 1 завершил 5266 суток проживания из 10000

Сутки 5267
Клиент 1 завершил 5267 суток проживания из 10000

Сутки 5268
Клиент 1 завершил 5268 суток проживания из 10000

Сутки 5269
Клиент 1 завершил 5269 суток проживания из 10000

Сутки 5270
Клиент 1 завершил 5270 суток проживания из 10000

Сутки 5271
Клиент 1 завершил 5271 суток проживания из 10000

Сутки 5272
Клиент 1 завершил 5272 суток проживания из 10000

Сутки 5273
Клиент 1 завершил 5273 суток проживания из 10000

Сутки 5274
Клиент 1 завершил 5274 суток проживания из 10000

Сутки 5275
Клиент 1 завершил 5275 суток проживания из 10000

Сутки 5276
Клиент 1 завершил 5276 суток проживания из 10000

Сутки 5277
Клиент 1 завершил 5277 суток проживания из 10000

Сутки 5278
Клиент 1 завершил 5278 суток проживания из 10000

Сутки 5279
Клиент 1 завершил 5279 суток проживания из 10000

Сутки 5280
Клиент 1 завершил 5280 суток проживания из 10000

Сутки 5281
Клиент 1 завершил 5281 суток проживания из 10000

Сутки 5282
Клиент 1 завершил 5282 суток проживания из 10000

Сутки 5283
Клиент 1 завершил 5283 суток проживания из 10000

Сутки 5284
Клиент 1 завершил 5284 суток проживания из 10000

Сутки 5285
Клиент 1 завершил 5285 суток проживания из 10000

Сутки 5286
Клиент 1 завершил 5286 суток проживания из 10000

Сутки 5287
Клиент 1 завершил 5287 суток проживания из 10000

Сутки 5288
Клиент 1 завершил 5288 суток проживания из 10000

Сутки 5289
Клиент 1 завершил 5289 суток проживания из 10000

Сутки 5290
Клиент 1 завершил 5290 суток проживания из 10000

Сутки 5291
Клиент 1 завершил 5291 суток проживания из 10000

Сутки 5292
Клиент 1 завершил 5292 суток проживания из 10000

Сутки 5293
Клиент 1 завершил 5293 суток проживания из 10000

Сутки 5294
Клиент 1 завершил 5294 суток проживания из 10000

Сутки 5295
Клиент 1 завершил 5295 суток проживания из 10000

Сутки 5296
Клиент 1 завершил 5296 суток проживания из 10000

Сутки 5297
Клиент 1 завершил 5297 суток проживания из 10000

Сутки 5298
Клиент 1 завершил 5298 суток проживания из 10000

Сутки 5299
Клиент 1 завершил 5299 суток проживания из 10000

Сутки 5300
Клиент 1 завершил 5300 суток проживания из 10000

Сутки 5301
Клиент 1 завершил 5301 суток проживания из 10000

Сутки 5302
Клиент 1 завершил 5302 суток проживания из 10000

Сутки 5303
Клиент 1 завершил 5303 суток проживания из 10000

Сутки 5304
Клиент 1 завершил 5304 суток проживания из 10000

Сутки 5305
Клиент 1 завершил 5305 суток проживания из 10000

Сутки 5306
Клиент 1 завершил 5306 суток проживания из 10000

Сутки 5307
Клиент 1 завершил 5307 суток проживания из 10000

Сутки 5308
Клиент 1 завершил 5308 суток проживания из 10000

Сутки 5309
Клиент 1 завершил 5309 суток проживания из 10000

Сутки 5310
Клиент 1 завершил 5310 суток проживания из 10000

Сутки 5311
Клиент 1 завершил 5311 суток проживания из 10000

Сутки 5312
Клиент 1 завершил 5312 суток проживания из 10000

Сутки 5313
Клиент 1 завершил 5313 суток проживания из 10000

Сутки 5314
Клиент 1 завершил 5314 суток проживания из 10000

Сутки 5315
Клиент 1 завершил 5315 суток проживания из 10000

Сутки 5316
Клиент 1 завершил 5316 суток проживания из 10000

Сутки 5317
Клиент 1 завершил 5317 суток проживания из 10000

Сутки 5318
Клиент 1 завершил 5318 суток проживания из 10000

Сутки 5319
Клиент 1 завершил 5319 суток проживания из 10000

Сутки 5320
Клиент 1 завершил 5320 суток проживания из 10000

Сутки 5321
Клиент 1 завершил 5321 суток проживания из 10000

Сутки 5322
Клиент 1 завершил 5322 суток проживания из 10000

Сутки 5323
Клиент 1 завершил 5323 суток проживания из 10000

Сутки 5324
Клиент 1 завершил 5324 суток проживания из 10000

Сутки 5325
Клиент 1 завершил 5325 суток проживания из 10000

Сутки 5326
Клиент 1 завершил 5326 суток проживания из 10000

Сутки 5327
Клиент 1 завершил 5327 суток проживания из 10000

Сутки 5328
Клиент 1 завершил 5328 суток проживания из 10000

Сутки 5329
Клиент 1 завершил 5329 суток проживания из 10000

Сутки 5330
Клиент 1 завершил 5330 суток проживания из 10000

Сутки 5331
Клиент 1 завершил 5331 суток проживания из 10000

Сутки 5332
Клиент 1 завершил 5332 суток проживания из 10000

Сутки 5333
Клиент 1 завершил 5333 суток проживания из 10000

Сутки 5334
Клиент 1 завершил 5334 суток проживания из 10000

Сутки 5335
Клиент 1 завершил 5335 суток проживания из 10000

Сутки 5336
Клиент 1 завершил 5336 суток проживания из 10000

Сутки 5337
Клиент 1 завершил 5337 суток проживания из 10000

Сутки 5338
Клиент 1 завершил 5338 суток проживания из 10000

Сутки 5339
Клиент 1 завершил 5339 суток проживания из 10000

Сутки 5340
Клиент 1 завершил 5340 суток проживания из 10000

Сутки 5341
Клиент 1 завершил 5341 суток проживания из 10000

Сутки 5342
Клиент 1 завершил 5342 суток проживания из 10000

Сутки 5343
Клиент 1 завершил 5343 суток проживания из 10000

Сутки 5344
Клиент 1 завершил 5344 суток проживания из 10000

Сутки 5345
Клиент 1 завершил 5345 суток проживания из 10000

Сутки 5346
Клиент 1 завершил 5346 суток проживания из 10000

Сутки 5347
Клиент 1 завершил 5347 суток проживания из 10000

Сутки 5348
Клиент 1 завершил 5348 суток проживания из 10000

Сутки 5349
Клиент 1 завершил 5349 суток проживания из 10000

Сутки 5350
Клиент 1 завершил 5350 суток проживания из 10000

Сутки 5351
Клиент 1 завершил 5351 суток проживания из 10000

Сутки 5352
Клиент 1 завершил 5352 суток проживания из 10000

Сутки 5353
Клиент 1 завершил 5353 суток проживания из 10000

Сутки 5354
Клиент 1 завершил 5354 суток проживания из 10000

Сутки 5355
Клиент 1 завершил 5355 суток проживания из 10000

Сутки 5356
Клиент 1 завершил 5356 суток проживания из 10000

Сутки 5357
Клиент 1 завершил 5357 суток проживания из 10000

Сутки 5358
Клиент 1 завершил 5358 суток проживания из 10000

Сутки 5359
Клиент 1 завершил 5359 суток проживания из 10000

Сутки 5360
Клиент 1 завершил 5360 суток проживания из 10000

Сутки 5361
Клиент 1 завершил 5361 суток проживания из 10000

Сутки 5362
Клиент 1 завершил 5362 суток проживания из 10000

Сутки 5363
Клиент 1 завершил 5363 суток проживания из 10000

Сутки 5364
Клиент 1 завершил 5364 суток проживания из 10000

Сутки 5365
Клиент 1 завершил 5365 суток проживания из 10000

Сутки 5366
Клиент 1 завершил 5366 суток проживания из 10000

Сутки 5367
Клиент 1 завершил 5367 суток проживания из 10000

Сутки 5368
Клиент 1 завершил 5368 суток проживания из 10000

Сутки 5369
Клиент 1 завершил 5369 суток проживания из 10000

Сутки 5370
Клиент 1 завершил 5370 суток проживания из 10000

Сутки 5371
Клиент 1 завершил 5371 суток проживания из 10000

Сутки 5372
Клиент 1 завершил 5372 суток проживания из 10000

Сутки 5373
Клиент 1 завершил 5373 суток проживания из 10000

Сутки 5374
Клиент 1 завершил 5374 суток проживания из 10000

Сутки 5375
Клиент 1 завершил 5375 суток проживания из 10000

Сутки 5376
Клиент 1 завершил 5376 суток проживания из 10000

Сутки 5377
Клиент 1 завершил 5377 суток проживания из 10000

Сутки 5378
Клиент 1 завершил 5378 суток проживания из 10000

Сутки 5379
Клиент 1 завершил 5379 суток проживания из 10000

Сутки 5380
Клиент 1 завершил 5380 суток проживания из 10000

Сутки 5381
Клиент 1 завершил 5381 суток проживания из 10000

Сутки 5382
Клиент 1 завершил 5382 суток проживания из 10000

Сутки 5383
Клиент 1 завершил 5383 суток проживания из 10000

Сутки 5384
Клиент 1 завершил 5384 суток проживания из 10000

Сутки 5385
Клиент 1 завершил 5385 суток проживания из 10000

Сутки 5386
Клиент 1 завершил 5386 суток проживания из 10000

Сутки 5387
Клиент 1 завершил 5387 суток проживания из 10000

Сутки 5388
Клиент 1 завершил 5388 суток проживания из 10000

Сутки 5389
Клиент 1 завершил 5389 суток проживания из 10000

Сутки 5390
Клиент 1 завершил 5390 суток проживания из 10000

Сутки 5391
Клиент 1 завершил 5391 суток проживания из 10000

Сутки 5392
Клиент 1 завершил 5392 суток проживания из 10000

Сутки 5393
Клиент 1 завершил 5393 суток проживания из 10000

Сутки 5394
Клиент 1 завершил 5394 суток проживания из 10000

Сутки 5395
Клиент 1 завершил 5395 суток проживания из 10000

Сутки 5396
Клиент 1 завершил 5396 суток проживания из 10000

Сутки 5397
Клиент 1 завершил 5397 суток проживания из 10000

Сутки 5398
Клиент 1 завершил 5398 суток проживания из 10000

Сутки 5399
Клиент 1 завершил 5399 суток проживания из 10000

Сутки 5400
Клиент 1 завершил 5400 суток проживания из 10000

Сутки 5401
Клиент 1 завершил 5401 суток проживания из 10000

Сутки 5402
Клиент 1 завершил 5402 суток проживания из 10000

Сутки 5403
Клиент 1 завершил 5403 суток проживания из 10000

Сутки 5404
Клиент 1 завершил 5404 суток проживания из 10000

Сутки 5405
Клиент 1 завершил 5405 суток проживания из 10000

Сутки 5406
Клиент 1 завершил 5406 суток проживания из 10000

Сутки 5407
Клиент 1 завершил 5407 суток проживания из 10000

Сутки 5408
Клиент 1 завершил 5408 суток проживания из 10000

Сутки 5409
Клиент 1 завершил 5409 суток проживания из 10000

Сутки 5410
Клиент 1 завершил 5410 суток проживания из 10000

Сутки 5411
Клиент 1 завершил 5411 суток проживания из 10000

Сутки 5412
Клиент 1 завершил 5412 суток проживания из 10000

Сутки 5413
Клиент 1 завершил 5413 суток проживания из 10000

Сутки 5414
Клиент 1 завершил 5414 суток проживания из 10000

Сутки 5415
Клиент 1 завершил 5415 суток проживания из 10000

Сутки 5416
Клиент 1 завершил 5416 суток проживания из 10000

Сутки 5417
Клиент 1 завершил 5417 суток проживания из 10000

Сутки 5418
Клиент 1 завершил 5418 суток проживания из 10000

Сутки 5419
Клиент 1 завершил 5419 суток проживания из 10000

Сутки 5420
Клиент 1 завершил 5420 суток проживания из 10000

Сутки 5421
Клиент 1 завершил 5421 суток проживания из 10000

Сутки 5422
Клиент 1 завершил 5422 суток проживания из 10000

Сутки 5423
Клиент 1 завершил 5423 суток проживания из 10000

Сутки 5424
Клиент 1 завершил 5424 суток проживания из 10000

Сутки 5425
Клиент 1 завершил 5425 суток проживания из 10000

Сутки 5426
Клиент 1 завершил 5426 суток проживания из 10000

Сутки 5427
Клиент 1 завершил 5427 суток проживания из 10000

Сутки 5428
Клиент 1 завершил 5428 суток проживания из 10000

Сутки 5429
Клиент 1 завершил 5429 суток проживания из 10000

Сутки 5430
Клиент 1 завершил 5430 суток проживания из 10000

Сутки 5431
Клиент 1 завершил 5431 суток проживания из 10000

Сутки 5432
Клиент 1 завершил 5432 суток проживания из 10000

Сутки 5433
Клиент 1 завершил 5433 суток проживания из 10000

Сутки 5434
Клиент 1 завершил 5434 суток проживания из 10000

Сутки 5435
Клиент 1 завершил 5435 суток проживания из 10000

Сутки 5436
Клиент 1 завершил 5436 суток проживания из 10000

Сутки 5437
Клиент 1 завершил 5437 суток проживания из 10000

Сутки 5438
Клиент 1 завершил 5438 суток проживания из 10000

Сутки 5439
Клиент 1 завершил 5439 суток проживания из 10000

Сутки 5440
Клиент 1 завершил 5440 суток проживания из 10000

Сутки 5441
Клиент 1 завершил 5441 суток проживания из 10000

Сутки 5442
Клиент 1 завершил 5442 суток проживания из 10000

Сутки 5443
Клиент 1 завершил 5443 суток проживания из 10000

Сутки 5444
Клиент 1 завершил 5444 суток проживания из 10000

Сутки 5445
Клиент 1 завершил 5445 суток проживания из 10000

Сутки 5446
Клиент 1 завершил 5446 суток проживания из 10000

Сутки 5447
Клиент 1 завершил 5447 суток проживания из 10000

Сутки 5448
Клиент 1 завершил 5448 суток проживания из 10000

Сутки 5449
Клиент 1 завершил 5449 суток проживания из 10000

Сутки 5450
Клиент 1 завершил 5450 суток проживания из 10000

Сутки 5451
Клиент 1 завершил 5451 суток проживания из 10000

Сутки 5452
Клиент 1 завершил 5452 суток проживания из 10000

Сутки 5453
Клиент 1 завершил 5453 суток проживания из 10000

Сутки 5454
Клиент 1 завершил 5454 суток проживания из 10000

Сутки 5455
Клиент 1 завершил 5455 суток проживания из 10000

Сутки 5456
Клиент 1 завершил 5456 суток проживания из 10000

Сутки 5457
Клиент 1 завершил 5457 суток проживания из 10000

Сутки 5458
Клиент 1 завершил 5458 суток проживания из 10000

Сутки 5459
Клиент 1 завершил 5459 суток проживания из 10000

Сутки 5460
Клиент 1 завершил 5460 суток проживания из 10000

Сутки 5461
Клиент 1 завершил 5461 суток проживания из 10000

Сутки 5462
Клиент 1 завершил 5462 суток проживания из 10000

Сутки 5463
Клиент 1 завершил 5463 суток проживания из 10000

Сутки 5464
Клиент 1 завершил 5464 суток проживания из 10000

Сутки 5465
Клиент 1 завершил 5465 суток проживания из 10000

Сутки 5466
Клиент 1 завершил 5466 суток проживания из 10000

Сутки 5467
Клиент 1 завершил 5467 суток проживания из 10000

Сутки 5468
Клиент 1 завершил 5468 суток проживания из 10000

Сутки 5469
Клиент 1 завершил 5469 суток проживания из 10000

Сутки 5470
Клиент 1 завершил 5470 суток проживания из 10000

Сутки 5471
Клиент 1 завершил 5471 суток проживания из 10000

Сутки 5472
Клиент 1 завершил 5472 суток проживания из 10000

Сутки 5473
Клиент 1 завершил 5473 суток проживания из 10000

Сутки 5474
Клиент 1 завершил 5474 суток проживания из 10000

Сутки 5475
Клиент 1 завершил 5475 суток проживания из 10000

Сутки 5476
Клиент 1 завершил 5476 суток проживания из 10000

Сутки 5477
Клиент 1 завершил 5477 суток проживания из 10000

Сутки 5478
Клиент 1 завершил 5478 суток проживания из 10000

Сутки 5479
Клиент 1 завершил 5479 суток проживания из 10000

Сутки 5480
Клиент 1 завершил 5480 суток проживания из 10000

Сутки 5481
Клиент 1 завершил 5481 суток проживания из 10000

Сутки 5482
Клиент 1 завершил 5482 суток проживания из 10000

Сутки 5483
Клиент 1 завершил 5483 суток проживания из 10000

Сутки 5484
Клиент 1 завершил 5484 суток проживания из 10000

Сутки 5485
Клиент 1 завершил 5485 суток проживания из 10000

Сутки 5486
Клиент 1 завершил 5486 суток проживания из 10000

Сутки 5487
Клиент 1 завершил 5487 суток проживания из 10000

Сутки 5488
Клиент 1 завершил 5488 суток проживания из 10000

Сутки 5489
Клиент 1 завершил 5489 суток проживания из 10000

Сутки 5490
Клиент 1 завершил 5490 суток проживания из 10000

Сутки 5491
Клиент 1 завершил 5491 суток проживания из 10000

Сутки 5492
Клиент 1 завершил 5492 суток проживания из 10000

Сутки 5493
Клиент 1 завершил 5493 суток проживания из 10000

Сутки 5494
Клиент 1 завершил 5494 суток проживания из 10000

Сутки 5495
Клиент 1 завершил 5495 суток проживания из 10000

Сутки 5496
Клиент 1 завершил 5496 суток проживания из 10000

Сутки 5497
Клиент 1 завершил 5497 суток проживания из 10000

Сутки 5498
Клиент 1 завершил 5498 суток проживания из 10000

Сутки 5499
Клиент 1 завершил 5499 суток проживания из 10000

Сутки 5500
Клиент 1 завершил 5500 суток проживания из 10000

Сутки 5501
Клиент 1 завершил 5501 суток проживания из 10000

Сутки 5502
Клиент 1 завершил 5502 суток проживания из 10000

Сутки 5503
Клиент 1 завершил 5503 суток проживания из 10000

Сутки 5504
Клиент 1 завершил 5504 суток проживания из 10000

Сутки 5505
Клиент 1 завершил 5505 суток проживания из 10000

Сутки 5506
Клиент 1 завершил 5506 суток проживания из 10000

Сутки 5507
Клиент 1 завершил 5507 суток проживания из 10000

Сутки 5508
Клиент 1 завершил 5508 суток проживания из 10000

Сутки 5509
Клиент 1 завершил 5509 суток проживания из 10000

Сутки 5510
Клиент 1 завершил 5510 суток проживания из 10000

Сутки 5511
Клиент 1 завершил 5511 суток проживания из 10000

Сутки 5512
Клиент 1 завершил 5512 суток проживания из 10000

Сутки 5513
Клиент 1 завершил 5513 суток проживания из 10000

Сутки 5514
Клиент 1 завершил 5514 суток проживания из 10000

Сутки 5515
Клиент 1 завершил 5515 суток проживания из 10000

Сутки 5516
Клиент 1 завершил 5516 суток проживания из 10000

Сутки 5517
Клиент 1 завершил 5517 суток проживания из 10000

Сутки 5518
Клиент 1 завершил 5518 суток проживания из 10000

Сутки 5519
Клиент 1 завершил 5519 суток проживания из 10000

Сутки 5520
Клиент 1 завершил 5520 суток проживания из 10000

Сутки 5521
Клиент 1 завершил 5521 суток проживания из 10000

Сутки 5522
Клиент 1 завершил 5522 суток проживания из 10000

Сутки 5523
Клиент 1 завершил 5523 суток проживания из 10000

Сутки 5524
Клиент 1 завершил 5524 суток проживания из 10000

Сутки 5525
Клиент 1 завершил 5525 суток проживания из 10000

Сутки 5526
Клиент 1 завершил 5526 суток проживания из 10000

Сутки 5527
Клиент 1 завершил 5527 суток проживания из 10000

Сутки 5528
Клиент 1 завершил 5528 суток проживания из 10000

Сутки 5529
Клиент 1 завершил 5529 суток проживания из 10000

Сутки 5530
Клиент 1 завершил 5530 суток проживания из 10000

Сутки 5531
Клиент 1 завершил 5531 суток проживания из 10000

Сутки 5532
Клиент 1 завершил 5532 суток проживания из 10000

Сутки 5533
Клиент 1 завершил 5533 суток проживания из 10000

Сутки 5534
Клиент 1 завершил 5534 суток проживания из 10000

Сутки 5535
Клиент 1 завершил 5535 суток проживания из 10000

Сутки 5536
Клиент 1 завершил 5536 суток проживания из 10000

Сутки 5537
Клиент 1 завершил 5537 суток проживания из 10000

Сутки 5538
Клиент 1 завершил 5538 суток проживания из 10000

Сутки 5539
Клиент 1 завершил 5539 суток проживания из 10000

Сутки 5540
Клиент 1 завершил 5540 суток проживания из 10000

Сутки 5541
Клиент 1 завершил 5541 суток проживания из 10000

Сутки 5542
Клиент 1 завершил 5542 суток проживания из 10000

Сутки 5543
Клиент 1 завершил 5543 суток проживания из 10000

Сутки 5544
Клиент 1 завершил 5544 суток проживания из 10000

Сутки 5545
Клиент 1 завершил 5545 суток проживания из 10000

Сутки 5546
Клиент 1 завершил 5546 суток проживания из 10000

Сутки 5547
Клиент 1 завершил 5547 суток проживания из 10000

Сутки 5548
Клиент 1 завершил 5548 суток проживания из 10000

Сутки 5549
Клиент 1 завершил 5549 суток проживания из 10000

Сутки 5550
Клиент 1 завершил 5550 суток проживания из 10000

Сутки 5551
Клиент 1 завершил 5551 суток проживания из 10000

Сутки 5552
Клиент 1 завершил 5552 суток проживания из 10000

Сутки 5553
Клиент 1 завершил 5553 суток проживания из 10000

Сутки 5554
Клиент 1 завершил 5554 суток проживания из 10000

Сутки 5555
Клиент 1 завершил 5555 суток проживания из 10000

Сутки 5556
Клиент 1 завершил 5556 суток проживания из 10000

Сутки 5557
Клиент 1 завершил 5557 суток проживания из 10000

Сутки 5558
Клиент 1 завершил 5558 суток проживания из 10000

Сутки 5559
Клиент 1 завершил 5559 суток проживания из 10000

Сутки 5560
Клиент 1 завершил 5560 суток проживания из 10000

Сутки 5561
Клиент 1 завершил 5561 суток проживания из 10000

Сутки 5562
Клиент 1 завершил 5562 суток проживания из 10000

Сутки 5563
Клиент 1 завершил 5563 суток проживания из 10000

Сутки 5564
Клиент 1 завершил 5564 суток проживания из 10000

Сутки 5565
Клиент 1 завершил 5565 суток проживания из 10000

Сутки 5566
Клиент 1 завершил 5566 суток проживания из 10000

Сутки 5567
Клиент 1 завершил 5567 суток проживания из 10000

Сутки 5568
Клиент 1 завершил 5568 суток проживания из 10000

Сутки 5569
Клиент 1 завершил 5569 суток проживания из 10000

Сутки 5570
Клиент 1 завершил 5570 суток проживания из 10000

Сутки 5571
Клиент 1 завершил 5571 суток проживания из 10000

Сутки 5572
Клиент 1 завершил 5572 суток проживания из 10000

Сутки 5573
Клиент 1 завершил 5573 суток проживания из 10000

Сутки 5574
Клиент 1 завершил 5574 суток проживания из 10000

Сутки 5575
Клиент 1 завершил 5575 суток проживания из 10000

Сутки 5576
Клиент 1 завершил 5576 суток проживания из 10000

Сутки 5577
Клиент 1 завершил 5577 суток проживания из 10000

Сутки 5578
Клиент 1 завершил 5578 суток проживания из 10000

Сутки 5579
Клиент 1 завершил 5579 суток проживания из 10000

Сутки 5580
Клиент 1 завершил 5580 суток проживания из 10000

Сутки 5581
Клиент 1 завершил 5581 суток проживания из 10000

Сутки 5582
Клиент 1 завершил 5582 суток проживания из 10000

Сутки 5583
Клиент 1 завершил 5583 суток проживания из 10000

Сутки 5584
Клиент 1 завершил 5584 суток проживания из 10000

Сутки 5585
Клиент 1 завершил 5585 суток проживания из 10000

Сутки 5586
Клиент 1 завершил 5586 суток проживания из 10000

Сутки 5587
Клиент 1 завершил 5587 суток проживания из 10000

Сутки 5588
Клиент 1 завершил 5588 суток проживания из 10000

Сутки 5589
Клиент 1 завершил 5589 суток проживания из 10000

Сутки 5590
Клиент 1 завершил 5590 суток проживания из 10000

Сутки 5591
Клиент 1 завершил 5591 суток проживания из 10000

Сутки 5592
Клиент 1 завершил 5592 суток проживания из 10000

Сутки 5593
Клиент 1 завершил 5593 суток проживания из 10000

Сутки 5594
Клиент 1 завершил 5594 суток проживания из 10000

Сутки 5595
Клиент 1 завершил 5595 суток проживания из 10000

Сутки 5596
Клиент 1 завершил 5596 суток проживания из 10000

Сутки 5597
Клиент 1 завершил 5597 суток проживания из 10000

Сутки 5598
Клиент 1 завершил 5598 суток проживания из 10000

Сутки 5599
Клиент 1 завершил 5599 суток проживания из 10000

Сутки 5600
Клиент 1 завершил 5600 суток проживания из 10000

Сутки 5601
Клиент 1 завершил 5601 суток проживания из 10000

Сутки 5602
Клиент 1 завершил 5602 суток проживания из 10000

Сутки 5603
Клиент 1 завершил 5603 суток проживания из 10000

Сутки 5604
Клиент 1 завершил 5604 суток проживания из 10000

Сутки 5605
Клиент 1 завершил 5605 суток проживания из 10000

Сутки 5606
Клиент 1 завершил 5606 суток проживания из 10000

Сутки 5607
Клиент 1 завершил 5607 суток проживания из 10000

Сутки 5608
Клиент 1 завершил 5608 суток проживания из 10000

Сутки 5609
Клиент 1 завершил 5609 суток проживания из 10000

Сутки 5610
Клиент 1 завершил 5610 суток проживания из 10000

Сутки 5611
Клиент 1 завершил 5611 суток проживания из 10000

Сутки 5612
Клиент 1 завершил 5612 суток проживания из 10000

Сутки 5613
Клиент 1 завершил 5613 суток проживания из 10000

Сутки 5614
Клиент 1 завершил 5614 суток проживания из 10000

Сутки 5615
Клиент 1 завершил 5615 суток проживания из 10000

Сутки 5616
Клиент 1 завершил 5616 суток проживания из 10000

Сутки 5617
Клиент 1 завершил 5617 суток проживания из 10000

Сутки 5618
Клиент 1 завершил 5618 суток проживания из 10000

Сутки 5619
Клиент 1 завершил 5619 суток проживания из 10000

Сутки 5620
Клиент 1 завершил 5620 суток проживания из 10000

Сутки 5621
Клиент 1 завершил 5621 суток проживания из 10000

Сутки 5622
Клиент 1 завершил 5622 суток проживания из 10000

Сутки 5623
Клиент 1 завершил 5623 суток проживания из 10000

Сутки 5624
Клиент 1 завершил 5624 суток проживания из 10000

Сутки 5625
Клиент 1 завершил 5625 суток проживания из 10000

Сутки 5626
Клиент 1 завершил 5626 суток проживания из 10000

Сутки 5627
Клиент 1 завершил 5627 суток проживания из 10000

Сутки 5628
Клиент 1 завершил 5628 суток проживания из 10000

Сутки 5629
Клиент 1 завершил 5629 суток проживания из 10000

Сутки 5630
Клиент 1 завершил 5630 суток проживания из 10000

Сутки 5631
Клиент 1 завершил 5631 суток проживания из 10000

Сутки 5632
Клиент 1 завершил 5632 суток проживания из 10000

Сутки 5633
Клиент 1 завершил 5633 суток проживания из 10000

Сутки 5634
Клиент 1 завершил 5634 суток проживания из 10000

Сутки 5635
Клиент 1 завершил 5635 суток проживания из 10000

Сутки 5636
Клиент 1 завершил 5636 суток проживания из 10000

Сутки 5637
Клиент 1 завершил 5637 суток проживания из 10000

Сутки 5638
Клиент 1 завершил 5638 суток проживания из 10000

Сутки 5639
Клиент 1 завершил 5639 суток проживания из 10000

Сутки 5640
Клиент 1 завершил 5640 суток проживания из 10000

Сутки 5641
Клиент 1 завершил 5641 суток проживания из 10000

Сутки 5642
Клиент 1 завершил 5642 суток проживания из 10000

Сутки 5643
Клиент 1 завершил 5643 суток проживания из 10000

Сутки 5644
Клиент 1 завершил 5644 суток проживания из 10000

Сутки 5645
Клиент 1 завершил 5645 суток проживания из 10000

Сутки 5646
Клиент 1 завершил 5646 суток проживания из 10000

Сутки 5647
Клиент 1 завершил 5647 суток проживания из 10000

Сутки 5648
Клиент 1 завершил 5648 суток проживания из 10000

Сутки 5649
Клиент 1 завершил 5649 суток проживания из 10000

Сутки 5650
Клиент 1 завершил 5650 суток проживания из 10000

Сутки 5651
Клиент 1 завершил 5651 суток проживания из 10000

Сутки 5652
Клиент 1 завершил 5652 суток проживания из 10000

Сутки 5653
Клиент 1 завершил 5653 суток проживания из 10000

Сутки 5654
Клиент 1 завершил 5654 суток проживания из 10000

Сутки 5655
Клиент 1 завершил 5655 суток проживания из 10000

Сутки 5656
Клиент 1 завершил 5656 суток проживания из 10000

Сутки 5657
Клиент 1 завершил 5657 суток проживания из 10000

Сутки 5658
Клиент 1 завершил 5658 суток проживания из 10000

Сутки 5659
Клиент 1 завершил 5659 суток проживания из 10000

Сутки 5660
Клиент 1 завершил 5660 суток проживания из 10000

Сутки 5661
Клиент 1 завершил 5661 суток проживания из 10000

Сутки 5662
Клиент 1 завершил 5662 суток проживания из 10000

Сутки 5663
Клиент 1 завершил 5663 суток проживания из 10000

Сутки 5664
Клиент 1 завершил 5664 суток проживания из 10000

Сутки 5665
Клиент 1 завершил 5665 суток проживания из 10000

Сутки 5666
Клиент 1 завершил 5666 суток проживания из 10000

Сутки 5667
Клиент 1 завершил 5667 суток проживания из 10000

Сутки 5668
Клиент 1 завершил 5668 суток проживания из 10000

Сутки 5669
Клиент 1 завершил 5669 суток проживания из 10000

Сутки 5670
Клиент 1 завершил 5670 суток проживания из 10000

Сутки 5671
Клиент 1 завершил 5671 суток проживания из 10000

Сутки 5672
Клиент 1 завершил 5672 суток проживания из 10000

Сутки 5673
Клиент 1 завершил 5673 суток проживания из 10000

Сутки 5674
Клиент 1 завершил 5674 суток проживания из 10000

Сутки 5675
Клиент 1 завершил 5675 суток проживания из 10000

Сутки 5676
Клиент 1 завершил 5676 суток проживания из 10000

Сутки 5677
Клиент 1 завершил 5677 суток проживания из 10000

Сутки 5678
Клиент 1 завершил 5678 суток проживания из 10000

Сутки 5679
Клиент 1 завершил 5679 суток проживания из 10000

Сутки 5680
Клиент 1 завершил 5680 суток проживания из 10000

Сутки 5681
Клиент 1 завершил 5681 суток проживания из 10000

Сутки 5682
Клиент 1 завершил 5682 суток проживания из 10000

Сутки 5683
Клиент 1 завершил 5683 суток проживания из 10000

Сутки 5684
Клиент 1 завершил 5684 суток проживания из 10000

Сутки 5685
Клиент 1 завершил 5685 суток проживания из 10000

Сутки 5686
Клиент 1 завершил 5686 суток проживания из 10000

Сутки 5687
Клиент 1 завершил 5687 суток проживания из 10000

Сутки 5688
Клиент 1 завершил 5688 суток проживания из 10000

Сутки 5689
Клиент 1 завершил 5689 суток проживания из 10000

Сутки 5690
Клиент 1 завершил 5690 суток проживания из 10000

Сутки 5691
Клиент 1 завершил 5691 суток проживания из 10000

Сутки 5692
Клиент 1 завершил 5692 суток проживания из 10000

Сутки 5693
Клиент 1 завершил 5693 суток проживания из 10000

Сутки 5694
Клиент 1 завершил 5694 суток проживания из 10000

Сутки 5695
Клиент 1 завершил 5695 суток проживания из 10000

Сутки 5696
Клиент 1 завершил 5696 суток проживания из 10000

Сутки 5697
Клиент 1 завершил 5697 суток проживания из 10000

Сутки 5698
Клиент 1 завершил 5698 суток проживания из 10000

Сутки 5699
Клиент 1 завершил 5699 суток проживания из 10000

Сутки 5700
Клиент 1 завершил 5700 суток проживания из 10000

Сутки 5701
Клиент 1 завершил 5701 суток проживания из 10000

Сутки 5702
Клиент 1 завершил 5702 суток проживания из 10000

Сутки 5703
Клиент 1 завершил 5703 суток проживания из 10000

Сутки 5704
Клиент 1 завершил 5704 суток проживания из 10000

Сутки 5705
Клиент 1 завершил 5705 суток проживания из 10000

Сутки 5706
Клиент 1 завершил 5706 суток проживания из 10000

Сутки 5707
Клиент 1 завершил 5707 суток проживания из 10000

Сутки 5708
Клиент 1 завершил 5708 суток проживания из 10000

Сутки 5709
Клиент 1 завершил 5709 суток проживания из 10000

Сутки 5710
Клиент 1 завершил 5710 суток проживания из 10000

Сутки 5711
Клиент 1 завершил 5711 суток проживания из 10000

Сутки 5712
Клиент 1 завершил 5712 суток проживания из 10000

Сутки 5713
Клиент 1 завершил 5713 суток проживания из 10000

Сутки 5714
Клиент 1 завершил 5714 суток проживания из 10000

Сутки 5715
Клиент 1 завершил 5715 суток проживания из 10000

Сутки 5716
Клиент 1 завершил 5716 суток проживания из 10000

Сутки 5717
Клиент 1 завершил 5717 суток проживания из 10000

Сутки 5718
Клиент 1 завершил 5718 суток проживания из 10000

Сутки 5719
Клиент 1 завершил 5719 суток проживания из 10000

Сутки 5720
Клиент 1 завершил 5720 суток проживания из 10000

Сутки 5721
Клиент 1 завершил 5721 суток проживания из 10000

Сутки 5722
Клиент 1 завершил 5722 суток проживания из 10000

Сутки 5723
Клиент 1 завершил 5723 суток проживания из 10000

Сутки 5724
Клиент 1 завершил 5724 суток проживания из 10000

Сутки 5725
Клиент 1 завершил 5725 суток проживания из 10000

Сутки 5726
Клиент 1 завершил 5726 суток проживания из 10000

Сутки 5727
Клиент 1 завершил 5727 суток проживания из 10000

Сутки 5728
Клиент 1 завершил 5728 суток проживания из 10000

Сутки 5729
Клиент 1 завершил 5729 суток проживания из 10000

Сутки 5730
Клиент 1 завершил 5730 суток проживания из 10000

Сутки 5731
Клиент 1 завершил 5731 суток проживания из 10000

Сутки 5732
Клиент 1 завершил 5732 суток проживания из 10000

Сутки 5733
Клиент 1 завершил 5733 суток проживания из 10000

Сутки 5734
Клиент 1 завершил 5734 суток проживания из 10000

Сутки 5735
Клиент 1 завершил 5735 суток проживания из 10000

Сутки 5736
Клиент 1 завершил 5736 суток проживания из 10000

Сутки 5737
Клиент 1 завершил 5737 суток проживания из 10000

Сутки 5738
Клиент 1 завершил 5738 суток проживания из 10000

Сутки 5739
Клиент 1 завершил 5739 суток проживания из 10000

Сутки 5740
Клиент 1 завершил 5740 суток проживания из 10000

Сутки 5741
Клиент 1 завершил 5741 суток проживания из 10000

Сутки 5742
Клиент 1 завершил 5742 суток проживания из 10000

Сутки 5743
Клиент 1 завершил 5743 суток проживания из 10000

Сутки 5744
Клиент 1 завершил 5744 суток проживания из 10000

Сутки 5745
Клиент 1 завершил 5745 суток проживания из 10000

Сутки 5746
Клиент 1 завершил 5746 суток проживания из 10000

Сутки 5747
Клиент 1 завершил 5747 суток проживания из 10000

Сутки 5748
Клиент 1 завершил 5748 суток проживания из 10000

Сутки 5749
Клиент 1 завершил 5749 суток проживания из 10000

Сутки 5750
Клиент 1 завершил 5750 суток проживания из 10000

Сутки 5751
Клиент 1 завершил 5751 суток проживания из 10000

Сутки 5752
Клиент 1 завершил 5752 суток проживания из 10000

Сутки 5753
Клиент 1 завершил 5753 суток проживания из 10000

Сутки 5754
Клиент 1 завершил 5754 суток проживания из 10000

Сутки 5755
Клиент 1 завершил 5755 суток проживания из 10000

Сутки 5756
Клиент 1 завершил 5756 суток проживания из 10000

Сутки 5757
Клиент 1 завершил 5757 суток проживания из 10000

Сутки 5758
Клиент 1 завершил 5758 суток проживания из 10000

Сутки 5759
Клиент 1 завершил 5759 суток проживания из 10000

Сутки 5760
Клиент 1 завершил 5760 суток проживания из 10000

Сутки 5761
Клиент 1 завершил 5761 суток проживания из 10000

Сутки 5762
Клиент 1 завершил 5762 суток проживания из 10000

Сутки 5763
Клиент 1 завершил 5763 суток проживания из 10000

Сутки 5764
Клиент 1 завершил 5764 суток проживания из 10000

Сутки 5765
Клиент 1 завершил 5765 суток проживания из 10000

Сутки 5766
Клиент 1 завершил 5766 суток проживания из 10000

Сутки 5767
Клиент 1 завершил 5767 суток проживания из 10000

Сутки 5768
Клиент 1 завершил 5768 суток проживания из 10000

Сутки 5769
Клиент 1 завершил 5769 суток проживания из 10000

Сутки 5770
Клиент 1 завершил 5770 суток проживания из 10000

Сутки 5771
Клиент 1 завершил 5771 суток проживания из 10000

Сутки 5772
Клиент 1 завершил 5772 суток проживания из 10000

Сутки 5773
Клиент 1 завершил 5773 суток проживания из 10000

Сутки 5774
Клиент 1 завершил 5774 суток проживания из 10000

Сутки 5775
Клиент 1 завершил 5775 суток проживания из 10000

Сутки 5776
Клиент 1 завершил 5776 суток проживания из 10000

Сутки 5777
Клиент 1 завершил 5777 суток проживания из 10000

Сутки 5778
Клиент 1 завершил 5778 суток проживания из 10000

Сутки 5779
Клиент 1 завершил 5779 суток проживания из 10000

Сутки 5780
Клиент 1 завершил 5780 суток проживания из 10000

Сутки 5781
Клиент 1 завершил 5781 суток проживания из 10000

Сутки 5782
Клиент 1 завершил 5782 суток проживания из 10000

Сутки 5783
Клиент 1 завершил 5783 суток проживания из 10000

Сутки 5784
Клиент 1 завершил 5784 суток проживания из 10000

Сутки 5785
Клиент 1 завершил 5785 суток проживания из 10000

Сутки 5786
Клиент 1 завершил 5786 суток проживания из 10000

Сутки 5787
Клиент 1 завершил 5787 суток проживания из 10000

Сутки 5788
Клиент 1 завершил 5788 суток проживания из 10000

Сутки 5789
Клиент 1 завершил 5789 суток проживания из 10000

Сутки 5790
Клиент 1 завершил 5790 суток проживания из 10000

Сутки 5791
Клиент 1 завершил 5791 суток проживания из 10000

Сутки 5792
Клиент 1 завершил 5792 суток проживания из 10000

Сутки 5793
Клиент 1 завершил 5793 суток проживания из 10000

Сутки 5794
Клиент 1 завершил 5794 суток проживания из 10000

Сутки 5795
Клиент 1 завершил 5795 суток проживания из 10000

Сутки 5796
Клиент 1 завершил 5796 суток проживания из 10000

Сутки 5797
Клиент 1 завершил 5797 суток проживания из 10000

Сутки 5798
Клиент 1 завершил 5798 суток проживания из 10000

Сутки 5799
Клиент 1 завершил 5799 суток проживания из 10000

Сутки 5800
Клиент 1 завершил 5800 суток проживания из 10000

Сутки 5801
Клиент 1 завершил 5801 суток проживания из 10000

Сутки 5802
Клиент 1 завершил 5802 суток проживания из 10000

Сутки 5803
Клиент 1 завершил 5803 суток проживания из 10000

Сутки 5804
Клиент 1 завершил 5804 суток проживания из 10000

Сутки 5805
Клиент 1 завершил 5805 суток проживания из 10000

Сутки 5806
Клиент 1 завершил 5806 суток проживания из 10000

Сутки 5807
Клиент 1 завершил 5807 суток проживания из 10000

Сутки 5808
Клиент 1 завершил 5808 суток проживания из 10000

Сутки 5809
Клиент 1 завершил 5809 суток проживания из 10000

Сутки 5810
Клиент 1 завершил 5810 суток проживания из 10000

Сутки 5811
Клиент 1 завершил 5811 суток проживания из 10000

Сутки 5812
Клиент 1 завершил 5812 суток проживания из 10000

Сутки 5813
Клиент 1 завершил 5813 суток проживания из 10000

Сутки 5814
Клиент 1 завершил 5814 суток проживания из 10000

Сутки 5815
Клиент 1 завершил 5815 суток проживания из 10000

Сутки 5816
Клиент 1 завершил 5816 суток проживания из 10000

Сутки 5817
Клиент 1 завершил 5817 суток проживания из 10000

Сутки 5818
Клиент 1 завершил 5818 суток проживания из 10000

Сутки 5819
Клиент 1 завершил 5819 суток проживания из 10000

Сутки 5820
Клиент 1 завершил 5820 суток проживания из 10000

Сутки 5821
Клиент 1 завершил 5821 суток проживания из 10000

Сутки 5822
Клиент 1 завершил 5822 суток проживания из 10000

Сутки 5823
Клиент 1 завершил 5823 суток проживания из 10000

Сутки 5824
Клиент 1 завершил 5824 суток проживания из 10000

Сутки 5825
Клиент 1 завершил 5825 суток проживания из 10000

Сутки 5826
Клиент 1 завершил 5826 суток проживания из 10000

Сутки 5827
Клиент 1 завершил 5827 суток проживания из 10000

Сутки 5828
Клиент 1 завершил 5828 суток проживания из 10000

Сутки 5829
Клиент 1 завершил 5829 суток проживания из 10000

Сутки 5830
Клиент 1 завершил 5830 суток проживания из 10000

Сутки 5831
Клиент 1 завершил 5831 суток проживания из 10000

Сутки 5832
Клиент 1 завершил 5832 суток проживания из 10000

Сутки 5833
Клиент 1 завершил 5833 суток проживания из 10000

Сутки 5834
Клиент 1 завершил 5834 суток проживания из 10000

Сутки 5835
Клиент 1 завершил 5835 суток проживания из 10000

Сутки 5836
Клиент 1 завершил 5836 суток проживания из 10000

Сутки 5837
Клиент 1 завершил 5837 суток проживания из 10000

Сутки 5838
Клиент 1 завершил 5838 суток проживания из 10000

Сутки 5839
Клиент 1 завершил 5839 суток проживания из 10000

Сутки 5840
Клиент 1 завершил 5840 суток проживания из 10000

Сутки 5841
Клиент 1 завершил 5841 суток проживания из 10000

Сутки 5842
Клиент 1 завершил 5842 суток проживания из 10000

Сутки 5843
Клиент 1 завершил 5843 суток проживания из 10000

Сутки 5844
Клиент 1 завершил 5844 суток проживания из 10000

Сутки 5845
Клиент 1 завершил 5845 суток проживания из 10000

Сутки 5846
Клиент 1 завершил 5846 суток проживания из 10000

Сутки 5847
Клиент 1 завершил 5847 суток проживания из 10000

Сутки 5848
Клиент 1 завершил 5848 суток проживания из 10000

Сутки 5849
Клиент 1 завершил 5849 суток проживания из 10000

Сутки 5850
Клиент 1 завершил 5850 суток проживания из 10000

Сутки 5851
Клиент 1 завершил 5851 суток проживания из 10000

Сутки 5852
Клиент 1 завершил 5852 суток проживания из 10000

Сутки 5853
Клиент 1 завершил 5853 суток проживания из 10000

Сутки 5854
Клиент 1 завершил 5854 суток проживания из 10000

Сутки 5855
Клиент 1 завершил 5855 суток проживания из 10000

Сутки 5856
Клиент 1 завершил 5856 суток проживания из 10000

Сутки 5857
Клиент 1 завершил 5857 суток проживания из 10000

Сутки 5858
Клиент 1 завершил 5858 суток проживания из 10000

Сутки 5859
Клиент 1 завершил 5859 суток проживания из 10000

Сутки 5860
Клиент 1 завершил 5860 суток проживания из 10000

Сутки 5861
Клиент 1 завершил 5861 суток проживания из 10000

Сутки 5862
Клиент 1 завершил 5862 суток проживания из 10000

Сутки 5863
Клиент 1 завершил 5863 суток проживания из 10000

Сутки 5864
Клиент 1 завершил 5864 суток проживания из 10000

Сутки 5865
Клиент 1 завершил 5865 суток проживания из 10000

Сутки 5866
Клиент 1 завершил 5866 суток проживания из 10000

Сутки 5867
Клиент 1 завершил 5867 суток проживания из 10000

Сутки 5868
Клиент 1 завершил 5868 суток проживания из 10000

Сутки 5869
Клиент 1 завершил 5869 суток проживания из 10000

Сутки 5870
Клиент 1 завершил 5870 суток проживания из 10000

Сутки 5871
Клиент 1 завершил 5871 суток проживания из 10000

Сутки 5872
Клиент 1 завершил 5872 суток проживания из 10000

Сутки 5873
Клиент 1 завершил 5873 суток проживания из 10000

Сутки 5874
Клиент 1 завершил 5874 суток проживания из 10000

Сутки 5875
Клиент 1 завершил 5875 суток проживания из 10000

Сутки 5876
Клиент 1 завершил 5876 суток проживания из 10000

Сутки 5877
Клиент 1 завершил 5877 суток проживания из 10000

Сутки 5878
Клиент 1 завершил 5878 суток проживания из 10000

Сутки 5879
Клиент 1 завершил 5879 суток проживания из 10000

Сутки 5880
Клиент 1 завершил 5880 суток проживания из 10000

Сутки 5881
Клиент 1 завершил 5881 суток проживания из 10000

Сутки 5882
Клиент 1 завершил 5882 суток проживания из 10000

Сутки 5883
Клиент 1 завершил 5883 суток проживания из 10000

Сутки 5884
Клиент 1 завершил 5884 суток проживания из 10000

Сутки 5885
Клиент 1 завершил 5885 суток проживания из 10000

Сутки 5886
Клиент 1 завершил 5886 суток проживания из 10000

Сутки 5887
Клиент 1 завершил 5887 суток проживания из 10000

Сутки 5888
Клиент 1 завершил 5888 суток проживания из 10000

Сутки 5889
Клиент 1 завершил 5889 суток проживания из 10000

Сутки 5890
Клиент 1 завершил 5890 суток проживания из 10000

Сутки 5891
Клиент 1 завершил 5891 суток проживания из 10000

Сутки 5892
Клиент 1 завершил 5892 суток проживания из 10000

Сутки 5893
Клиент 1 завершил 5893 суток проживания из 10000

Сутки 5894
Клиент 1 завершил 5894 суток проживания из 10000

Сутки 5895
Клиент 1 завершил 5895 суток проживания из 10000

Сутки 5896
Клиент 1 завершил 5896 суток проживания из 10000

Сутки 5897
Клиент 1 завершил 5897 суток проживания из 10000

Сутки 5898
Клиент 1 завершил 5898 суток проживания из 10000

Сутки 5899
Клиент 1 завершил 5899 суток проживания из 10000

Сутки 5900
Клиент 1 завершил 5900 суток проживания из 10000

Сутки 5901
Клиент 1 завершил 5901 суток проживания из 10000

Сутки 5902
Клиент 1 завершил 5902 суток проживания из 10000

Сутки 5903
Клиент 1 завершил 5903 суток проживания из 10000

Сутки 5904
Клиент 1 завершил 5904 суток проживания из 10000

Сутки 5905
Клиент 1 завершил 5905 суток проживания из 10000

Сутки 5906
Клиент 1 завершил 5906 суток проживания из 10000

Сутки 5907
Клиент 1 завершил 5907 суток проживания из 10000

Сутки 5908
Клиент 1 завершил 5908 суток проживания из 10000

Сутки 5909
Клиент 1 завершил 5909 суток проживания из 10000

Сутки 5910
Клиент 1 завершил 5910 суток проживания из 10000

Сутки 5911
Клиент 1 завершил 5911 суток проживания из 10000

Сутки 5912
Клиент 1 завершил 5912 суток проживания из 10000

Сутки 5913
Клиент 1 завершил 5913 суток проживания из 10000

Сутки 5914
Клиент 1 завершил 5914 суток проживания из 10000

Сутки 5915
Клиент 1 завершил 5915 суток проживания из 10000

Сутки 5916
Клиент 1 завершил 5916 суток проживания из 10000

Сутки 5917
Клиент 1 завершил 5917 суток проживания из 10000

Сутки 5918
Клиент 1 завершил 5918 суток проживания из 10000

Сутки 5919
Клиент 1 завершил 5919 суток проживания из 10000

Сутки 5920
Клиент 1 завершил 5920 суток проживания из 10000

Сутки 5921
Клиент 1 завершил 5921 суток проживания из 10000

Сутки 5922
Клиент 1 завершил 5922 суток проживания из 10000

Сутки 5923
Клиент 1 завершил 5923 суток проживания из 10000

Сутки 5924
Клиент 1 завершил 5924 суток проживания из 10000

Сутки 5925
Клиент 1 завершил 5925 суток проживания из 10000

Сутки 5926
Клиент 1 завершил 5926 суток проживания из 10000

Сутки 5927
Клиент 1 завершил 5927 суток проживания из 10000

Сутки 5928
Клиент 1 завершил 5928 суток проживания из 10000

Сутки 5929
Клиент 1 завершил 5929 суток проживания из 10000

Сутки 5930
Клиент 1 завершил 5930 суток проживания из 10000

Сутки 5931
Клиент 1 завершил 5931 суток проживания из 10000

Сутки 5932
Клиент 1 завершил 5932 суток проживания из 10000

Сутки 5933
Клиент 1 завершил 5933 суток проживания из 10000

Сутки 5934
Клиент 1 завершил 5934 суток проживания из 10000

Сутки 5935
Клиент 1 завершил 5935 суток проживания из 10000

Сутки 5936
Клиент 1 завершил 5936 суток проживания из 10000

Сутки 5937
Клиент 1 завершил 5937 суток проживания из 10000

Сутки 5938
Клиент 1 завершил 5938 суток проживания из 10000

Сутки 5939
Клиент 1 завершил 5939 суток проживания из 10000

Сутки 5940
Клиент 1 завершил 5940 суток проживания из 10000

Сутки 5941
Клиент 1 завершил 5941 суток проживания из 10000

Сутки 5942
Клиент 1 завершил 5942 суток проживания из 10000

Сутки 5943
Клиент 1 завершил 5943 суток проживания из 10000

Сутки 5944
Клиент 1 завершил 5944 суток проживания из 10000

Сутки 5945
Клиент 1 завершил 5945 суток проживания из 10000

Сутки 5946
Клиент 1 завершил 5946 суток проживания из 10000

Сутки 5947
Клиент 1 завершил 5947 суток проживания из 10000

Сутки 5948
Клиент 1 завершил 5948 суток проживания из 10000

Сутки 5949
Клиент 1 завершил 5949 суток проживания из 10000

Сутки 5950
Клиент 1 завершил 5950 суток проживания из 10000

Сутки 5951
Клиент 1 завершил 5951 суток проживания из 10000

Сутки 5952
Клиент 1 завершил 5952 суток проживания из 10000

Сутки 5953
Клиент 1 завершил 5953 суток проживания из 10000

Сутки 5954
Клиент 1 завершил 5954 суток проживания из 10000

Сутки 5955
Клиент 1 завершил 5955 суток проживания из 10000

Сутки 5956
Клиент 1 завершил 5956 суток проживания из 10000

Сутки 5957
Клиент 1 завершил 5957 суток проживания из 10000

Сутки 5958
Клиент 1 завершил 5958 суток проживания из 10000

Сутки 5959
Клиент 1 завершил 5959 суток проживания из 10000

Сутки 5960
Клиент 1 завершил 5960 суток проживания из 10000

Сутки 5961
Клиент 1 завершил 5961 суток проживания из 10000

Сутки 5962
Клиент 1 завершил 5962 суток проживания из 10000

Сутки 5963
Клиент 1 завершил 5963 суток проживания из 10000

Сутки 5964
Клиент 1 завершил 5964 суток проживания из 10000

Сутки 5965
Клиент 1 завершил 5965 суток проживания из 10000

Сутки 5966
Клиент 1 завершил 5966 суток проживания из 10000

Сутки 5967
Клиент 1 завершил 5967 суток проживания из 10000

Сутки 5968
Клиент 1 завершил 5968 суток проживания из 10000

Сутки 5969
Клиент 1 завершил 5969 суток проживания из 10000

Сутки 5970
Клиент 1 завершил 5970 суток проживания из 10000

Сутки 5971
Клиент 1 завершил 5971 суток проживания из 10000

Сутки 5972
Клиент 1 завершил 5972 суток проживания из 10000

Сутки 5973
Клиент 1 завершил 5973 суток проживания из 10000

Сутки 5974
Клиент 1 завершил 5974 суток проживания из 10000

Сутки 5975
Клиент 1 завершил 5975 суток проживания из 10000

Сутки 5976
Клиент 1 завершил 5976 суток проживания из 10000

Сутки 5977
Клиент 1 завершил 5977 суток проживания из 10000

Сутки 5978
Клиент 1 завершил 5978 суток проживания из 10000

Сутки 5979
Клиент 1 завершил 5979 суток проживания из 10000

Сутки 5980
Клиент 1 завершил 5980 суток проживания из 10000

Сутки 5981
Клиент 1 завершил 5981 суток проживания из 10000

Сутки 5982
Клиент 1 завершил 5982 суток проживания из 10000

Сутки 5983
Клиент 1 завершил 5983 суток проживания из 10000

Сутки 5984
Клиент 1 завершил 5984 суток проживания из 10000

Сутки 5985
Клиент 1 завершил 5985 суток проживания из 10000

Сутки 5986
Клиент 1 завершил 5986 суток проживания из 10000

Сутки 5987
Клиент 1 завершил 5987 суток проживания из 10000

Сутки 5988
Клиент 1 завершил 5988 суток проживания из 10000

Сутки 5989
Клиент 1 завершил 5989 суток проживания из 10000

Сутки 5990
Клиент 1 завершил 5990 суток проживания из 10000

Сутки 5991
Клиент 1 завершил 5991 суток проживания из 10000

Сутки 5992
Клиент 1 завершил 5992 суток проживания из 10000

Сутки 5993
Клиент 1 завершил 5993 суток проживания из 10000

Сутки 5994
Клиент 1 завершил 5994 суток проживания из 10000

Сутки 5995
Клиент 1 завершил 5995 суток проживания из 10000

Сутки 5996
Клиент 1 завершил 5996 суток проживания из 10000

Сутки 5997
Клиент 1 завершил 5997 суток проживания из 10000

Сутки 5998
Клиент 1 завершил 5998 суток проживания из 10000

Сутки 5999
Клиент 1 завершил 5999 суток проживания из 10000

Сутки 6000
Клиент 1 завершил 6000 суток проживания из 10000

Сутки 6001
Клиент 1 завершил 6001 суток проживания из 10000

Сутки 6002
Клиент 1 завершил 6002 суток проживания из 10000

Сутки 6003
Клиент 1 завершил 6003 суток проживания из 10000

Сутки 6004
Клиент 1 завершил 6004 суток проживания из 10000

Сутки 6005
Клиент 1 завершил 6005 суток проживания из 10000

Сутки 6006
Клиент 1 завершил 6006 суток проживания из 10000

Сутки 6007
Клиент 1 завершил 6007 суток проживания из 10000

Сутки 6008
Клиент 1 завершил 6008 суток проживания из 10000

Сутки 6009
Клиент 1 завершил 6009 суток проживания из 10000

Сутки 6010
Клиент 1 завершил 6010 суток проживания из 10000

Сутки 6011
Клиент 1 завершил 6011 суток проживания из 10000

Сутки 6012
Клиент 1 завершил 6012 суток проживания из 10000

Сутки 6013
Клиент 1 завершил 6013 суток проживания из 10000

Сутки 6014
Клиент 1 завершил 6014 суток проживания из 10000

Сутки 6015
Клиент 1 завершил 6015 суток проживания из 10000

Сутки 6016
Клиент 1 завершил 6016 суток проживания из 10000

Сутки 6017
Клиент 1 завершил 6017 суток проживания из 10000

Сутки 6018
Клиент 1 завершил 6018 суток проживания из 10000

Сутки 6019
Клиент 1 завершил 6019 суток проживания из 10000

Сутки 6020
Клиент 1 завершил 6020 суток проживания из 10000

Сутки 6021
Клиент 1 завершил 6021 суток проживания из 10000

Сутки 6022
Клиент 1 завершил 6022 суток проживания из 10000

Сутки 6023
Клиент 1 завершил 6023 суток проживания из 10000

Сутки 6024
Клиент 1 завершил 6024 суток проживания из 10000

Сутки 6025
Клиент 1 завершил 6025 суток проживания из 10000

Сутки 6026
Клиент 1 завершил 6026 суток проживания из 10000

Сутки 6027
Клиент 1 завершил 6027 суток проживания из 10000

Сутки 6028
Клиент 1 завершил 6028 суток проживания из 10000

Сутки 6029
Клиент 1 завершил 6029 суток проживания из 10000

Сутки 6030
Клиент 1 завершил 6030 суток проживания из 10000

Сутки 6031
Клиент 1 завершил 6031 суток проживания из 10000

Сутки 6032
Клиент 1 завершил 6032 суток проживания из 10000

Сутки 6033
Клиент 1 завершил 6033 суток проживания из 10000

Сутки 6034
Клиент 1 завершил 6034 суток проживания из 10000

Сутки 6035
Клиент 1 завершил 6035 суток проживания из 10000

Сутки 6036
Клиент 1 завершил 6036 суток проживания из 10000

Сутки 6037
Клиент 1 завершил 6037 суток проживания из 10000

Сутки 6038
Клиент 1 завершил 6038 суток проживания из 10000

Сутки 6039
Клиент 1 завершил 6039 суток проживания из 10000

Сутки 6040
Клиент 1 завершил 6040 суток проживания из 10000

Сутки 6041
Клиент 1 завершил 6041 суток проживания из 10000

Сутки 6042
Клиент 1 завершил 6042 суток проживания из 10000

Сутки 6043
Клиент 1 завершил 6043 суток проживания из 10000

Сутки 6044
Клиент 1 завершил 6044 суток проживания из 10000

Сутки 6045
Клиент 1 завершил 6045 суток проживания из 10000

Сутки 6046
Клиент 1 завершил 6046 суток проживания из 10000

Сутки 6047
Клиент 1 завершил 6047 суток проживания из 10000

Сутки 6048
Клиент 1 завершил 6048 суток проживания из 10000

Сутки 6049
Клиент 1 завершил 6049 суток проживания из 10000

Сутки 6050
Клиент 1 завершил 6050 суток проживания из 10000

Сутки 6051
Клиент 1 завершил 6051 суток проживания из 10000

Сутки 6052
Клиент 1 завершил 6052 суток проживания из 10000

Сутки 6053
Клиент 1 завершил 6053 суток проживания из 10000

Сутки 6054
Клиент 1 завершил 6054 суток проживания из 10000

Сутки 6055
Клиент 1 завершил 6055 суток проживания из 10000

Сутки 6056
Клиент 1 завершил 6056 суток проживания из 10000

Сутки 6057
Клиент 1 завершил 6057 суток проживания из 10000

Сутки 6058
Клиент 1 завершил 6058 суток проживания из 10000

Сутки 6059
Клиент 1 завершил 6059 суток проживания из 10000

Сутки 6060
Клиент 1 завершил 6060 суток проживания из 10000

Сутки 6061
Клиент 1 завершил 6061 суток проживания из 10000

Сутки 6062
Клиент 1 завершил 6062 суток проживания из 10000

Сутки 6063
Клиент 1 завершил 6063 суток проживания из 10000

Сутки 6064
Клиент 1 завершил 6064 суток проживания из 10000

Сутки 6065
Клиент 1 завершил 6065 суток проживания из 10000

Сутки 6066
Клиент 1 завершил 6066 суток проживания из 10000

Сутки 6067
Клиент 1 завершил 6067 суток проживания из 10000

Сутки 6068
Клиент 1 завершил 6068 суток проживания из 10000

Сутки 6069
Клиент 1 завершил 6069 суток проживания из 10000

Сутки 6070
Клиент 1 завершил 6070 суток проживания из 10000

Сутки 6071
Клиент 1 завершил 6071 суток проживания из 10000

Сутки 6072
Клиент 1 завершил 6072 суток проживания из 10000

Сутки 6073
Клиент 1 завершил 6073 суток проживания из 10000

Сутки 6074
Клиент 1 завершил 6074 суток проживания из 10000

Сутки 6075
Клиент 1 завершил 6075 суток проживания из 10000

Сутки 6076
Клиент 1 завершил 6076 суток проживания из 10000

Сутки 6077
Клиент 1 завершил 6077 суток проживания из 10000

Сутки 6078
Клиент 1 завершил 6078 суток проживания из 10000

Сутки 6079
Клиент 1 завершил 6079 суток проживания из 10000

Сутки 6080
Клиент 1 завершил 6080 суток проживания из 10000

Сутки 6081
Клиент 1 завершил 6081 суток проживания из 10000

Сутки 6082
Клиент 1 завершил 6082 суток проживания из 10000

Сутки 6083
Клиент 1 завершил 6083 суток проживания из 10000

Сутки 6084
Клиент 1 завершил 6084 суток проживания из 10000

Сутки 6085
Клиент 1 завершил 6085 суток проживания из 10000

Сутки 6086
Клиент 1 завершил 6086 суток проживания из 10000

Сутки 6087
Клиент 1 завершил 6087 суток проживания из 10000

Сутки 6088
Клиент 1 завершил 6088 суток проживания из 10000

Сутки 6089
Клиент 1 завершил 6089 суток проживания из 10000

Сутки 6090
Клиент 1 завершил 6090 суток проживания из 10000

Сутки 6091
Клиент 1 завершил 6091 суток проживания из 10000

Сутки 6092
Клиент 1 завершил 6092 суток проживания из 10000

Сутки 6093
Клиент 1 завершил 6093 суток проживания из 10000

Сутки 6094
Клиент 1 завершил 6094 суток проживания из 10000

Сутки 6095
Клиент 1 завершил 6095 суток проживания из 10000

Сутки 6096
Клиент 1 завершил 6096 суток проживания из 10000

Сутки 6097
Клиент 1 завершил 6097 суток проживания из 10000

Сутки 6098
Клиент 1 завершил 6098 суток проживания из 10000

Сутки 6099
Клиент 1 завершил 6099 суток проживания из 10000

Сутки 6100
Клиент 1 завершил 6100 суток проживания из 10000

Сутки 6101
Клиент 1 завершил 6101 суток проживания из 10000

Сутки 6102
Клиент 1 завершил 6102 суток проживания из 10000

Сутки 6103
Клиент 1 завершил 6103 суток проживания из 10000

Сутки 6104
Клиент 1 завершил 6104 суток проживания из 10000

Сутки 6105
Клиент 1 завершил 6105 суток проживания из 10000

Сутки 6106
Клиент 1 завершил 6106 суток проживания из 10000

Сутки 6107
Клиент 1 завершил 6107 суток проживания из 10000

Сутки 6108
Клиент 1 завершил 6108 суток проживания из 10000

Сутки 6109
Клиент 1 завершил 6109 суток проживания из 10000

Сутки 6110
Клиент 1 завершил 6110 суток проживания из 10000

Сутки 6111
Клиент 1 завершил 6111 суток проживания из 10000

Сутки 6112
Клиент 1 завершил 6112 суток проживания из 10000

Сутки 6113
Клиент 1 завершил 6113 суток проживания из 10000

Сутки 6114
Клиент 1 завершил 6114 суток проживания из 10000

Сутки 6115
Клиент 1 завершил 6115 суток проживания из 10000

Сутки 6116
Клиент 1 завершил 6116 суток проживания из 10000

Сутки 6117
Клиент 1 завершил 6117 суток проживания из 10000

Сутки 6118
Клиент 1 завершил 6118 суток проживания из 10000

Сутки 6119
Клиент 1 завершил 6119 суток проживания из 10000

Сутки 6120
Клиент 1 завершил 6120 суток проживания из 10000

Сутки 6121
Клиент 1 завершил 6121 суток проживания из 10000

Сутки 6122
Клиент 1 завершил 6122 суток проживания из 10000

Сутки 6123
Клиент 1 завершил 6123 суток проживания из 10000

Сутки 6124
Клиент 1 завершил 6124 суток проживания из 10000

Сутки 6125
Клиент 1 завершил 6125 суток проживания из 10000

Сутки 6126
Клиент 1 завершил 6126 суток проживания из 10000

Сутки 6127
Клиент 1 завершил 6127 суток проживания из 10000

Сутки 6128
Клиент 1 завершил 6128 суток проживания из 10000

Сутки 6129
Клиент 1 завершил 6129 суток проживания из 10000

Сутки 6130
Клиент 1 завершил 6130 суток проживания из 10000

Сутки 6131
Клиент 1 завершил 6131 суток проживания из 10000

Сутки 6132
Клиент 1 завершил 6132 суток проживания из 10000

Сутки 6133
Клиент 1 завершил 6133 суток проживания из 10000

Сутки 6134
Клиент 1 завершил 6134 суток проживания из 10000

Сутки 6135
Клиент 1 завершил 6135 суток проживания из 10000

Сутки 6136
Клиент 1 завершил 6136 суток проживания из 10000

Сутки 6137
Клиент 1 завершил 6137 суток проживания из 10000

Сутки 6138
Клиент 1 завершил 6138 суток проживания из 10000

Сутки 6139
Клиент 1 завершил 6139 суток проживания из 10000

Сутки 6140
Клиент 1 завершил 6140 суток проживания из 10000

Сутки 6141
Клиент 1 завершил 6141 суток проживания из 10000

Сутки 6142
Клиент 1 завершил 6142 суток проживания из 10000

Сутки 6143
Клиент 1 завершил 6143 суток проживания из 10000

Сутки 6144
Клиент 1 завершил 6144 суток проживания из 10000

Сутки 6145
Клиент 1 завершил 6145 суток проживания из 10000

Сутки 6146
Клиент 1 завершил 6146 суток проживания из 10000

Сутки 6147
Клиент 1 завершил 6147 суток проживания из 10000

Сутки 6148
Клиент 1 завершил 6148 суток проживания из 10000

Сутки 6149
Клиент 1 завершил 6149 суток проживания из 10000

Сутки 6150
Клиент 1 завершил 6150 суток проживания из 10000

Сутки 6151
Клиент 1 завершил 6151 суток проживания из 10000

Сутки 6152
Клиент 1 завершил 6152 суток проживания из 10000

Сутки 6153
Клиент 1 завершил 6153 суток проживания из 10000

Сутки 6154
Клиент 1 завершил 6154 суток проживания из 10000

Сутки 6155
Клиент 1 завершил 6155 суток проживания из 10000

Сутки 6156
Клиент 1 завершил 6156 суток проживания из 10000

Сутки 6157
Клиент 1 завершил 6157 суток проживания из 10000

Сутки 6158
Клиент 1 завершил 6158 суток проживания из 10000

Сутки 6159
Клиент 1 завершил 6159 суток проживания из 10000

Сутки 6160
Клиент 1 завершил 6160 суток проживания из 10000

Сутки 6161
Клиент 1 завершил 6161 суток проживания из 10000

Сутки 6162
Клиент 1 завершил 6162 суток проживания из 10000

Сутки 6163
Клиент 1 завершил 6163 суток проживания из 10000

Сутки 6164
Клиент 1 завершил 6164 суток проживания из 10000

Сутки 6165
Клиент 1 завершил 6165 суток проживания из 10000

Сутки 6166
Клиент 1 завершил 6166 суток проживания из 10000

Сутки 6167
Клиент 1 завершил 6167 суток проживания из 10000

Сутки 6168
Клиент 1 завершил 6168 суток проживания из 10000

Сутки 6169
Клиент 1 завершил 6169 суток проживания из 10000

Сутки 6170
Клиент 1 завершил 6170 суток проживания из 10000

Сутки 6171
Клиент 1 завершил 6171 суток проживания из 10000

Сутки 6172
Клиент 1 завершил 6172 суток проживания из 10000

Сутки 6173
Клиент 1 завершил 6173 суток проживания из 10000

Сутки 6174
Клиент 1 завершил 6174 суток проживания из 10000

Сутки 6175
Клиент 1 завершил 6175 суток проживания из 10000

Сутки 6176
Клиент 1 завершил 6176 суток проживания из 10000

Сутки 6177
Клиент 1 завершил 6177 суток проживания из 10000

Сутки 6178
Клиент 1 завершил 6178 суток проживания из 10000

Сутки 6179
Клиент 1 завершил 6179 суток проживания из 10000

Сутки 6180
Клиент 1 завершил 6180 суток проживания из 10000

Сутки 6181
Клиент 1 завершил 6181 суток проживания из 10000

Сутки 6182
Клиент 1 завершил 6182 суток проживания из 10000

Сутки 6183
Клиент 1 завершил 6183 суток проживания из 10000

Сутки 6184
Клиент 1 завершил 6184 суток проживания из 10000

Сутки 6185
Клиент 1 завершил 6185 суток проживания из 10000

Сутки 6186
Клиент 1 завершил 6186 суток проживания из 10000

Сутки 6187
Клиент 1 завершил 6187 суток проживания из 10000

Сутки 6188
Клиент 1 завершил 6188 суток проживания из 10000

Сутки 6189
Клиент 1 завершил 6189 суток проживания из 10000

Сутки 6190
Клиент 1 завершил 6190 суток проживания из 10000

Сутки 6191
Клиент 1 завершил 6191 суток проживания из 10000

Сутки 6192
Клиент 1 завершил 6192 суток проживания из 10000

Сутки 6193
Клиент 1 завершил 6193 суток проживания из 10000

Сутки 6194
Клиент 1 завершил 6194 суток проживания из 10000

Сутки 6195
Клиент 1 завершил 6195 суток проживания из 10000

Сутки 6196
Клиент 1 завершил 6196 суток проживания из 10000

Сутки 6197
Клиент 1 завершил 6197 суток проживания из 10000

Сутки 6198
Клиент 1 завершил 6198 суток проживания из 10000

Сутки 6199
Клиент 1 завершил 6199 суток проживания из 10000

Сутки 6200
Клиент 1 завершил 6200 суток проживания из 10000

Сутки 6201
Клиент 1 завершил 6201 суток проживания из 10000

Сутки 6202
Клиент 1 завершил 6202 суток проживания из 10000

Сутки 6203
Клиент 1 завершил 6203 суток проживания из 10000

Сутки 6204
Клиент 1 завершил 6204 суток проживания из 10000

Сутки 6205
Клиент 1 завершил 6205 суток проживания из 10000

Сутки 6206
Клиент 1 завершил 6206 суток проживания из 10000

Сутки 6207
Клиент 1 завершил 6207 суток проживания из 10000

Сутки 6208
Клиент 1 завершил 6208 суток проживания из 10000

Сутки 6209
Клиент 1 завершил 6209 суток проживания из 10000

Сутки 6210
Клиент 1 завершил 6210 суток проживания из 10000

Сутки 6211
Клиент 1 завершил 6211 суток проживания из 10000

Сутки 6212
Клиент 1 завершил 6212 суток проживания из 10000

Сутки 6213
Клиент 1 завершил 6213 суток проживания из 10000

Сутки 6214
Клиент 1 завершил 6214 суток проживания из 10000

Сутки 6215
Клиент 1 завершил 6215 суток проживания из 10000

Сутки 6216
Клиент 1 завершил 6216 суток проживания из 10000

Сутки 6217
Клиент 1 завершил 6217 суток проживания из 10000

Сутки 6218
Клиент 1 завершил 6218 суток проживания из 10000

Сутки 6219
Клиент 1 завершил 6219 суток проживания из 10000

Сутки 6220
Клиент 1 завершил 6220 суток проживания из 10000

Сутки 6221
Клиент 1 завершил 6221 суток проживания из 10000

Сутки 6222
Клиент 1 завершил 6222 суток проживания из 10000

Сутки 6223
Клиент 1 завершил 6223 суток проживания из 10000

Сутки 6224
Клиент 1 завершил 6224 суток проживания из 10000

Сутки 6225
Клиент 1 завершил 6225 суток проживания из 10000

Сутки 6226
Клиент 1 завершил 6226 суток проживания из 10000

Сутки 6227
Клиент 1 завершил 6227 суток проживания из 10000

Сутки 6228
Клиент 1 завершил 6228 суток проживания из 10000

Сутки 6229
Клиент 1 завершил 6229 суток проживания из 10000

Сутки 6230
Клиент 1 завершил 6230 суток проживания из 10000

Сутки 6231
Клиент 1 завершил 6231 суток проживания из 10000

Сутки 6232
Клиент 1 завершил 6232 суток проживания из 10000

Сутки 6233
Клиент 1 завершил 6233 суток проживания из 10000

Сутки 6234
Клиент 1 завершил 6234 суток проживания из 10000

Сутки 6235
Клиент 1 завершил 6235 суток проживания из 10000

Сутки 6236
Клиент 1 завершил 6236 суток проживания из 10000

Сутки 6237
Клиент 1 завершил 6237 суток проживания из 10000

Сутки 6238
Клиент 1 завершил 6238 суток проживания из 10000

Сутки 6239
Клиент 1 завершил 6239 суток проживания из 10000

Сутки 6240
Клиент 1 завершил 6240 суток проживания из 10000

Сутки 6241
Клиент 1 завершил 6241 суток проживания из 10000

Сутки 6242
Клиент 1 завершил 6242 суток проживания из 10000

Сутки 6243
Клиент 1 завершил 6243 суток проживания из 10000

Сутки 6244
Клиент 1 завершил 6244 суток проживания из 10000

Сутки 6245
Клиент 1 завершил 6245 суток проживания из 10000

Сутки 6246
Клиент 1 завершил 6246 суток проживания из 10000

Сутки 6247
Клиент 1 завершил 6247 суток проживания из 10000

Сутки 6248
Клиент 1 завершил 6248 суток проживания из 10000

Сутки 6249
Клиент 1 завершил 6249 суток проживания из 10000

Сутки 6250
Клиент 1 завершил 6250 суток проживания из 10000

Сутки 6251
Клиент 1 завершил 6251 суток проживания из 10000

Сутки 6252
Клиент 1 завершил 6252 суток проживания из 10000

Сутки 6253
Клиент 1 завершил 6253 суток проживания из 10000

Сутки 6254
Клиент 1 завершил 6254 суток проживания из 10000

Сутки 6255
Клиент 1 завершил 6255 суток проживания из 10000

Сутки 6256
Клиент 1 завершил 6256 суток проживания из 10000

Сутки 6257
Клиент 1 завершил 6257 суток проживания из 10000

Сутки 6258
Клиент 1 завершил 6258 суток проживания из 10000

Сутки 6259
Клиент 1 завершил 6259 суток проживания из 10000

Сутки 6260
Клиент 1 завершил 6260 суток проживания из 10000

Сутки 6261
Клиент 1 завершил 6261 суток проживания из 10000

Сутки 6262
Клиент 1 завершил 6262 суток проживания из 10000

Сутки 6263
Клиент 1 завершил 6263 суток проживания из 10000

Сутки 6264
Клиент 1 завершил 6264 суток проживания из 10000

Сутки 6265
Клиент 1 завершил 6265 суток проживания из 10000

Сутки 6266
Клиент 1 завершил 6266 суток проживания из 10000

Сутки 6267
Клиент 1 завершил 6267 суток проживания из 10000

Сутки 6268
Клиент 1 завершил 6268 суток проживания из 10000

Сутки 6269
Клиент 1 завершил 6269 суток проживания из 10000

Сутки 6270
Клиент 1 завершил 6270 суток проживания из 10000

Сутки 6271
Клиент 1 завершил 6271 суток проживания из 10000

Сутки 6272
Клиент 1 завершил 6272 суток проживания из 10000

Сутки 6273
Клиент 1 завершил 6273 суток проживания из 10000

Сутки 6274
Клиент 1 завершил 6274 суток проживания из 10000

Сутки 6275
Клиент 1 завершил 6275 суток проживания из 10000

Сутки 6276
Клиент 1 завершил 6276 суток проживания из 10000

Сутки 6277
Клиент 1 завершил 6277 суток проживания из 10000

Сутки 6278
Клиент 1 завершил 6278 суток проживания из 10000

Сутки 6279
Клиент 1 завершил 6279 суток проживания из 10000

Сутки 6280
Клиент 1 завершил 6280 суток проживания из 10000

Сутки 6281
Клиент 1 завершил 6281 суток проживания из 10000

Сутки 6282
Клиент 1 завершил 6282 суток проживания из 10000

Сутки 6283
Клиент 1 завершил 6283 суток проживания из 10000

Сутки 6284
Клиент 1 завершил 6284 суток проживания из 10000

Сутки 6285
Клиент 1 завершил 6285 суток проживания из 10000

Сутки 6286
Клиент 1 завершил 6286 суток проживания из 10000

Сутки 6287
Клиент 1 завершил 6287 суток проживания из 10000

Сутки 6288
Клиент 1 завершил 6288 суток проживания из 10000

Сутки 6289
Клиент 1 завершил 6289 суток проживания из 10000

Сутки 6290
Клиент 1 завершил 6290 суток проживания из 10000

Сутки 6291
Клиент 1 завершил 6291 суток проживания из 10000

Сутки 6292
Клиент 1 завершил 6292 суток проживания из 10000

Сутки 6293
Клиент 1 завершил 6293 суток проживания из 10000

Сутки 6294
Клиент 1 завершил 6294 суток проживания из 10000

Сутки 6295
Клиент 1 завершил 6295 суток проживания из 10000

Сутки 6296
Клиент 1 завершил 6296 суток проживания из 10000

Сутки 6297
Клиент 1 завершил 6297 суток проживания из 10000

Сутки 6298
Клиент 1 завершил 6298 суток проживания из 10000

Сутки 6299
Клиент 1 завершил 6299 суток проживания из 10000

Сутки 6300
Клиент 1 завершил 6300 суток проживания из 10000

Сутки 6301
Клиент 1 завершил 6301 суток проживания из 10000

Сутки 6302
Клиент 1 завершил 6302 суток проживания из 10000

Сутки 6303
Клиент 1 завершил 6303 суток проживания из 10000

Сутки 6304
Клиент 1 завершил 6304 суток проживания из 10000

Сутки 6305
Клиент 1 завершил 6305 суток проживания из 10000

Сутки 6306
Клиент 1 завершил 6306 суток проживания из 10000

Сутки 6307
Клиент 1 завершил 6307 суток проживания из 10000

Сутки 6308
Клиент 1 завершил 6308 суток проживания из 10000

Сутки 6309
Клиент 1 завершил 6309 суток проживания из 10000

Сутки 6310
Клиент 1 завершил 6310 суток проживания из 10000

Сутки 6311
Клиент 1 завершил 6311 суток проживания из 10000

Сутки 6312
Клиент 1 завершил 6312 суток проживания из 10000

Сутки 6313
Клиент 1 завершил 6313 суток проживания из 10000

Сутки 6314
Клиент 1 завершил 6314 суток проживания из 10000

Сутки 6315
Клиент 1 завершил 6315 суток проживания из 10000

Сутки 6316
Клиент 1 завершил 6316 суток проживания из 10000

Сутки 6317
Клиент 1 завершил 6317 суток проживания из 10000

Сутки 6318
Клиент 1 завершил 6318 суток проживания из 10000

Сутки 6319
Клиент 1 завершил 6319 суток проживания из 10000

Сутки 6320
Клиент 1 завершил 6320 суток проживания из 10000

Сутки 6321
Клиент 1 завершил 6321 суток проживания из 10000

Сутки 6322
Клиент 1 завершил 6322 суток проживания из 10000

Сутки 6323
Клиент 1 завершил 6323 суток проживания из 10000

Сутки 6324
Клиент 1 завершил 6324 суток проживания из 10000

Сутки 6325
Клиент 1 завершил 6325 суток проживания из 10000

Сутки 6326
Клиент 1 завершил 6326 суток проживания из 10000

Сутки 6327
Клиент 1 завершил 6327 суток проживания из 10000

Сутки 6328
Клиент 1 завершил 6328 суток проживания из 10000

Сутки 6329
Клиент 1 завершил 6329 суток проживания из 10000

Сутки 6330
Клиент 1 завершил 6330 суток проживания из 10000

Сутки 6331
Клиент 1 завершил 6331 суток проживания из 10000

Сутки 6332
Клиент 1 завершил 6332 суток проживания из 10000

Сутки 6333
Клиент 1 завершил 6333 суток проживания из 10000

Сутки 6334
Клиент 1 завершил 6334 суток проживания из 10000

Сутки 6335
Клиент 1 завершил 6335 суток проживания из 10000

Сутки 6336
Клиент 1 завершил 6336 суток проживания из 10000

Сутки 6337
Клиент 1 завершил 6337 суток проживания из 10000

Сутки 6338
Клиент 1 завершил 6338 суток проживания из 10000

Сутки 6339
Клиент 1 завершил 6339 суток проживания из 10000

Сутки 6340
Клиент 1 завершил 6340 суток проживания из 10000

Сутки 6341
Клиент 1 завершил 6341 суток проживания из 10000

Сутки 6342
Клиент 1 завершил 6342 суток проживания из 10000

Сутки 6343
Клиент 1 завершил 6343 суток проживания из 10000

Сутки 6344
Клиент 1 завершил 6344 суток проживания из 10000

Сутки 6345
Клиент 1 завершил 6345 суток проживания из 10000

Сутки 6346
Клиент 1 завершил 6346 суток проживания из 10000

Сутки 6347
Клиент 1 завершил 6347 суток проживания из 10000

Сутки 6348
Клиент 1 завершил 6348 суток проживания из 10000

Сутки 6349
Клиент 1 завершил 6349 суток проживания из 10000

Сутки 6350
Клиент 1 завершил 6350 суток проживания из 10000

Сутки 6351
Клиент 1 завершил 6351 суток проживания из 10000

Сутки 6352
Клиент 1 завершил 6352 суток проживания из 10000

Сутки 6353
Клиент 1 завершил 6353 суток проживания из 10000

Сутки 6354
Клиент 1 завершил 6354 суток проживания из 10000

Сутки 6355
Клиент 1 завершил 6355 суток проживания из 10000

Сутки 6356
Клиент 1 завершил 6356 суток проживания из 10000

Сутки 6357
Клиент 1 завершил 6357 суток проживания из 10000

Сутки 6358
Клиент 1 завершил 6358 суток проживания из 10000

Сутки 6359
Клиент 1 завершил 6359 суток проживания из 10000

Сутки 6360
Клиент 1 завершил 6360 суток проживания из 10000

Сутки 6361
Клиент 1 завершил 6361 суток проживания из 10000

Сутки 6362
Клиент 1 завершил 6362 суток проживания из 10000

Сутки 6363
Клиент 1 завершил 6363 суток проживания из 10000

Сутки 6364
Клиент 1 завершил 6364 суток проживания из 10000

Сутки 6365
Клиент 1 завершил 6365 суток проживания из 10000

Сутки 6366
Клиент 1 завершил 6366 суток проживания из 10000

Сутки 6367
Клиент 1 завершил 6367 суток проживания из 10000

Сутки 6368
Клиент 1 завершил 6368 суток проживания из 10000

Сутки 6369
Клиент 1 завершил 6369 суток проживания из 10000

Сутки 6370
Клиент 1 завершил 6370 суток проживания из 10000

Сутки 6371
Клиент 1 завершил 6371 суток проживания из 10000

Сутки 6372
Клиент 1 завершил 6372 суток проживания из 10000

Сутки 6373
Клиент 1 завершил 6373 суток проживания из 10000

Сутки 6374
Клиент 1 завершил 6374 суток проживания из 10000

Сутки 6375
Клиент 1 завершил 6375 суток проживания из 10000

Сутки 6376
Клиент 1 завершил 6376 суток проживания из 10000

Сутки 6377
Клиент 1 завершил 6377 суток проживания из 10000

Сутки 6378
Клиент 1 завершил 6378 суток проживания из 10000

Сутки 6379
Клиент 1 завершил 6379 суток проживания из 10000

Сутки 6380
Клиент 1 завершил 6380 суток проживания из 10000

Сутки 6381
Клиент 1 завершил 6381 суток проживания из 10000

Сутки 6382
Клиент 1 завершил 6382 суток проживания из 10000

Сутки 6383
Клиент 1 завершил 6383 суток проживания из 10000

Сутки 6384
Клиент 1 завершил 6384 суток проживания из 10000

Сутки 6385
Клиент 1 завершил 6385 суток проживания из 10000

Сутки 6386
Клиент 1 завершил 6386 суток проживания из 10000

Сутки 6387
Клиент 1 завершил 6387 суток проживания из 10000

Сутки 6388
Клиент 1 завершил 6388 суток проживания из 10000

Сутки 6389
Клиент 1 завершил 6389 суток проживания из 10000

Сутки 6390
Клиент 1 завершил 6390 суток проживания из 10000

Сутки 6391
Клиент 1 завершил 6391 суток проживания из 10000

Сутки 6392
Клиент 1 завершил 6392 суток проживания из 10000

Сутки 6393
Клиент 1 завершил 6393 суток проживания из 10000

Сутки 6394
Клиент 1 завершил 6394 суток проживания из 10000

Сутки 6395
Клиент 1 завершил 6395 суток проживания из 10000

Сутки 6396
Клиент 1 завершил 6396 суток проживания из 10000

Сутки 6397
Клиент 1 завершил 6397 суток проживания из 10000

Сутки 6398
Клиент 1 завершил 6398 суток проживания из 10000

Сутки 6399
Клиент 1 завершил 6399 суток проживания из 10000

Сутки 6400
Клиент 1 завершил 6400 суток проживания из 10000

Сутки 6401
Клиент 1 завершил 6401 суток проживания из 10000

Сутки 6402
Клиент 1 завершил 6402 суток проживания из 10000

Сутки 6403
Клиент 1 завершил 6403 суток проживания из 10000

Сутки 6404
Клиент 1 завершил 6404 суток проживания из 10000

Сутки 6405
Клиент 1 завершил 6405 суток проживания из 10000

Сутки 6406
Клиент 1 завершил 6406 суток проживания из 10000

Сутки 6407
Клиент 1 завершил 6407 суток проживания из 10000

Сутки 6408
Клиент 1 завершил 6408 суток проживания из 10000

Сутки 6409
Клиент 1 завершил 6409 суток проживания из 10000

Сутки 6410
Клиент 1 завершил 6410 суток проживания из 10000

Сутки 6411
Клиент 1 завершил 6411 суток проживания из 10000

Сутки 6412
Клиент 1 завершил 6412 суток проживания из 10000

Сутки 6413
Клиент 1 завершил 6413 суток проживания из 10000

Сутки 6414
Клиент 1 завершил 6414 суток проживания из 10000

Сутки 6415
Клиент 1 завершил 6415 суток проживания из 10000

Сутки 6416
Клиент 1 завершил 6416 суток проживания из 10000

Сутки 6417
Клиент 1 завершил 6417 суток проживания из 10000

Сутки 6418
Клиент 1 завершил 6418 суток проживания из 10000

Сутки 6419
Клиент 1 завершил 6419 суток проживания из 10000

Сутки 6420
Клиент 1 завершил 6420 суток проживания из 10000

Сутки 6421
Клиент 1 завершил 6421 суток проживания из 10000

Сутки 6422
Клиент 1 завершил 6422 суток проживания из 10000

Сутки 6423
Клиент 1 завершил 6423 суток проживания из 10000

Сутки 6424
Клиент 1 завершил 6424 суток проживания из 10000

Сутки 6425
Клиент 1 завершил 6425 суток проживания из 10000

Сутки 6426
Клиент 1 завершил 6426 суток проживания из 10000

Сутки 6427
Клиент 1 завершил 6427 суток проживания из 10000

Сутки 6428
Клиент 1 завершил 6428 суток проживания из 10000

Сутки 6429
Клиент 1 завершил 6429 суток проживания из 10000

Сутки 6430
Клиент 1 завершил 6430 суток проживания из 10000

Сутки 6431
Клиент 1 завершил 6431 суток проживания из 10000

Сутки 6432
Клиент 1 завершил 6432 суток проживания из 10000

Сутки 6433
Клиент 1 завершил 6433 суток проживания из 10000

Сутки 6434
Клиент 1 завершил 6434 суток проживания из 10000

Сутки 6435
Клиент 1 завершил 6435 суток проживания из 10000

Сутки 6436
Клиент 1 завершил 6436 суток проживания из 10000

Сутки 6437
Клиент 1 завершил 6437 суток проживания из 10000

Сутки 6438
Клиент 1 завершил 6438 суток проживания из 10000

Сутки 6439
Клиент 1 завершил 6439 суток проживания из 10000

Сутки 6440
Клиент 1 завершил 6440 суток проживания из 10000

Сутки 6441
Клиент 1 завершил 6441 суток проживания из 10000

Сутки 6442
Клиент 1 завершил 6442 суток проживания из 10000

Сутки 6443
Клиент 1 завершил 6443 суток проживания из 10000

Сутки 6444
Клиент 1 завершил 6444 суток проживания из 10000

Сутки 6445
Клиент 1 завершил 6445 суток проживания из 10000

Сутки 6446
Клиент 1 завершил 6446 суток проживания из 10000

Сутки 6447
Клиент 1 завершил 6447 суток проживания из 10000

Сутки 6448
Клиент 1 завершил 6448 суток проживания из 10000

Сутки 6449
Клиент 1 завершил 6449 суток проживания из 10000

Сутки 6450
Клиент 1 завершил 6450 суток проживания из 10000

Сутки 6451
Клиент 1 завершил 6451 суток проживания из 10000

Сутки 6452
Клиент 1 завершил 6452 суток проживания из 10000

Сутки 6453
Клиент 1 завершил 6453 суток проживания из 10000

Сутки 6454
Клиент 1 завершил 6454 суток проживания из 10000

Сутки 6455
Клиент 1 завершил 6455 суток проживания из 10000

Сутки 6456
Клиент 1 завершил 6456 суток проживания из 10000

Сутки 6457
Клиент 1 завершил 6457 суток проживания из 10000

Сутки 6458
Клиент 1 завершил 6458 суток проживания из 10000

Сутки 6459
Клиент 1 завершил 6459 суток проживания из 10000

Сутки 6460
Клиент 1 завершил 6460 суток проживания из 10000

Сутки 6461
Клиент 1 завершил 6461 суток проживания из 10000

Сутки 6462
Клиент 1 завершил 6462 суток проживания из 10000

Сутки 6463
Клиент 1 завершил 6463 суток проживания из 10000

Сутки 6464
Клиент 1 завершил 6464 суток проживания из 10000

Сутки 6465
Клиент 1 завершил 6465 суток проживания из 10000

Сутки 6466
Клиент 1 завершил 6466 суток проживания из 10000

Сутки 6467
Клиент 1 завершил 6467 суток проживания из 10000

Сутки 6468
Клиент 1 завершил 6468 суток проживания из 10000

Сутки 6469
Клиент 1 завершил 6469 суток проживания из 10000

Сутки 6470
Клиент 1 завершил 6470 суток проживания из 10000

Сутки 6471
Клиент 1 завершил 6471 суток проживания из 10000

Сутки 6472
Клиент 1 завершил 6472 суток проживания из 10000

Сутки 6473
Клиент 1 завершил 6473 суток проживания из 10000

Сутки 6474
Клиент 1 завершил 6474 суток проживания из 10000

Сутки 6475
Клиент 1 завершил 6475 суток проживания из 10000

Сутки 6476
Клиент 1 завершил 6476 суток проживания из 10000

Сутки 6477
Клиент 1 завершил 6477 суток проживания из 10000

Сутки 6478
Клиент 1 завершил 6478 суток проживания из 10000

Сутки 6479
Клиент 1 завершил 6479 суток проживания из 10000

Сутки 6480
Клиент 1 завершил 6480 суток проживания из 10000

Сутки 6481
Клиент 1 завершил 6481 суток проживания из 10000

Сутки 6482
Клиент 1 завершил 6482 суток проживания из 10000

Сутки 6483
Клиент 1 завершил 6483 суток проживания из 10000

Сутки 6484
Клиент 1 завершил 6484 суток проживания из 10000

Сутки 6485
Клиент 1 завершил 6485 суток проживания из 10000

Сутки 6486
Клиент 1 завершил 6486 суток проживания из 10000

Сутки 6487
Клиент 1 завершил 6487 суток проживания из 10000

Сутки 6488
Клиент 1 завершил 6488 суток проживания из 10000

Сутки 6489
Клиент 1 завершил 6489 суток проживания из 10000

Сутки 6490
Клиент 1 завершил 6490 суток проживания из 10000

Сутки 6491
Клиент 1 завершил 6491 суток проживания из 10000

Сутки 6492
Клиент 1 завершил 6492 суток проживания из 10000

Сутки 6493
Клиент 1 завершил 6493 суток проживания из 10000

Сутки 6494
Клиент 1 завершил 6494 суток проживания из 10000

Сутки 6495
Клиент 1 завершил 6495 суток проживания из 10000

Сутки 6496
Клиент 1 завершил 6496 суток проживания из 10000

Сутки 6497
Клиент 1 завершил 6497 суток проживания из 10000

Сутки 6498
Клиент 1 завершил 6498 суток проживания из 10000

Сутки 6499
Клиент 1 завершил 6499 суток проживания из 10000

Сутки 6500
Клиент 1 завершил 6500 суток проживания из 10000

Сутки 6501
Клиент 1 завершил 6501 суток проживания из 10000

Сутки 6502
Клиент 1 завершил 6502 суток проживания из 10000

Сутки 6503
Клиент 1 завершил 6503 суток проживания из 10000

Сутки 6504
Клиент 1 завершил 6504 суток проживания из 10000

Сутки 6505
Клиент 1 завершил 6505 суток проживания из 10000

Сутки 6506
Клиент 1 завершил 6506 суток проживания из 10000

Сутки 6507
Клиент 1 завершил 6507 суток проживания из 10000

Сутки 6508
Клиент 1 завершил 6508 суток проживания из 10000

Сутки 6509
Клиент 1 завершил 6509 суток проживания из 10000

Сутки 6510
Клиент 1 завершил 6510 суток проживания из 10000

Сутки 6511
Клиент 1 завершил 6511 суток проживания из 10000

Сутки 6512
Клиент 1 завершил 6512 суток проживания из 10000

Сутки 6513
Клиент 1 завершил 6513 суток проживания из 10000

Сутки 6514
Клиент 1 завершил 6514 суток проживания из 10000

Сутки 6515
Клиент 1 завершил 6515 суток проживания из 10000

Сутки 6516
Клиент 1 завершил 6516 суток проживания из 10000

Сутки 6517
Клиент 1 завершил 6517 суток проживания из 10000

Сутки 6518
Клиент 1 завершил 6518 суток проживания из 10000

Сутки 6519
Клиент 1 завершил 6519 суток проживания из 10000

Сутки 6520
Клиент 1 завершил 6520 суток проживания из 10000

Сутки 6521
Клиент 1 завершил 6521 суток проживания из 10000

Сутки 6522
Клиент 1 завершил 6522 суток проживания из 10000

Сутки 6523
Клиент 1 завершил 6523 суток проживания из 10000

Сутки 6524
Клиент 1 завершил 6524 суток проживания из 10000

Сутки 6525
Клиент 1 завершил 6525 суток проживания из 10000

Сутки 6526
Клиент 1 завершил 6526 суток проживания из 10000

Сутки 6527
Клиент 1 завершил 6527 суток проживания из 10000

Сутки 6528
Клиент 1 завершил 6528 суток проживания из 10000

Сутки 6529
Клиент 1 завершил 6529 суток проживания из 10000

Сутки 6530
Клиент 1 завершил 6530 суток проживания из 10000

Сутки 6531
Клиент 1 завершил 6531 суток проживания из 10000

Сутки 6532
Клиент 1 завершил 6532 суток проживания из 10000

Сутки 6533
Клиент 1 завершил 6533 суток проживания из 10000

Сутки 6534
Клиент 1 завершил 6534 суток проживания из 10000

Сутки 6535
Клиент 1 завершил 6535 суток проживания из 10000

Сутки 6536
Клиент 1 завершил 6536 суток проживания из 10000

Сутки 6537
Клиент 1 завершил 6537 суток проживания из 10000

Сутки 6538
Клиент 1 завершил 6538 суток проживания из 10000

Сутки 6539
Клиент 1 завершил 6539 суток проживания из 10000

Сутки 6540
Клиент 1 завершил 6540 суток проживания из 10000

Сутки 6541
Клиент 1 завершил 6541 суток проживания из 10000

Сутки 6542
Клиент 1 завершил 6542 суток проживания из 10000

Сутки 6543
Клиент 1 завершил 6543 суток проживания из 10000

Сутки 6544
Клиент 1 завершил 6544 суток проживания из 10000

Сутки 6545
Клиент 1 завершил 6545 суток проживания из 10000

Сутки 6546
Клиент 1 завершил 6546 суток проживания из 10000

Сутки 6547
Клиент 1 завершил 6547 суток проживания из 10000

Сутки 6548
Клиент 1 завершил 6548 суток проживания из 10000

Сутки 6549
Клиент 1 завершил 6549 суток проживания из 10000

Сутки 6550
Клиент 1 завершил 6550 суток проживания из 10000

Сутки 6551
Клиент 1 завершил 6551 суток проживания из 10000

Сутки 6552
Клиент 1 завершил 6552 суток проживания из 10000

Сутки 6553
Клиент 1 завершил 6553 суток проживания из 10000

Сутки 6554
Клиент 1 завершил 6554 суток проживания из 10000

Сутки 6555
Клиент 1 завершил 6555 суток проживания из 10000

Сутки 6556
Клиент 1 завершил 6556 суток проживания из 10000

Сутки 6557
Клиент 1 завершил 6557 суток проживания из 10000

Сутки 6558
Клиент 1 завершил 6558 суток проживания из 10000

Сутки 6559
Клиент 1 завершил 6559 суток проживания из 10000

Сутки 6560
Клиент 1 завершил 6560 суток проживания из 10000

Сутки 6561
Клиент 1 завершил 6561 суток проживания из 10000

Сутки 6562
Клиент 1 завершил 6562 суток проживания из 10000

Сутки 6563
Клиент 1 завершил 6563 суток проживания из 10000

Сутки 6564
Клиент 1 завершил 6564 суток проживания из 10000

Сутки 6565
Клиент 1 завершил 6565 суток проживания из 10000

Сутки 6566
Клиент 1 завершил 6566 суток проживания из 10000

Сутки 6567
Клиент 1 завершил 6567 суток проживания из 10000

Сутки 6568
Клиент 1 завершил 6568 суток проживания из 10000

Сутки 6569
Клиент 1 завершил 6569 суток проживания из 10000

Сутки 6570
Клиент 1 завершил 6570 суток проживания из 10000

Сутки 6571
Клиент 1 завершил 6571 суток проживания из 10000

Сутки 6572
Клиент 1 завершил 6572 суток проживания из 10000

Сутки 6573
Клиент 1 завершил 6573 суток проживания из 10000

Сутки 6574
Клиент 1 завершил 6574 суток проживания из 10000

Сутки 6575
Клиент 1 завершил 6575 суток проживания из 10000

Сутки 6576
Клиент 1 завершил 6576 суток проживания из 10000

Сутки 6577
Клиент 1 завершил 6577 суток проживания из 10000

Сутки 6578
Клиент 1 завершил 6578 суток проживания из 10000

Сутки 6579
Клиент 1 завершил 6579 суток проживания из 10000

Сутки 6580
Клиент 1 завершил 6580 суток проживания из 10000

Сутки 6581
Клиент 1 завершил 6581 суток проживания из 10000

Сутки 6582
Клиент 1 завершил 6582 суток проживания из 10000

Сутки 6583
Клиент 1 завершил 6583 суток проживания из 10000

Сутки 6584
Клиент 1 завершил 6584 суток проживания из 10000

Сутки 6585
Клиент 1 завершил 6585 суток проживания из 10000

Сутки 6586
Клиент 1 завершил 6586 суток проживания из 10000

Сутки 6587
Клиент 1 завершил 6587 суток проживания из 10000

Сутки 6588
Клиент 1 завершил 6588 суток проживания из 10000

Сутки 6589
Клиент 1 завершил 6589 суток проживания из 10000

Сутки 6590
Клиент 1 завершил 6590 суток проживания из 10000

Сутки 6591
Клиент 1 завершил 6591 суток проживания из 10000

Сутки 6592
Клиент 1 завершил 6592 суток проживания из 10000

Сутки 6593
Клиент 1 завершил 6593 суток проживания из 10000

Сутки 6594
Клиент 1 завершил 6594 суток проживания из 10000

Сутки 6595
Клиент 1 завершил 6595 суток проживания из 10000

Сутки 6596
Клиент 1 завершил 6596 суток проживания из 10000

Сутки 6597
Клиент 1 завершил 6597 суток проживания из 10000

Сутки 6598
Клиент 1 завершил 6598 суток проживания из 10000

Сутки 6599
Клиент 1 завершил 6599 суток проживания из 10000

Сутки 6600
Клиент 1 завершил 6600 суток проживания из 10000

Сутки 6601
Клиент 1 завершил 6601 суток проживания из 10000

Сутки 6602
Клиент 1 завершил 6602 суток проживания из 10000

Сутки 6603
Клиент 1 завершил 6603 суток проживания из 10000

Сутки 6604
Клиент 1 завершил 6604 суток проживания из 10000

Сутки 6605
Клиент 1 завершил 6605 суток проживания из 10000

Сутки 6606
Клиент 1 завершил 6606 суток проживания из 10000

Сутки 6607
Клиент 1 завершил 6607 суток проживания из 10000

Сутки 6608
Клиент 1 завершил 6608 суток проживания из 10000

Сутки 6609
Клиент 1 завершил 6609 суток проживания из 10000

Сутки 6610
Клиент 1 завершил 6610 суток проживания из 10000

Сутки 6611
Клиент 1 завершил 6611 суток проживания из 10000

Сутки 6612
Клиент 1 завершил 6612 суток проживания из 10000

Сутки 6613
Клиент 1 завершил 6613 суток проживания из 10000

Сутки 6614
Клиент 1 завершил 6614 суток проживания из 10000

Сутки 6615
Клиент 1 завершил 6615 суток проживания из 10000

Сутки 6616
Клиент 1 завершил 6616 суток проживания из 10000

Сутки 6617
Клиент 1 завершил 6617 суток проживания из 10000

Сутки 6618
Клиент 1 завершил 6618 суток проживания из 10000

Сутки 6619
Клиент 1 завершил 6619 суток проживания из 10000

Сутки 6620
Клиент 1 завершил 6620 суток проживания из 10000

Сутки 6621
Клиент 1 завершил 6621 суток проживания из 10000

Сутки 6622
Клиент 1 завершил 6622 суток проживания из 10000

Сутки 6623
Клиент 1 завершил 6623 суток проживания из 10000

Сутки 6624
Клиент 1 завершил 6624 суток проживания из 10000

Сутки 6625
Клиент 1 завершил 6625 суток проживания из 10000

Сутки 6626
Клиент 1 завершил 6626 суток проживания из 10000

Сутки 6627
Клиент 1 завершил 6627 суток проживания из 10000

Сутки 6628
Клиент 1 завершил 6628 суток проживания из 10000

Сутки 6629
Клиент 1 завершил 6629 суток проживания из 10000

Сутки 6630
Клиент 1 завершил 6630 суток проживания из 10000

Сутки 6631
Клиент 1 завершил 6631 суток проживания из 10000

Сутки 6632
Клиент 1 завершил 6632 суток проживания из 10000

Сутки 6633
Клиент 1 завершил 6633 суток проживания из 10000

Сутки 6634
Клиент 1 завершил 6634 суток проживания из 10000

Сутки 6635
Клиент 1 завершил 6635 суток проживания из 10000

Сутки 6636
Клиент 1 завершил 6636 суток проживания из 10000

Сутки 6637
Клиент 1 завершил 6637 суток проживания из 10000

Сутки 6638
Клиент 1 завершил 6638 суток проживания из 10000

Сутки 6639
Клиент 1 завершил 6639 суток проживания из 10000

Сутки 6640
Клиент 1 завершил 6640 суток проживания из 10000

Сутки 6641
Клиент 1 завершил 6641 суток проживания из 10000

Сутки 6642
Клиент 1 завершил 6642 суток проживания из 10000

Сутки 6643
Клиент 1 завершил 6643 суток проживания из 10000

Сутки 6644
Клиент 1 завершил 6644 суток проживания из 10000

Сутки 6645
Клиент 1 завершил 6645 суток проживания из 10000

Сутки 6646
Клиент 1 завершил 6646 суток проживания из 10000

Сутки 6647
Клиент 1 завершил 6647 суток проживания из 10000

Сутки 6648
Клиент 1 завершил 6648 суток проживания из 10000

Сутки 6649
Клиент 1 завершил 6649 суток проживания из 10000

Сутки 6650
Клиент 1 завершил 6650 суток проживания из 10000

Сутки 6651
Клиент 1 завершил 6651 суток проживания из 10000

Сутки 6652
Клиент 1 завершил 6652 суток проживания из 10000

Сутки 6653
Клиент 1 завершил 6653 суток проживания из 10000

Сутки 6654
Клиент 1 завершил 6654 суток проживания из 10000

Сутки 6655
Клиент 1 завершил 6655 суток проживания из 10000

Сутки 6656
Клиент 1 завершил 6656 суток проживания из 10000

Сутки 6657
Клиент 1 завершил 6657 суток проживания из 10000

Сутки 6658
Клиент 1 завершил 6658 суток проживания из 10000

Сутки 6659
Клиент 1 завершил 6659 суток проживания из 10000

Сутки 6660
Клиент 1 завершил 6660 суток проживания из 10000

Сутки 6661
Клиент 1 завершил 6661 суток проживания из 10000

Сутки 6662
Клиент 1 завершил 6662 суток проживания из 10000

Сутки 6663
Клиент 1 завершил 6663 суток проживания из 10000

Сутки 6664
Клиент 1 завершил 6664 суток проживания из 10000

Сутки 6665
Клиент 1 завершил 6665 суток проживания из 10000

Сутки 6666
Клиент 1 завершил 6666 суток проживания из 10000

Сутки 6667
Клиент 1 завершил 6667 суток проживания из 10000

Сутки 6668
Клиент 1 завершил 6668 суток проживания из 10000

Сутки 6669
Клиент 1 завершил 6669 суток проживания из 10000

Сутки 6670
Клиент 1 завершил 6670 суток проживания из 10000

Сутки 6671
Клиент 1 завершил 6671 суток проживания из 10000

Сутки 6672
Клиент 1 завершил 6672 суток проживания из 10000

Сутки 6673
Клиент 1 завершил 6673 суток проживания из 10000

Сутки 6674
Клиент 1 завершил 6674 суток проживания из 10000

Сутки 6675
Клиент 1 завершил 6675 суток проживания из 10000

Сутки 6676
Клиент 1 завершил 6676 суток проживания из 10000

Сутки 6677
Клиент 1 завершил 6677 суток проживания из 10000

Сутки 6678
Клиент 1 завершил 6678 суток проживания из 10000

Сутки 6679
Клиент 1 завершил 6679 суток проживания из 10000

Сутки 6680
Клиент 1 завершил 6680 суток проживания из 10000

Сутки 6681
Клиент 1 завершил 6681 суток проживания из 10000

Сутки 6682
Клиент 1 завершил 6682 суток проживания из 10000

Сутки 6683
Клиент 1 завершил 6683 суток проживания из 10000

Сутки 6684
Клиент 1 завершил 6684 суток проживания из 10000

Сутки 6685
Клиент 1 завершил 6685 суток проживания из 10000

Сутки 6686
Клиент 1 завершил 6686 суток проживания из 10000

Сутки 6687
Клиент 1 завершил 6687 суток проживания из 10000

Сутки 6688
Клиент 1 завершил 6688 суток проживания из 10000

Сутки 6689
Клиент 1 завершил 6689 суток проживания из 10000

Сутки 6690
Клиент 1 завершил 6690 суток проживания из 10000

Сутки 6691
Клиент 1 завершил 6691 суток проживания из 10000

Сутки 6692
Клиент 1 завершил 6692 суток проживания из 10000

Сутки 6693
Клиент 1 завершил 6693 суток проживания из 10000

Сутки 6694
Клиент 1 завершил 6694 суток проживания из 10000

Сутки 6695
Клиент 1 завершил 6695 суток проживания из 10000

Сутки 6696
Клиент 1 завершил 6696 суток проживания из 10000

Сутки 6697
Клиент 1 завершил 6697 суток проживания из 10000

Сутки 6698
Клиент 1 завершил 6698 суток проживания из 10000

Сутки 6699
Клиент 1 завершил 6699 суток проживания из 10000

Сутки 6700
Клиент 1 завершил 6700 суток проживания из 10000

Сутки 6701
Клиент 1 завершил 6701 суток проживания из 10000

Сутки 6702
Клиент 1 завершил 6702 суток проживания из 10000

Сутки 6703
Клиент 1 завершил 6703 суток проживания из 10000

Сутки 6704
Клиент 1 завершил 6704 суток проживания из 10000

Сутки 6705
Клиент 1 завершил 6705 суток проживания из 10000

Сутки 6706
Клиент 1 завершил 6706 суток проживания из 10000

Сутки 6707
Клиент 1 завершил 6707 суток проживания из 10000

Сутки 6708
Клиент 1 завершил 6708 суток проживания из 10000

Сутки 6709
Клиент 1 завершил 6709 суток проживания из 10000

Сутки 6710
Клиент 1 завершил 6710 суток проживания из 10000

Сутки 6711
Клиент 1 завершил 6711 суток проживания из 10000

Сутки 6712
Клиент 1 завершил 6712 суток проживания из 10000

Сутки 6713
Клиент 1 завершил 6713 суток проживания из 10000

Сутки 6714
Клиент 1 завершил 6714 суток проживания из 10000

Сутки 6715
Клиент 1 завершил 6715 суток проживания из 10000

Сутки 6716
Клиент 1 завершил 6716 суток проживания из 10000

Сутки 6717
Клиент 1 завершил 6717 суток проживания из 10000

Сутки 6718
Клиент 1 завершил 6718 суток проживания из 10000

Сутки 6719
Клиент 1 завершил 6719 суток проживания из 10000

Сутки 6720
Клиент 1 завершил 6720 суток проживания из 10000

Сутки 6721
Клиент 1 завершил 6721 суток проживания из 10000

Сутки 6722
Клиент 1 завершил 6722 суток проживания из 10000

Сутки 6723
Клиент 1 завершил 6723 суток проживания из 10000

Сутки 6724
Клиент 1 завершил 6724 суток проживания из 10000

Сутки 6725
Клиент 1 завершил 6725 суток проживания из 10000

Сутки 6726
Клиент 1 завершил 6726 суток проживания из 10000

Сутки 6727
Клиент 1 завершил 6727 суток проживания из 10000

Сутки 6728
Клиент 1 завершил 6728 суток проживания из 10000

Сутки 6729
Клиент 1 завершил 6729 суток проживания из 10000

Сутки 6730
Клиент 1 завершил 6730 суток проживания из 10000

Сутки 6731
Клиент 1 завершил 6731 суток проживания из 10000

Сутки 6732
Клиент 1 завершил 6732 суток проживания из 10000

Сутки 6733
Клиент 1 завершил 6733 суток проживания из 10000

Сутки 6734
Клиент 1 завершил 6734 суток проживания из 10000

Сутки 6735
Клиент 1 завершил 6735 суток проживания из 10000

Сутки 6736
Клиент 1 завершил 6736 суток проживания из 10000

Сутки 6737
Клиент 1 завершил 6737 суток проживания из 10000

Сутки 6738
Клиент 1 завершил 6738 суток проживания из 10000

Сутки 6739
Клиент 1 завершил 6739 суток проживания из 10000

Сутки 6740
Клиент 1 завершил 6740 суток проживания из 10000

Сутки 6741
Клиент 1 завершил 6741 суток проживания из 10000

Сутки 6742
Клиент 1 завершил 6742 суток проживания из 10000

Сутки 6743
Клиент 1 завершил 6743 суток проживания из 10000

Сутки 6744
Клиент 1 завершил 6744 суток проживания из 10000

Сутки 6745
Клиент 1 завершил 6745 суток проживания из 10000

Сутки 6746
Клиент 1 завершил 6746 суток проживания из 10000

Сутки 6747
Клиент 1 завершил 6747 суток проживания из 10000

Сутки 6748
Клиент 1 завершил 6748 суток проживания из 10000

Сутки 6749
Клиент 1 завершил 6749 суток проживания из 10000

Сутки 6750
Клиент 1 завершил 6750 суток проживания из 10000

Сутки 6751
Клиент 1 завершил 6751 суток проживания из 10000

Сутки 6752
Клиент 1 завершил 6752 суток проживания из 10000

Сутки 6753
Клиент 1 завершил 6753 суток проживания из 10000

Сутки 6754
Клиент 1 завершил 6754 суток проживания из 10000

Сутки 6755
Клиент 1 завершил 6755 суток проживания из 10000

Сутки 6756
Клиент 1 завершил 6756 суток проживания из 10000

Сутки 6757
Клиент 1 завершил 6757 суток проживания из 10000

Сутки 6758
Клиент 1 завершил 6758 суток проживания из 10000

Сутки 6759
Клиент 1 завершил 6759 суток проживания из 10000

Сутки 6760
Клиент 1 завершил 6760 суток проживания из 10000

Сутки 6761
Клиент 1 завершил 6761 суток проживания из 10000

Сутки 6762
Клиент 1 завершил 6762 суток проживания из 10000

Сутки 6763
Клиент 1 завершил 6763 суток проживания из 10000

Сутки 6764
Клиент 1 завершил 6764 суток проживания из 10000

Сутки 6765
Клиент 1 завершил 6765 суток проживания из 10000

Сутки 6766
Клиент 1 завершил 6766 суток проживания из 10000

Сутки 6767
Клиент 1 завершил 6767 суток проживания из 10000

Сутки 6768
Клиент 1 завершил 6768 суток проживания из 10000

Сутки 6769
Клиент 1 завершил 6769 суток проживания из 10000

Сутки 6770
Клиент 1 завершил 6770 суток проживания из 10000

Сутки 6771
Клиент 1 завершил 6771 суток проживания из 10000

Сутки 6772
Клиент 1 завершил 6772 суток проживания из 10000

Сутки 6773
Клиент 1 завершил 6773 суток проживания из 10000

Сутки 6774
Клиент 1 завершил 6774 суток проживания из 10000

Сутки 6775
Клиент 1 завершил 6775 суток проживания из 10000

Сутки 6776
Клиент 1 завершил 6776 суток проживания из 10000

Сутки 6777
Клиент 1 завершил 6777 суток проживания из 10000

Сутки 6778
Клиент 1 завершил 6778 суток проживания из 10000

Сутки 6779
Клиент 1 завершил 6779 суток проживания из 10000

Сутки 6780
Клиент 1 завершил 6780 суток проживания из 10000

Сутки 6781
Клиент 1 завершил 6781 суток проживания из 10000

Сутки 6782
Клиент 1 завершил 6782 суток проживания из 10000

Сутки 6783
Клиент 1 завершил 6783 суток проживания из 10000

Сутки 6784
Клиент 1 завершил 6784 суток проживания из 10000

Сутки 6785
Клиент 1 завершил 6785 суток проживания из 10000

Сутки 6786
Клиент 1 завершил 6786 суток проживания из 10000

Сутки 6787
Клиент 1 завершил 6787 суток проживания из 10000

Сутки 6788
Клиент 1 завершил 6788 суток проживания из 10000

Сутки 6789
Клиент 1 завершил 6789 суток проживания из 10000

Сутки 6790
Клиент 1 завершил 6790 суток проживания из 10000

Сутки 6791
Клиент 1 завершил 6791 суток проживания из 10000

Сутки 6792
Клиент 1 завершил 6792 суток проживания из 10000

Сутки 6793
Клиент 1 завершил 6793 суток проживания из 10000

Сутки 6794
Клиент 1 завершил 6794 суток проживания из 10000

Сутки 6795
Клиент 1 завершил 6795 суток проживания из 10000

Сутки 6796
Клиент 1 завершил 6796 суток проживания из 10000

Сутки 6797
Клиент 1 завершил 6797 суток проживания из 10000

Сутки 6798
Клиент 1 завершил 6798 суток проживания из 10000

Сутки 6799
Клиент 1 завершил 6799 суток проживания из 10000

Сутки 6800
Клиент 1 завершил 6800 суток проживания из 10000

Сутки 6801
Клиент 1 завершил 6801 суток проживания из 10000

Сутки 6802
Клиент 1 завершил 6802 суток проживания из 10000

Сутки 6803
Клиент 1 завершил 6803 суток проживания из 10000

Сутки 6804
Клиент 1 завершил 6804 суток проживания из 10000

Сутки 6805
Клиент 1 завершил 6805 суток проживания из 10000

Сутки 6806
Клиент 1 завершил 6806 суток проживания из 10000

Сутки 6807
Клиент 1 завершил 6807 суток проживания из 10000

Сутки 6808
Клиент 1 завершил 6808 суток проживания из 10000

Сутки 6809
Клиент 1 завершил 6809 суток проживания из 10000

Сутки 6810
Клиент 1 завершил 6810 суток проживания из 10000

Сутки 6811
Клиент 1 завершил 6811 суток проживания из 10000

Сутки 6812
Клиент 1 завершил 6812 суток проживания из 10000

Сутки 6813
Клиент 1 завершил 6813 суток проживания из 10000

Сутки 6814
Клиент 1 завершил 6814 суток проживания из 10000

Сутки 6815
Клиент 1 завершил 6815 суток проживания из 10000

Сутки 6816
Клиент 1 завершил 6816 суток проживания из 10000

Сутки 6817
Клиент 1 завершил 6817 суток проживания из 10000

Сутки 6818
Клиент 1 завершил 6818 суток проживания из 10000

Сутки 6819
Клиент 1 завершил 6819 суток проживания из 10000

Сутки 6820
Клиент 1 завершил 6820 суток проживания из 10000

Сутки 6821
Клиент 1 завершил 6821 суток проживания из 10000

Сутки 6822
Клиент 1 завершил 6822 суток проживания из 10000

Сутки 6823
Клиент 1 завершил 6823 суток проживания из 10000

Сутки 6824
Клиент 1 завершил 6824 суток проживания из 10000

Сутки 6825
Клиент 1 завершил 6825 суток проживания из 10000

Сутки 6826
Клиент 1 завершил 6826 суток проживания из 10000

Сутки 6827
Клиент 1 завершил 6827 суток проживания из 10000

Сутки 6828
Клиент 1 завершил 6828 суток проживания из 10000

Сутки 6829
Клиент 1 завершил 6829 суток проживания из 10000

Сутки 6830
Клиент 1 завершил 6830 суток проживания из 10000

Сутки 6831
Клиент 1 завершил 6831 суток проживания из 10000

Сутки 6832
Клиент 1 завершил 6832 суток проживания из 10000

Сутки 6833
Клиент 1 завершил 6833 суток проживания из 10000

Сутки 6834
Клиент 1 завершил 6834 суток проживания из 10000

Сутки 6835
Клиент 1 завершил 6835 суток проживания из 10000

Сутки 6836
Клиент 1 завершил 6836 суток проживания из 10000

Сутки 6837
Клиент 1 завершил 6837 суток проживания из 10000

Сутки 6838
Клиент 1 завершил 6838 суток проживания из 10000

Сутки 6839
Клиент 1 завершил 6839 суток проживания из 10000

Сутки 6840
Клиент 1 завершил 6840 суток проживания из 10000

Сутки 6841
Клиент 1 завершил 6841 суток проживания из 10000

Сутки 6842
Клиент 1 завершил 6842 суток проживания из 10000

Сутки 6843
Клиент 1 завершил 6843 суток проживания из 10000

Сутки 6844
Клиент 1 завершил 6844 суток проживания из 10000

Сутки 6845
Клиент 1 завершил 6845 суток проживания из 10000

Сутки 6846
Клиент 1 завершил 6846 суток проживания из 10000

Сутки 6847
Клиент 1 завершил 6847 суток проживания из 10000

Сутки 6848
Клиент 1 завершил 6848 суток проживания из 10000

Сутки 6849
Клиент 1 завершил 6849 суток проживания из 10000

Сутки 6850
Клиент 1 завершил 6850 суток проживания из 10000

Сутки 6851
Клиент 1 завершил 6851 суток проживания из 10000

Сутки 6852
Клиент 1 завершил 6852 суток проживания из 10000

Сутки 6853
Клиент 1 завершил 6853 суток проживания из 10000

Сутки 6854
Клиент 1 завершил 6854 суток проживания из 10000

Сутки 6855
Клиент 1 завершил 6855 суток проживания из 10000

Сутки 6856
Клиент 1 завершил 6856 суток проживания из 10000

Сутки 6857
Клиент 1 завершил 6857 суток проживания из 10000

Сутки 6858
Клиент 1 завершил 6858 суток проживания из 10000

Сутки 6859
Клиент 1 завершил 6859 суток проживания из 10000

Сутки 6860
Клиент 1 завершил 6860 суток проживания из 10000

Сутки 6861
Клиент 1 завершил 6861 суток проживания из 10000

Сутки 6862
Клиент 1 завершил 6862 суток проживания из 10000

Сутки 6863
Клиент 1 завершил 6863 суток проживания из 10000

Сутки 6864
Клиент 1 завершил 6864 суток проживания из 10000

Сутки 6865
Клиент 1 завершил 6865 суток проживания из 10000

Сутки 6866
Клиент 1 завершил 6866 суток проживания из 10000

Сутки 6867
Клиент 1 завершил 6867 суток проживания из 10000

Сутки 6868
Клиент 1 завершил 6868 суток проживания из 10000

Сутки 6869
Клиент 1 завершил 6869 суток проживания из 10000

Сутки 6870
Клиент 1 завершил 6870 суток проживания из 10000

Сутки 6871
Клиент 1 завершил 6871 суток проживания из 10000

Сутки 6872
Клиент 1 завершил 6872 суток проживания из 10000

Сутки 6873
Клиент 1 завершил 6873 суток проживания из 10000

Сутки 6874
Клиент 1 завершил 6874 суток проживания из 10000

Сутки 6875
Клиент 1 завершил 6875 суток проживания из 10000

Сутки 6876
Клиент 1 завершил 6876 суток проживания из 10000

Сутки 6877
Клиент 1 завершил 6877 суток проживания из 10000

Сутки 6878
Клиент 1 завершил 6878 суток проживания из 10000

Сутки 6879
Клиент 1 завершил 6879 суток проживания из 10000

Сутки 6880
Клиент 1 завершил 6880 суток проживания из 10000

Сутки 6881
Клиент 1 завершил 6881 суток проживания из 10000

Сутки 6882
Клиент 1 завершил 6882 суток проживания из 10000

Сутки 6883
Клиент 1 завершил 6883 суток проживания из 10000

Сутки 6884
Клиент 1 завершил 6884 суток проживания из 10000

Сутки 6885
Клиент 1 завершил 6885 суток проживания из 10000

Сутки 6886
Клиент 1 завершил 6886 суток проживания из 10000

Сутки 6887
Клиент 1 завершил 6887 суток проживания из 10000

Сутки 6888
Клиент 1 завершил 6888 суток проживания из 10000

Сутки 6889
Клиент 1 завершил 6889 суток проживания из 10000

Сутки 6890
Клиент 1 завершил 6890 суток проживания из 10000

Сутки 6891
Клиент 1 завершил 6891 суток проживания из 10000

Сутки 6892
Клиент 1 завершил 6892 суток проживания из 10000

Сутки 6893
Клиент 1 завершил 6893 суток проживания из 10000

Сутки 6894
Клиент 1 завершил 6894 суток проживания из 10000

Сутки 6895
Клиент 1 завершил 6895 суток проживания из 10000

Сутки 6896
Клиент 1 завершил 6896 суток проживания из 10000

Сутки 6897
Клиент 1 завершил 6897 суток проживания из 10000

Сутки 6898
Клиент 1 завершил 6898 суток проживания из 10000

Сутки 6899
Клиент 1 завершил 6899 суток проживания из 10000

Сутки 6900
Клиент 1 завершил 6900 суток проживания из 10000

Сутки 6901
Клиент 1 завершил 6901 суток проживания из 10000

Сутки 6902
Клиент 1 завершил 6902 суток проживания из 10000

Сутки 6903
Клиент 1 завершил 6903 суток проживания из 10000

Сутки 6904
Клиент 1 завершил 6904 суток проживания из 10000

Сутки 6905
Клиент 1 завершил 6905 суток проживания из 10000

Сутки 6906
Клиент 1 завершил 6906 суток проживания из 10000

Сутки 6907
Клиент 1 завершил 6907 суток проживания из 10000

Сутки 6908
Клиент 1 завершил 6908 суток проживания из 10000

Сутки 6909
Клиент 1 завершил 6909 суток проживания из 10000

Сутки 6910
Клиент 1 завершил 6910 суток проживания из 10000

Сутки 6911
Клиент 1 завершил 6911 суток проживания из 10000

Сутки 6912
Клиент 1 завершил 6912 суток проживания из 10000

Сутки 6913
Клиент 1 завершил 6913 суток проживания из 10000

Сутки 6914
Клиент 1 завершил 6914 суток проживания из 10000

Сутки 6915
Клиент 1 завершил 6915 суток проживания из 10000

Сутки 6916
Клиент 1 завершил 6916 суток проживания из 10000

Сутки 6917
Клиент 1 завершил 6917 суток проживания из 10000

Сутки 6918
Клиент 1 завершил 6918 суток проживания из 10000

Сутки 6919
Клиент 1 завершил 6919 суток проживания из 10000

Сутки 6920
Клиент 1 завершил 6920 суток проживания из 10000

Сутки 6921
Клиент 1 завершил 6921 суток проживания из 10000

Сутки 6922
Клиент 1 завершил 6922 суток проживания из 10000

Сутки 6923
Клиент 1 завершил 6923 суток проживания из 10000

Сутки 6924
Клиент 1 завершил 6924 суток проживания из 10000

Сутки 6925
Клиент 1 завершил 6925 суток проживания из 10000

Сутки 6926
Клиент 1 завершил 6926 суток проживания из 10000

Сутки 6927
Клиент 1 завершил 6927 суток проживания из 10000

Сутки 6928
Клиент 1 завершил 6928 суток проживания из 10000

Сутки 6929
Клиент 1 завершил 6929 суток проживания из 10000

Сутки 6930
Клиент 1 завершил 6930 суток проживания из 10000

Сутки 6931
Клиент 1 завершил 6931 суток проживания из 10000

Сутки 6932
Клиент 1 завершил 6932 суток проживания из 10000

Сутки 6933
Клиент 1 завершил 6933 суток проживания из 10000

Сутки 6934
Клиент 1 завершил 6934 суток проживания из 10000

Сутки 6935
Клиент 1 завершил 6935 суток проживания из 10000

Сутки 6936
Клиент 1 завершил 6936 суток проживания из 10000

Сутки 6937
Клиент 1 завершил 6937 суток проживания из 10000

Сутки 6938
Клиент 1 завершил 6938 суток проживания из 10000

Сутки 6939
Клиент 1 завершил 6939 суток проживания из 10000

Сутки 6940
Клиент 1 завершил 6940 суток проживания из 10000

Сутки 6941
Клиент 1 завершил 6941 суток проживания из 10000

Сутки 6942
Клиент 1 завершил 6942 суток проживания из 10000

Сутки 6943
Клиент 1 завершил 6943 суток проживания из 10000

Сутки 6944
Клиент 1 завершил 6944 суток проживания из 10000

Сутки 6945
Клиент 1 завершил 6945 суток проживания из 10000

Сутки 6946
Клиент 1 завершил 6946 суток проживания из 10000

Сутки 6947
Клиент 1 завершил 6947 суток проживания из 10000

Сутки 6948
Клиент 1 завершил 6948 суток проживания из 10000

Сутки 6949
Клиент 1 завершил 6949 суток проживания из 10000

Сутки 6950
Клиент 1 завершил 6950 суток проживания из 10000

Сутки 6951
Клиент 1 завершил 6951 суток проживания из 10000

Сутки 6952
Клиент 1 завершил 6952 суток проживания из 10000

Сутки 6953
Клиент 1 завершил 6953 суток проживания из 10000

Сутки 6954
Клиент 1 завершил 6954 суток проживания из 10000

Сутки 6955
Клиент 1 завершил 6955 суток проживания из 10000

Сутки 6956
Клиент 1 завершил 6956 суток проживания из 10000

Сутки 6957
Клиент 1 завершил 6957 суток проживания из 10000

Сутки 6958
Клиент 1 завершил 6958 суток проживания из 10000

Сутки 6959
Клиент 1 завершил 6959 суток проживания из 10000

Сутки 6960
Клиент 1 завершил 6960 суток проживания из 10000

Сутки 6961
Клиент 1 завершил 6961 суток проживания из 10000

Сутки 6962
Клиент 1 завершил 6962 суток проживания из 10000

Сутки 6963
Клиент 1 завершил 6963 суток проживания из 10000

Сутки 6964
Клиент 1 завершил 6964 суток проживания из 10000

Сутки 6965
Клиент 1 завершил 6965 суток проживания из 10000

Сутки 6966
Клиент 1 завершил 6966 суток проживания из 10000

Сутки 6967
Клиент 1 завершил 6967 суток проживания из 10000

Сутки 6968
Клиент 1 завершил 6968 суток проживания из 10000

Сутки 6969
Клиент 1 завершил 6969 суток проживания из 10000

Сутки 6970
Клиент 1 завершил 6970 суток проживания из 10000

Сутки 6971
Клиент 1 завершил 6971 суток проживания из 10000

Сутки 6972
Клиент 1 завершил 6972 суток проживания из 10000

Сутки 6973
Клиент 1 завершил 6973 суток проживания из 10000

Сутки 6974
Клиент 1 завершил 6974 суток проживания из 10000

Сутки 6975
Клиент 1 завершил 6975 суток проживания из 10000

Сутки 6976
Клиент 1 завершил 6976 суток проживания из 10000

Сутки 6977
Клиент 1 завершил 6977 суток проживания из 10000

Сутки 6978
Клиент 1 завершил 6978 суток проживания из 10000

Сутки 6979
Клиент 1 завершил 6979 суток проживания из 10000

Сутки 6980
Клиент 1 завершил 6980 суток проживания из 10000

Сутки 6981
Клиент 1 завершил 6981 суток проживания из 10000

Сутки 6982
Клиент 1 завершил 6982 суток проживания из 10000

Сутки 6983
Клиент 1 завершил 6983 суток проживания из 10000

Сутки 6984
Клиент 1 завершил 6984 суток проживания из 10000

Сутки 6985
Клиент 1 завершил 6985 суток проживания из 10000

Сутки 6986
Клиент 1 завершил 6986 суток проживания из 10000

Сутки 6987
Клиент 1 завершил 6987 суток проживания из 10000

Сутки 6988
Клиент 1 завершил 6988 суток проживания из 10000

Сутки 6989
Клиент 1 завершил 6989 суток проживания из 10000

Сутки 6990
Клиент 1 завершил 6990 суток проживания из 10000

Сутки 6991
Клиент 1 завершил 6991 суток проживания из 10000

Сутки 6992
Клиент 1 завершил 6992 суток проживания из 10000

Сутки 6993
Клиент 1 завершил 6993 суток проживания из 10000

Сутки 6994
Клиент 1 завершил 6994 суток проживания из 10000

Сутки 6995
Клиент 1 завершил 6995 суток проживания из 10000

Сутки 6996
Клиент 1 завершил 6996 суток проживания из 10000

Сутки 6997
Клиент 1 завершил 6997 суток проживания из 10000

Сутки 6998
Клиент 1 завершил 6998 суток проживания из 10000

Сутки 6999
Клиент 1 завершил 6999 суток проживания из 10000

Сутки 7000
Клиент 1 завершил 7000 суток проживания из 10000

Сутки 7001
Клиент 1 завершил 7001 суток проживания из 10000

Сутки 7002
Клиент 1 завершил 7002 суток проживания из 10000

Сутки 7003
Клиент 1 завершил 7003 суток проживания из 10000

Сутки 7004
Клиент 1 завершил 7004 суток проживания из 10000

Сутки 7005
Клиент 1 завершил 7005 суток проживания из 10000

Сутки 7006
Клиент 1 завершил 7006 суток проживания из 10000

Сутки 7007
Клиент 1 завершил 7007 суток проживания из 10000

Сутки 7008
Клиент 1 завершил 7008 суток проживания из 10000

Сутки 7009
Клиент 1 завершил 7009 суток проживания из 10000

Сутки 7010
Клиент 1 завершил 7010 суток проживания из 10000

Сутки 7011
Клиент 1 завершил 7011 суток проживания из 10000

Сутки 7012
Клиент 1 завершил 7012 суток проживания из 10000

Сутки 7013
Клиент 1 завершил 7013 суток проживания из 10000

Сутки 7014
Клиент 1 завершил 7014 суток проживания из 10000

Сутки 7015
Клиент 1 завершил 7015 суток проживания из 10000

Сутки 7016
Клиент 1 завершил 7016 суток проживания из 10000

Сутки 7017
Клиент 1 завершил 7017 суток проживания из 10000

Сутки 7018
Клиент 1 завершил 7018 суток проживания из 10000

Сутки 7019
Клиент 1 завершил 7019 суток проживания из 10000

Сутки 7020
Клиент 1 завершил 7020 суток проживания из 10000

Сутки 7021
Клиент 1 завершил 7021 суток проживания из 10000

Сутки 7022
Клиент 1 завершил 7022 суток проживания из 10000

Сутки 7023
Клиент 1 завершил 7023 суток проживания из 10000

Сутки 7024
Клиент 1 завершил 7024 суток проживания из 10000

Сутки 7025
Клиент 1 завершил 7025 суток проживания из 10000

Сутки 7026
Клиент 1 завершил 7026 суток проживания из 10000

Сутки 7027
Клиент 1 завершил 7027 суток проживания из 10000

Сутки 7028
Клиент 1 завершил 7028 суток проживания из 10000

Сутки 7029
Клиент 1 завершил 7029 суток проживания из 10000

Сутки 7030
Клиент 1 завершил 7030 суток проживания из 10000

Сутки 7031
Клиент 1 завершил 7031 суток проживания из 10000

Сутки 7032
Клиент 1 завершил 7032 суток проживания из 10000

Сутки 7033
Клиент 1 завершил 7033 суток проживания из 10000

Сутки 7034
Клиент 1 завершил 7034 суток проживания из 10000

Сутки 7035
Клиент 1 завершил 7035 суток проживания из 10000

Сутки 7036
Клиент 1 завершил 7036 суток проживания из 10000

Сутки 7037
Клиент 1 завершил 7037 суток проживания из 10000

Сутки 7038
Клиент 1 завершил 7038 суток проживания из 10000

Сутки 7039
Клиент 1 завершил 7039 суток проживания из 10000

Сутки 7040
Клиент 1 завершил 7040 суток проживания из 10000

Сутки 7041
Клиент 1 завершил 7041 суток проживания из 10000

Сутки 7042
Клиент 1 завершил 7042 суток проживания из 10000

Сутки 7043
Клиент 1 завершил 7043 суток проживания из 10000

Сутки 7044
Клиент 1 завершил 7044 суток проживания из 10000

Сутки 7045
Клиент 1 завершил 7045 суток проживания из 10000

Сутки 7046
Клиент 1 завершил 7046 суток проживания из 10000

Сутки 7047
Клиент 1 завершил 7047 суток проживания из 10000

Сутки 7048
Клиент 1 завершил 7048 суток проживания из 10000

Сутки 7049
Клиент 1 завершил 7049 суток проживания из 10000

Сутки 7050
Клиент 1 завершил 7050 суток проживания из 10000

Сутки 7051
Клиент 1 завершил 7051 суток проживания из 10000

Сутки 7052
Клиент 1 завершил 7052 суток проживания из 10000

Сутки 7053
Клиент 1 завершил 7053 суток проживания из 10000

Сутки 7054
Клиент 1 завершил 7054 суток проживания из 10000

Сутки 7055
Клиент 1 завершил 7055 суток проживания из 10000

Сутки 7056
Клиент 1 завершил 7056 суток проживания из 10000

Сутки 7057
Клиент 1 завершил 7057 суток проживания из 10000

Сутки 7058
Клиент 1 завершил 7058 суток проживания из 10000

Сутки 7059
Клиент 1 завершил 7059 суток проживания из 10000

Сутки 7060
Клиент 1 завершил 7060 суток проживания из 10000

Сутки 7061
Клиент 1 завершил 7061 суток проживания из 10000

Сутки 7062
Клиент 1 завершил 7062 суток проживания из 10000

Сутки 7063
Клиент 1 завершил 7063 суток проживания из 10000

Сутки 7064
Клиент 1 завершил 7064 суток проживания из 10000

Сутки 7065
Клиент 1 завершил 7065 суток проживания из 10000

Сутки 7066
Клиент 1 завершил 7066 суток проживания из 10000

Сутки 7067
Клиент 1 завершил 7067 суток проживания из 10000

Сутки 7068
Клиент 1 завершил 7068 суток проживания из 10000

Сутки 7069
Клиент 1 завершил 7069 суток проживания из 10000

Сутки 7070
Клиент 1 завершил 7070 суток проживания из 10000

Сутки 7071
Клиент 1 завершил 7071 суток проживания из 10000

Сутки 7072
Клиент 1 завершил 7072 суток проживания из 10000

Сутки 7073
Клиент 1 завершил 7073 суток проживания из 10000

Сутки 7074
Клиент 1 завершил 7074 суток проживания из 10000

Сутки 7075
Клиент 1 завершил 7075 суток проживания из 10000

Сутки 7076
Клиент 1 завершил 7076 суток проживания из 10000

Сутки 7077
Клиент 1 завершил 7077 суток проживания из 10000

Сутки 7078
Клиент 1 завершил 7078 суток проживания из 10000

Сутки 7079
Клиент 1 завершил 7079 суток проживания из 10000

Сутки 7080
Клиент 1 завершил 7080 суток проживания из 10000

Сутки 7081
Клиент 1 завершил 7081 суток проживания из 10000

Сутки 7082
Клиент 1 завершил 7082 суток проживания из 10000

Сутки 7083
Клиент 1 завершил 7083 суток проживания из 10000

Сутки 7084
Клиент 1 завершил 7084 суток проживания из 10000

Сутки 7085
Клиент 1 завершил 7085 суток проживания из 10000

Сутки 7086
Клиент 1 завершил 7086 суток проживания из 10000

Сутки 7087
Клиент 1 завершил 7087 суток проживания из 10000

Сутки 7088
Клиент 1 завершил 7088 суток проживания из 10000

Сутки 7089
Клиент 1 завершил 7089 суток проживания из 10000

Сутки 7090
Клиент 1 завершил 7090 суток проживания из 10000

Сутки 7091
Клиент 1 завершил 7091 суток проживания из 10000

Сутки 7092
Клиент 1 завершил 7092 суток проживания из 10000

Сутки 7093
Клиент 1 завершил 7093 суток проживания из 10000

Сутки 7094
Клиент 1 завершил 7094 суток проживания из 10000

Сутки 7095
Клиент 1 завершил 7095 суток проживания из 10000

Сутки 7096
Клиент 1 завершил 7096 суток проживания из 10000

Сутки 7097
Клиент 1 завершил 7097 суток проживания из 10000

Сутки 7098
Клиент 1 завершил 7098 суток проживания из 10000

Сутки 7099
Клиент 1 завершил 7099 суток проживания из 10000

Сутки 7100
Клиент 1 завершил 7100 суток проживания из 10000

Сутки 7101
Клиент 1 завершил 7101 суток проживания из 10000

Сутки 7102
Клиент 1 завершил 7102 суток проживания из 10000

Сутки 7103
Клиент 1 завершил 7103 суток проживания из 10000

Сутки 7104
Клиент 1 завершил 7104 суток проживания из 10000

Сутки 7105
Клиент 1 завершил 7105 суток проживания из 10000

Сутки 7106
Клиент 1 завершил 7106 суток проживания из 10000

Сутки 7107
Клиент 1 завершил 7107 суток проживания из 10000

Сутки 7108
Клиент 1 завершил 7108 суток проживания из 10000

Сутки 7109
Клиент 1 завершил 7109 суток проживания из 10000

Сутки 7110
Клиент 1 завершил 7110 суток проживания из 10000

Сутки 7111
Клиент 1 завершил 7111 суток проживания из 10000

Сутки 7112
Клиент 1 завершил 7112 суток проживания из 10000

Сутки 7113
Клиент 1 завершил 7113 суток проживания из 10000

Сутки 7114
Клиент 1 завершил 7114 суток проживания из 10000

Сутки 7115
Клиент 1 завершил 7115 суток проживания из 10000

Сутки 7116
Клиент 1 завершил 7116 суток проживания из 10000

Сутки 7117
Клиент 1 завершил 7117 суток проживания из 10000

Сутки 7118
Клиент 1 завершил 7118 суток проживания из 10000

Сутки 7119
Клиент 1 завершил 7119 суток проживания из 10000

Сутки 7120
Клиент 1 завершил 7120 суток проживания из 10000

Сутки 7121
Клиент 1 завершил 7121 суток проживания из 10000

Сутки 7122
Клиент 1 завершил 7122 суток проживания из 10000

Сутки 7123
Клиент 1 завершил 7123 суток проживания из 10000

Сутки 7124
Клиент 1 завершил 7124 суток проживания из 10000

Сутки 7125
Клиент 1 завершил 7125 суток проживания из 10000

Сутки 7126
Клиент 1 завершил 7126 суток проживания из 10000

Сутки 7127
Клиент 1 завершил 7127 суток проживания из 10000

Сутки 7128
Клиент 1 завершил 7128 суток проживания из 10000

Сутки 7129
Клиент 1 завершил 7129 суток проживания из 10000

Сутки 7130
Клиент 1 завершил 7130 суток проживания из 10000

Сутки 7131
Клиент 1 завершил 7131 суток проживания из 10000

Сутки 7132
Клиент 1 завершил 7132 суток проживания из 10000

Сутки 7133
Клиент 1 завершил 7133 суток проживания из 10000

Сутки 7134
Клиент 1 завершил 7134 суток проживания из 10000

Сутки 7135
Клиент 1 завершил 7135 суток проживания из 10000

Сутки 7136
Клиент 1 завершил 7136 суток проживания из 10000

Сутки 7137
Клиент 1 завершил 7137 суток проживания из 10000

Сутки 7138
Клиент 1 завершил 7138 суток проживания из 10000

Сутки 7139
Клиент 1 завершил 7139 суток проживания из 10000

Сутки 7140
Клиент 1 завершил 7140 суток проживания из 10000

Сутки 7141
Клиент 1 завершил 7141 суток проживания из 10000

Сутки 7142
Клиент 1 завершил 7142 суток проживания из 10000

Сутки 7143
Клиент 1 завершил 7143 суток проживания из 10000

Сутки 7144
Клиент 1 завершил 7144 суток проживания из 10000

Сутки 7145
Клиент 1 завершил 7145 суток проживания из 10000

Сутки 7146
Клиент 1 завершил 7146 суток проживания из 10000

Сутки 7147
Клиент 1 завершил 7147 суток проживания из 10000

Сутки 7148
Клиент 1 завершил 7148 суток проживания из 10000

Сутки 7149
Клиент 1 завершил 7149 суток проживания из 10000

Сутки 7150
Клиент 1 завершил 7150 суток проживания из 10000

Сутки 7151
Клиент 1 завершил 7151 суток проживания из 10000

Сутки 7152
Клиент 1 завершил 7152 суток проживания из 10000

Сутки 7153
Клиент 1 завершил 7153 суток проживания из 10000

Сутки 7154
Клиент 1 завершил 7154 суток проживания из 10000

Сутки 7155
Клиент 1 завершил 7155 суток проживания из 10000

Сутки 7156
Клиент 1 завершил 7156 суток проживания из 10000

Сутки 7157
Клиент 1 завершил 7157 суток проживания из 10000

Сутки 7158
Клиент 1 завершил 7158 суток проживания из 10000

Сутки 7159
Клиент 1 завершил 7159 суток проживания из 10000

Сутки 7160
Клиент 1 завершил 7160 суток проживания из 10000

Сутки 7161
Клиент 1 завершил 7161 суток проживания из 10000

Сутки 7162
Клиент 1 завершил 7162 суток проживания из 10000

Сутки 7163
Клиент 1 завершил 7163 суток проживания из 10000

Сутки 7164
Клиент 1 завершил 7164 суток проживания из 10000

Сутки 7165
Клиент 1 завершил 7165 суток проживания из 10000

Сутки 7166
Клиент 1 завершил 7166 суток проживания из 10000

Сутки 7167
Клиент 1 завершил 7167 суток проживания из 10000

Сутки 7168
Клиент 1 завершил 7168 суток проживания из 10000

Сутки 7169
Клиент 1 завершил 7169 суток проживания из 10000

Сутки 7170
Клиент 1 завершил 7170 суток проживания из 10000

Сутки 7171
Клиент 1 завершил 7171 суток проживания из 10000

Сутки 7172
Клиент 1 завершил 7172 суток проживания из 10000

Сутки 7173
Клиент 1 завершил 7173 суток проживания из 10000

Сутки 7174
Клиент 1 завершил 7174 суток проживания из 10000

Сутки 7175
Клиент 1 завершил 7175 суток проживания из 10000

Сутки 7176
Клиент 1 завершил 7176 суток проживания из 10000

Сутки 7177
Клиент 1 завершил 7177 суток проживания из 10000

Сутки 7178
Клиент 1 завершил 7178 суток проживания из 10000

Сутки 7179
Клиент 1 завершил 7179 суток проживания из 10000

Сутки 7180
Клиент 1 завершил 7180 суток проживания из 10000

Сутки 7181
Клиент 1 завершил 7181 суток проживания из 10000

Сутки 7182
Клиент 1 завершил 7182 суток проживания из 10000

Сутки 7183
Клиент 1 завершил 7183 суток проживания из 10000

Сутки 7184
Клиент 1 завершил 7184 суток проживания из 10000

Сутки 7185
Клиент 1 завершил 7185 суток проживания из 10000

Сутки 7186
Клиент 1 завершил 7186 суток проживания из 10000

Сутки 7187
Клиент 1 завершил 7187 суток проживания из 10000

Сутки 7188
Клиент 1 завершил 7188 суток проживания из 10000

Сутки 7189
Клиент 1 завершил 7189 суток проживания из 10000

Сутки 7190
Клиент 1 завершил 7190 суток проживания из 10000

Сутки 7191
Клиент 1 завершил 7191 суток проживания из 10000

Сутки 7192
Клиент 1 завершил 7192 суток проживания из 10000

Сутки 7193
Клиент 1 завершил 7193 суток проживания из 10000

Сутки 7194
Клиент 1 завершил 7194 суток проживания из 10000

Сутки 7195
Клиент 1 завершил 7195 суток проживания из 10000

Сутки 7196
Клиент 1 завершил 7196 суток проживания из 10000

Сутки 7197
Клиент 1 завершил 7197 суток проживания из 10000

Сутки 7198
Клиент 1 завершил 7198 суток проживания из 10000

Сутки 7199
Клиент 1 завершил 7199 суток проживания из 10000

Сутки 7200
Клиент 1 завершил 7200 суток проживания из 10000

Сутки 7201
Клиент 1 завершил 7201 суток проживания из 10000

Сутки 7202
Клиент 1 завершил 7202 суток проживания из 10000

Сутки 7203
Клиент 1 завершил 7203 суток проживания из 10000

Сутки 7204
Клиент 1 завершил 7204 суток проживания из 10000

Сутки 7205
Клиент 1 завершил 7205 суток проживания из 10000

Сутки 7206
Клиент 1 завершил 7206 суток проживания из 10000

Сутки 7207
Клиент 1 завершил 7207 суток проживания из 10000

Сутки 7208
Клиент 1 завершил 7208 суток проживания из 10000

Сутки 7209
Клиент 1 завершил 7209 суток проживания из 10000

Сутки 7210
Клиент 1 завершил 7210 суток проживания из 10000

Сутки 7211
Клиент 1 завершил 7211 суток проживания из 10000

Сутки 7212
Клиент 1 завершил 7212 суток проживания из 10000

Сутки 7213
Клиент 1 завершил 7213 суток проживания из 10000

Сутки 7214
Клиент 1 завершил 7214 суток проживания из 10000

Сутки 7215
Клиент 1 завершил 7215 суток проживания из 10000

Сутки 7216
Клиент 1 завершил 7216 суток проживания из 10000

Сутки 7217
Клиент 1 завершил 7217 суток проживания из 10000

Сутки 7218
Клиент 1 завершил 7218 суток проживания из 10000

Сутки 7219
Клиент 1 завершил 7219 суток проживания из 10000

Сутки 7220
Клиент 1 завершил 7220 суток проживания из 10000

Сутки 7221
Клиент 1 завершил 7221 суток проживания из 10000

Сутки 7222
Клиент 1 завершил 7222 суток проживания из 10000

Сутки 7223
Клиент 1 завершил 7223 суток проживания из 10000

Сутки 7224
Клиент 1 завершил 7224 суток проживания из 10000

Сутки 7225
Клиент 1 завершил 7225 суток проживания из 10000

Сутки 7226
Клиент 1 завершил 7226 суток проживания из 10000

Сутки 7227
Клиент 1 завершил 7227 суток проживания из 10000

Сутки 7228
Клиент 1 завершил 7228 суток проживания из 10000

Сутки 7229
Клиент 1 завершил 7229 суток проживания из 10000

Сутки 7230
Клиент 1 завершил 7230 суток проживания из 10000

Сутки 7231
Клиент 1 завершил 7231 суток проживания из 10000

Сутки 7232
Клиент 1 завершил 7232 суток проживания из 10000

Сутки 7233
Клиент 1 завершил 7233 суток проживания из 10000

Сутки 7234
Клиент 1 завершил 7234 суток проживания из 10000

Сутки 7235
Клиент 1 завершил 7235 суток проживания из 10000

Сутки 7236
Клиент 1 завершил 7236 суток проживания из 10000

Сутки 7237
Клиент 1 завершил 7237 суток проживания из 10000

Сутки 7238
Клиент 1 завершил 7238 суток проживания из 10000

Сутки 7239
Клиент 1 завершил 7239 суток проживания из 10000

Сутки 7240
Клиент 1 завершил 7240 суток проживания из 10000

Сутки 7241
Клиент 1 завершил 7241 суток проживания из 10000

Сутки 7242
Клиент 1 завершил 7242 суток проживания из 10000

Сутки 7243
Клиент 1 завершил 7243 суток проживания из 10000

Сутки 7244
Клиент 1 завершил 7244 суток проживания из 10000

Сутки 7245
Клиент 1 завершил 7245 суток проживания из 10000

Сутки 7246
Клиент 1 завершил 7246 суток проживания из 10000

Сутки 7247
Клиент 1 завершил 7247 суток проживания из 10000

Сутки 7248
Клиент 1 завершил 7248 суток проживания из 10000

Сутки 7249
Клиент 1 завершил 7249 суток проживания из 10000

Сутки 7250
Клиент 1 завершил 7250 суток проживания из 10000

Сутки 7251
Клиент 1 завершил 7251 суток проживания из 10000

Сутки 7252
Клиент 1 завершил 7252 суток проживания из 10000

Сутки 7253
Клиент 1 завершил 7253 суток проживания из 10000

Сутки 7254
Клиент 1 завершил 7254 суток проживания из 10000

Сутки 7255
Клиент 1 завершил 7255 суток проживания из 10000

Сутки 7256
Клиент 1 завершил 7256 суток проживания из 10000

Сутки 7257
Клиент 1 завершил 7257 суток проживания из 10000

Сутки 7258
Клиент 1 завершил 7258 суток проживания из 10000

Сутки 7259
Клиент 1 завершил 7259 суток проживания из 10000

Сутки 7260
Клиент 1 завершил 7260 суток проживания из 10000

Сутки 7261
Клиент 1 завершил 7261 суток проживания из 10000

Сутки 7262
Клиент 1 завершил 7262 суток проживания из 10000

Сутки 7263
Клиент 1 завершил 7263 суток проживания из 10000

Сутки 7264
Клиент 1 завершил 7264 суток проживания из 10000

Сутки 7265
Клиент 1 завершил 7265 суток проживания из 10000

Сутки 7266
Клиент 1 завершил 7266 суток проживания из 10000

Сутки 7267
Клиент 1 завершил 7267 суток проживания из 10000

Сутки 7268
Клиент 1 завершил 7268 суток проживания из 10000

Сутки 7269
Клиент 1 завершил 7269 суток проживания из 10000

Сутки 7270
Клиент 1 завершил 7270 суток проживания из 10000

Сутки 7271
Клиент 1 завершил 7271 суток проживания из 10000

Сутки 7272
Клиент 1 завершил 7272 суток проживания из 10000

Сутки 7273
Клиент 1 завершил 7273 суток проживания из 10000

Сутки 7274
Клиент 1 завершил 7274 суток проживания из 10000

Сутки 7275
Клиент 1 завершил 7275 суток проживания из 10000

Сутки 7276
Клиент 1 завершил 7276 суток проживания из 10000

Сутки 7277
Клиент 1 завершил 7277 суток проживания из 10000

Сутки 7278
Клиент 1 завершил 7278 суток проживания из 10000

Сутки 7279
Клиент 1 завершил 7279 суток проживания из 10000

Сутки 7280
Клиент 1 завершил 7280 суток проживания из 10000

Сутки 7281
Клиент 1 завершил 7281 суток проживания из 10000

Сутки 7282
Клиент 1 завершил 7282 суток проживания из 10000

Сутки 7283
Клиент 1 завершил 7283 суток проживания из 10000

Сутки 7284
Клиент 1 завершил 7284 суток проживания из 10000

Сутки 7285
Клиент 1 завершил 7285 суток проживания из 10000

Сутки 7286
Клиент 1 завершил 7286 суток проживания из 10000

Сутки 7287
Клиент 1 завершил 7287 суток проживания из 10000

Сутки 7288
Клиент 1 завершил 7288 суток проживания из 10000

Сутки 7289
Клиент 1 завершил 7289 суток проживания из 10000

Сутки 7290
Клиент 1 завершил 7290 суток проживания из 10000

Сутки 7291
Клиент 1 завершил 7291 суток проживания из 10000

Сутки 7292
Клиент 1 завершил 7292 суток проживания из 10000

Сутки 7293
Клиент 1 завершил 7293 суток проживания из 10000

Сутки 7294
Клиент 1 завершил 7294 суток проживания из 10000

Сутки 7295
Клиент 1 завершил 7295 суток проживания из 10000

Сутки 7296
Клиент 1 завершил 7296 суток проживания из 10000

Сутки 7297
Клиент 1 завершил 7297 суток проживания из 10000

Сутки 7298
Клиент 1 завершил 7298 суток проживания из 10000

Сутки 7299
Клиент 1 завершил 7299 суток проживания из 10000

Сутки 7300
Клиент 1 завершил 7300 суток проживания из 10000

Сутки 7301
Клиент 1 завершил 7301 суток проживания из 10000

Сутки 7302
Клиент 1 завершил 7302 суток проживания из 10000

Сутки 7303
Клиент 1 завершил 7303 суток проживания из 10000

Сутки 7304
Клиент 1 завершил 7304 суток проживания из 10000

Сутки 7305
Клиент 1 завершил 7305 суток проживания из 10000

Сутки 7306
Клиент 1 завершил 7306 суток проживания из 10000

Сутки 7307
Клиент 1 завершил 7307 суток проживания из 10000

Сутки 7308
Клиент 1 завершил 7308 суток проживания из 10000

Сутки 7309
Клиент 1 завершил 7309 суток проживания из 10000

Сутки 7310
Клиент 1 завершил 7310 суток проживания из 10000

Сутки 7311
Клиент 1 завершил 7311 суток проживания из 10000

Сутки 7312
Клиент 1 завершил 7312 суток проживания из 10000

Сутки 7313
Клиент 1 завершил 7313 суток проживания из 10000

Сутки 7314
Клиент 1 завершил 7314 суток проживания из 10000

Сутки 7315
Клиент 1 завершил 7315 суток проживания из 10000

Сутки 7316
Клиент 1 завершил 7316 суток проживания из 10000

Сутки 7317
Клиент 1 завершил 7317 суток проживания из 10000

Сутки 7318
Клиент 1 завершил 7318 суток проживания из 10000

Сутки 7319
Клиент 1 завершил 7319 суток проживания из 10000

Сутки 7320
Клиент 1 завершил 7320 суток проживания из 10000

Сутки 7321
Клиент 1 завершил 7321 суток проживания из 10000

Сутки 7322
Клиент 1 завершил 7322 суток проживания из 10000

Сутки 7323
Клиент 1 завершил 7323 суток проживания из 10000

Сутки 7324
Клиент 1 завершил 7324 суток проживания из 10000

Сутки 7325
Клиент 1 завершил 7325 суток проживания из 10000

Сутки 7326
Клиент 1 завершил 7326 суток проживания из 10000

Сутки 7327
Клиент 1 завершил 7327 суток проживания из 10000

Сутки 7328
Клиент 1 завершил 7328 суток проживания из 10000

Сутки 7329
Клиент 1 завершил 7329 суток проживания из 10000

Сутки 7330
Клиент 1 завершил 7330 суток проживания из 10000

Сутки 7331
Клиент 1 завершил 7331 суток проживания из 10000

Сутки 7332
Клиент 1 завершил 7332 суток проживания из 10000

Сутки 7333
Клиент 1 завершил 7333 суток проживания из 10000

Сутки 7334
Клиент 1 завершил 7334 суток проживания из 10000

Сутки 7335
Клиент 1 завершил 7335 суток проживания из 10000

Сутки 7336
Клиент 1 завершил 7336 суток проживания из 10000

Сутки 7337
Клиент 1 завершил 7337 суток проживания из 10000

Сутки 7338
Клиент 1 завершил 7338 суток проживания из 10000

Сутки 7339
Клиент 1 завершил 7339 суток проживания из 10000

Сутки 7340
Клиент 1 завершил 7340 суток проживания из 10000

Сутки 7341
Клиент 1 завершил 7341 суток проживания из 10000

Сутки 7342
Клиент 1 завершил 7342 суток проживания из 10000

Сутки 7343
Клиент 1 завершил 7343 суток проживания из 10000

Сутки 7344
Клиент 1 завершил 7344 суток проживания из 10000

Сутки 7345
Клиент 1 завершил 7345 суток проживания из 10000

Сутки 7346
Клиент 1 завершил 7346 суток проживания из 10000

Сутки 7347
Клиент 1 завершил 7347 суток проживания из 10000

Сутки 7348
Клиент 1 завершил 7348 суток проживания из 10000

Сутки 7349
Клиент 1 завершил 7349 суток проживания из 10000

Сутки 7350
Клиент 1 завершил 7350 суток проживания из 10000

Сутки 7351
Клиент 1 завершил 7351 суток проживания из 10000

Сутки 7352
Клиент 1 завершил 7352 суток проживания из 10000

Сутки 7353
Клиент 1 завершил 7353 суток проживания из 10000

Сутки 7354
Клиент 1 завершил 7354 суток проживания из 10000

Сутки 7355
Клиент 1 завершил 7355 суток проживания из 10000

Сутки 7356
Клиент 1 завершил 7356 суток проживания из 10000

Сутки 7357
Клиент 1 завершил 7357 суток проживания из 10000

Сутки 7358
Клиент 1 завершил 7358 суток проживания из 10000

Сутки 7359
Клиент 1 завершил 7359 суток проживания из 10000

Сутки 7360
Клиент 1 завершил 7360 суток проживания из 10000

Сутки 7361
Клиент 1 завершил 7361 суток проживания из 10000

Сутки 7362
Клиент 1 завершил 7362 суток проживания из 10000

Сутки 7363
Клиент 1 завершил 7363 суток проживания из 10000

Сутки 7364
Клиент 1 завершил 7364 суток проживания из 10000

Сутки 7365
Клиент 1 завершил 7365 суток проживания из 10000

Сутки 7366
Клиент 1 завершил 7366 суток проживания из 10000

Сутки 7367
Клиент 1 завершил 7367 суток проживания из 10000

Сутки 7368
Клиент 1 завершил 7368 суток проживания из 10000

Сутки 7369
Клиент 1 завершил 7369 суток проживания из 10000

Сутки 7370
Клиент 1 завершил 7370 суток проживания из 10000

Сутки 7371
Клиент 1 завершил 7371 суток проживания из 10000

Сутки 7372
Клиент 1 завершил 7372 суток проживания из 10000

Сутки 7373
Клиент 1 завершил 7373 суток проживания из 10000

Сутки 7374
Клиент 1 завершил 7374 суток проживания из 10000

Сутки 7375
Клиент 1 завершил 7375 суток проживания из 10000

Сутки 7376
Клиент 1 завершил 7376 суток проживания из 10000

Сутки 7377
Клиент 1 завершил 7377 суток проживания из 10000

Сутки 7378
Клиент 1 завершил 7378 суток проживания из 10000

Сутки 7379
Клиент 1 завершил 7379 суток проживания из 10000

Сутки 7380
Клиент 1 завершил 7380 суток проживания из 10000

Сутки 7381
Клиент 1 завершил 7381 суток проживания из 10000

Сутки 7382
Клиент 1 завершил 7382 суток проживания из 10000

Сутки 7383
Клиент 1 завершил 7383 суток проживания из 10000

Сутки 7384
Клиент 1 завершил 7384 суток проживания из 10000

Сутки 7385
Клиент 1 завершил 7385 суток проживания из 10000

Сутки 7386
Клиент 1 завершил 7386 суток проживания из 10000

Сутки 7387
Клиент 1 завершил 7387 суток проживания из 10000

Сутки 7388
Клиент 1 завершил 7388 суток проживания из 10000

Сутки 7389
Клиент 1 завершил 7389 суток проживания из 10000

Сутки 7390
Клиент 1 завершил 7390 суток проживания из 10000

Сутки 7391
Клиент 1 завершил 7391 суток проживания из 10000

Сутки 7392
Клиент 1 завершил 7392 суток проживания из 10000

Сутки 7393
Клиент 1 завершил 7393 суток проживания из 10000

Сутки 7394
Клиент 1 завершил 7394 суток проживания из 10000

Сутки 7395
Клиент 1 завершил 7395 суток проживания из 10000

Сутки 7396
Клиент 1 завершил 7396 суток проживания из 10000

Сутки 7397
Клиент 1 завершил 7397 суток проживания из 10000

Сутки 7398
Клиент 1 завершил 7398 суток проживания из 10000

Сутки 7399
Клиент 1 завершил 7399 суток проживания из 10000

Сутки 7400
Клиент 1 завершил 7400 суток проживания из 10000

Сутки 7401
Клиент 1 завершил 7401 суток проживания из 10000

Сутки 7402
Клиент 1 завершил 7402 суток проживания из 10000

Сутки 7403
Клиент 1 завершил 7403 суток проживания из 10000

Сутки 7404
Клиент 1 завершил 7404 суток проживания из 10000

Сутки 7405
Клиент 1 завершил 7405 суток проживания из 10000

Сутки 7406
Клиент 1 завершил 7406 суток проживания из 10000

Сутки 7407
Клиент 1 завершил 7407 суток проживания из 10000

Сутки 7408
Клиент 1 завершил 7408 суток проживания из 10000

Сутки 7409
Клиент 1 завершил 7409 суток проживания из 10000

Сутки 7410
Клиент 1 завершил 7410 суток проживания из 10000

Сутки 7411
Клиент 1 завершил 7411 суток проживания из 10000

Сутки 7412
Клиент 1 завершил 7412 суток проживания из 10000

Сутки 7413
Клиент 1 завершил 7413 суток проживания из 10000

Сутки 7414
Клиент 1 завершил 7414 суток проживания из 10000

Сутки 7415
Клиент 1 завершил 7415 суток проживания из 10000

Сутки 7416
Клиент 1 завершил 7416 суток проживания из 10000

Сутки 7417
Клиент 1 завершил 7417 суток проживания из 10000

Сутки 7418
Клиент 1 завершил 7418 суток проживания из 10000

Сутки 7419
Клиент 1 завершил 7419 суток проживания из 10000

Сутки 7420
Клиент 1 завершил 7420 суток проживания из 10000

Сутки 7421
Клиент 1 завершил 7421 суток проживания из 10000

Сутки 7422
Клиент 1 завершил 7422 суток проживания из 10000

Сутки 7423
Клиент 1 завершил 7423 суток проживания из 10000

Сутки 7424
Клиент 1 завершил 7424 суток проживания из 10000

Сутки 7425
Клиент 1 завершил 7425 суток проживания из 10000

Сутки 7426
Клиент 1 завершил 7426 суток проживания из 10000

Сутки 7427
Клиент 1 завершил 7427 суток проживания из 10000

Сутки 7428
Клиент 1 завершил 7428 суток проживания из 10000

Сутки 7429
Клиент 1 завершил 7429 суток проживания из 10000

Сутки 7430
Клиент 1 завершил 7430 суток проживания из 10000

Сутки 7431
Клиент 1 завершил 7431 суток проживания из 10000

Сутки 7432
Клиент 1 завершил 7432 суток проживания из 10000

Сутки 7433
Клиент 1 завершил 7433 суток проживания из 10000

Сутки 7434
Клиент 1 завершил 7434 суток проживания из 10000

Сутки 7435
Клиент 1 завершил 7435 суток проживания из 10000

Сутки 7436
Клиент 1 завершил 7436 суток проживания из 10000

Сутки 7437
Клиент 1 завершил 7437 суток проживания из 10000

Сутки 7438
Клиент 1 завершил 7438 суток проживания из 10000

Сутки 7439
Клиент 1 завершил 7439 суток проживания из 10000

Сутки 7440
Клиент 1 завершил 7440 суток проживания из 10000

Сутки 7441
Клиент 1 завершил 7441 суток проживания из 10000

Сутки 7442
Клиент 1 завершил 7442 суток проживания из 10000

Сутки 7443
Клиент 1 завершил 7443 суток проживания из 10000

Сутки 7444
Клиент 1 завершил 7444 суток проживания из 10000

Сутки 7445
Клиент 1 завершил 7445 суток проживания из 10000

Сутки 7446
Клиент 1 завершил 7446 суток проживания из 10000

Сутки 7447
Клиент 1 завершил 7447 суток проживания из 10000

Сутки 7448
Клиент 1 завершил 7448 суток проживания из 10000

Сутки 7449
Клиент 1 завершил 7449 суток проживания из 10000

Сутки 7450
Клиент 1 завершил 7450 суток проживания из 10000

Сутки 7451
Клиент 1 завершил 7451 суток проживания из 10000

Сутки 7452
Клиент 1 завершил 7452 суток проживания из 10000

Сутки 7453
Клиент 1 завершил 7453 суток проживания из 10000

Сутки 7454
Клиент 1 завершил 7454 суток проживания из 10000

Сутки 7455
Клиент 1 завершил 7455 суток проживания из 10000

Сутки 7456
Клиент 1 завершил 7456 суток проживания из 10000

Сутки 7457
Клиент 1 завершил 7457 суток проживания из 10000

Сутки 7458
Клиент 1 завершил 7458 суток проживания из 10000

Сутки 7459
Клиент 1 завершил 7459 суток проживания из 10000

Сутки 7460
Клиент 1 завершил 7460 суток проживания из 10000

Сутки 7461
Клиент 1 завершил 7461 суток проживания из 10000

Сутки 7462
Клиент 1 завершил 7462 суток проживания из 10000

Сутки 7463
Клиент 1 завершил 7463 суток проживания из 10000

Сутки 7464
Клиент 1 завершил 7464 суток проживания из 10000

Сутки 7465
Клиент 1 завершил 7465 суток проживания из 10000

Сутки 7466
Клиент 1 завершил 7466 суток проживания из 10000

Сутки 7467
Клиент 1 завершил 7467 суток проживания из 10000

Сутки 7468
Клиент 1 завершил 7468 суток проживания из 10000

Сутки 7469
Клиент 1 завершил 7469 суток проживания из 10000

Сутки 7470
Клиент 1 завершил 7470 суток проживания из 10000

Сутки 7471
Клиент 1 завершил 7471 суток проживания из 10000

Сутки 7472
Клиент 1 завершил 7472 суток проживания из 10000

Сутки 7473
Клиент 1 завершил 7473 суток проживания из 10000

Сутки 7474
Клиент 1 завершил 7474 суток проживания из 10000

Сутки 7475
Клиент 1 завершил 7475 суток проживания из 10000

Сутки 7476
Клиент 1 завершил 7476 суток проживания из 10000

Сутки 7477
Клиент 1 завершил 7477 суток проживания из 10000

Сутки 7478
Клиент 1 завершил 7478 суток проживания из 10000

Сутки 7479
Клиент 1 завершил 7479 суток проживания из 10000

Сутки 7480
Клиент 1 завершил 7480 суток проживания из 10000

Сутки 7481
Клиент 1 завершил 7481 суток проживания из 10000

Сутки 7482
Клиент 1 завершил 7482 суток проживания из 10000

Сутки 7483
Клиент 1 завершил 7483 суток проживания из 10000

Сутки 7484
Клиент 1 завершил 7484 суток проживания из 10000

Сутки 7485
Клиент 1 завершил 7485 суток проживания из 10000

Сутки 7486
Клиент 1 завершил 7486 суток проживания из 10000

Сутки 7487
Клиент 1 завершил 7487 суток проживания из 10000

Сутки 7488
Клиент 1 завершил 7488 суток проживания из 10000

Сутки 7489
Клиент 1 завершил 7489 суток проживания из 10000

Сутки 7490
Клиент 1 завершил 7490 суток проживания из 10000

Сутки 7491
Клиент 1 завершил 7491 суток проживания из 10000

Сутки 7492
Клиент 1 завершил 7492 суток проживания из 10000

Сутки 7493
Клиент 1 завершил 7493 суток проживания из 10000

Сутки 7494
Клиент 1 завершил 7494 суток проживания из 10000

Сутки 7495
Клиент 1 завершил 7495 суток проживания из 10000

Сутки 7496
Клиент 1 завершил 7496 суток проживания из 10000

Сутки 7497
Клиент 1 завершил 7497 суток проживания из 10000

Сутки 7498
Клиент 1 завершил 7498 суток проживания из 10000

Сутки 7499
Клиент 1 завершил 7499 суток проживания из 10000

Сутки 7500
Клиент 1 завершил 7500 суток проживания из 10000

Сутки 7501
Клиент 1 завершил 7501 суток проживания из 10000

Сутки 7502
Клиент 1 завершил 7502 суток проживания из 10000

Сутки 7503
Клиент 1 завершил 7503 суток проживания из 10000

Сутки 7504
Клиент 1 завершил 7504 суток проживания из 10000

Сутки 7505
Клиент 1 завершил 7505 суток проживания из 10000

Сутки 7506
Клиент 1 завершил 7506 суток проживания из 10000

Сутки 7507
Клиент 1 завершил 7507 суток проживания из 10000

Сутки 7508
Клиент 1 завершил 7508 суток проживания из 10000

Сутки 7509
Клиент 1 завершил 7509 суток проживания из 10000

Сутки 7510
Клиент 1 завершил 7510 суток проживания из 10000

Сутки 7511
Клиент 1 завершил 7511 суток проживания из 10000

Сутки 7512
Клиент 1 завершил 7512 суток проживания из 10000

Сутки 7513
Клиент 1 завершил 7513 суток проживания из 10000

Сутки 7514
Клиент 1 завершил 7514 суток проживания из 10000

Сутки 7515
Клиент 1 завершил 7515 суток проживания из 10000

Сутки 7516
Клиент 1 завершил 7516 суток проживания из 10000

Сутки 7517
Клиент 1 завершил 7517 суток проживания из 10000

Сутки 7518
Клиент 1 завершил 7518 суток проживания из 10000

Сутки 7519
Клиент 1 завершил 7519 суток проживания из 10000

Сутки 7520
Клиент 1 завершил 7520 суток проживания из 10000

Сутки 7521
Клиент 1 завершил 7521 суток проживания из 10000

Сутки 7522
Клиент 1 завершил 7522 суток проживания из 10000

Сутки 7523
Клиент 1 завершил 7523 суток проживания из 10000

Сутки 7524
Клиент 1 завершил 7524 суток проживания из 10000

Сутки 7525
Клиент 1 завершил 7525 суток проживания из 10000

Сутки 7526
Клиент 1 завершил 7526 суток проживания из 10000

Сутки 7527
Клиент 1 завершил 7527 суток проживания из 10000

Сутки 7528
Клиент 1 завершил 7528 суток проживания из 10000

Сутки 7529
Клиент 1 завершил 7529 суток проживания из 10000

Сутки 7530
Клиент 1 завершил 7530 суток проживания из 10000

Сутки 7531
Клиент 1 завершил 7531 суток проживания из 10000

Сутки 7532
Клиент 1 завершил 7532 суток проживания из 10000

Сутки 7533
Клиент 1 завершил 7533 суток проживания из 10000

Сутки 7534
Клиент 1 завершил 7534 суток проживания из 10000

Сутки 7535
Клиент 1 завершил 7535 суток проживания из 10000

Сутки 7536
Клиент 1 завершил 7536 суток проживания из 10000

Сутки 7537
Клиент 1 завершил 7537 суток проживания из 10000

Сутки 7538
Клиент 1 завершил 7538 суток проживания из 10000

Сутки 7539
Клиент 1 завершил 7539 суток проживания из 10000

Сутки 7540
Клиент 1 завершил 7540 суток проживания из 10000

Сутки 7541
Клиент 1 завершил 7541 суток проживания из 10000

Сутки 7542
Клиент 1 завершил 7542 суток проживания из 10000

Сутки 7543
Клиент 1 завершил 7543 суток проживания из 10000

Сутки 7544
Клиент 1 завершил 7544 суток проживания из 10000

Сутки 7545
Клиент 1 завершил 7545 суток проживания из 10000

Сутки 7546
Клиент 1 завершил 7546 суток проживания из 10000

Сутки 7547
Клиент 1 завершил 7547 суток проживания из 10000

Сутки 7548
Клиент 1 завершил 7548 суток проживания из 10000

Сутки 7549
Клиент 1 завершил 7549 суток проживания из 10000

Сутки 7550
Клиент 1 завершил 7550 суток проживания из 10000

Сутки 7551
Клиент 1 завершил 7551 суток проживания из 10000

Сутки 7552
Клиент 1 завершил 7552 суток проживания из 10000

Сутки 7553
Клиент 1 завершил 7553 суток проживания из 10000

Сутки 7554
Клиент 1 завершил 7554 суток проживания из 10000

Сутки 7555
Клиент 1 завершил 7555 суток проживания из 10000

Сутки 7556
Клиент 1 завершил 7556 суток проживания из 10000

Сутки 7557
Клиент 1 завершил 7557 суток проживания из 10000

Сутки 7558
Клиент 1 завершил 7558 суток проживания из 10000

Сутки 7559
Клиент 1 завершил 7559 суток проживания из 10000

Сутки 7560
Клиент 1 завершил 7560 суток проживания из 10000

Сутки 7561
Клиент 1 завершил 7561 суток проживания из 10000

Сутки 7562
Клиент 1 завершил 7562 суток проживания из 10000

Сутки 7563
Клиент 1 завершил 7563 суток проживания из 10000

Сутки 7564
Клиент 1 завершил 7564 суток проживания из 10000

Сутки 7565
Клиент 1 завершил 7565 суток проживания из 10000

Сутки 7566
Клиент 1 завершил 7566 суток проживания из 10000

Сутки 7567
Клиент 1 завершил 7567 суток проживания из 10000

Сутки 7568
Клиент 1 завершил 7568 суток проживания из 10000

Сутки 7569
Клиент 1 завершил 7569 суток проживания из 10000

Сутки 7570
Клиент 1 завершил 7570 суток проживания из 10000

Сутки 7571
Клиент 1 завершил 7571 суток проживания из 10000

Сутки 7572
Клиент 1 завершил 7572 суток проживания из 10000

Сутки 7573
Клиент 1 завершил 7573 суток проживания из 10000

Сутки 7574
Клиент 1 завершил 7574 суток проживания из 10000

Сутки 7575
Клиент 1 завершил 7575 суток проживания из 10000

Сутки 7576
Клиент 1 завершил 7576 суток проживания из 10000

Сутки 7577
Клиент 1 завершил 7577 суток проживания из 10000

Сутки 7578
Клиент 1 завершил 7578 суток проживания из 10000

Сутки 7579
Клиент 1 завершил 7579 суток проживания из 10000

Сутки 7580
Клиент 1 завершил 7580 суток проживания из 10000

Сутки 7581
Клиент 1 завершил 7581 суток проживания из 10000

Сутки 7582
Клиент 1 завершил 7582 суток проживания из 10000

Сутки 7583
Клиент 1 завершил 7583 суток проживания из 10000

Сутки 7584
Клиент 1 завершил 7584 суток проживания из 10000

Сутки 7585
Клиент 1 завершил 7585 суток проживания из 10000

Сутки 7586
Клиент 1 завершил 7586 суток проживания из 10000

Сутки 7587
Клиент 1 завершил 7587 суток проживания из 10000

Сутки 7588
Клиент 1 завершил 7588 суток проживания из 10000

Сутки 7589
Клиент 1 завершил 7589 суток проживания из 10000

Сутки 7590
Клиент 1 завершил 7590 суток проживания из 10000

Сутки 7591
Клиент 1 завершил 7591 суток проживания из 10000

Сутки 7592
Клиент 1 завершил 7592 суток проживания из 10000

Сутки 7593
Клиент 1 завершил 7593 суток проживания из 10000

Сутки 7594
Клиент 1 завершил 7594 суток проживания из 10000

Сутки 7595
Клиент 1 завершил 7595 суток проживания из 10000

Сутки 7596
Клиент 1 завершил 7596 суток проживания из 10000

Сутки 7597
Клиент 1 завершил 7597 суток проживания из 10000

Сутки 7598
Клиент 1 завершил 7598 суток проживания из 10000

Сутки 7599
Клиент 1 завершил 7599 суток проживания из 10000

Сутки 7600
Клиент 1 завершил 7600 суток проживания из 10000

Сутки 7601
Клиент 1 завершил 7601 суток проживания из 10000

Сутки 7602
Клиент 1 завершил 7602 суток проживания из 10000

Сутки 7603
Клиент 1 завершил 7603 суток проживания из 10000

Сутки 7604
Клиент 1 завершил 7604 суток проживания из 10000

Сутки 7605
Клиент 1 завершил 7605 суток проживания из 10000

Сутки 7606
Клиент 1 завершил 7606 суток проживания из 10000

Сутки 7607
Клиент 1 завершил 7607 суток проживания из 10000

Сутки 7608
Клиент 1 завершил 7608 суток проживания из 10000

Сутки 7609
Клиент 1 завершил 7609 суток проживания из 10000

Сутки 7610
Клиент 1 завершил 7610 суток проживания из 10000

Сутки 7611
Клиент 1 завершил 7611 суток проживания из 10000

Сутки 7612
Клиент 1 завершил 7612 суток проживания из 10000

Сутки 7613
Клиент 1 завершил 7613 суток проживания из 10000

Сутки 7614
Клиент 1 завершил 7614 суток проживания из 10000

Сутки 7615
Клиент 1 завершил 7615 суток проживания из 10000

Сутки 7616
Клиент 1 завершил 7616 суток проживания из 10000

Сутки 7617
Клиент 1 завершил 7617 суток проживания из 10000

Сутки 7618
Клиент 1 завершил 7618 суток проживания из 10000

Сутки 7619
Клиент 1 завершил 7619 суток проживания из 10000

Сутки 7620
Клиент 1 завершил 7620 суток проживания из 10000

Сутки 7621
Клиент 1 завершил 7621 суток проживания из 10000

Сутки 7622
Клиент 1 завершил 7622 суток проживания из 10000

Сутки 7623
Клиент 1 завершил 7623 суток проживания из 10000

Сутки 7624
Клиент 1 завершил 7624 суток проживания из 10000

Сутки 7625
Клиент 1 завершил 7625 суток проживания из 10000

Сутки 7626
Клиент 1 завершил 7626 суток проживания из 10000

Сутки 7627
Клиент 1 завершил 7627 суток проживания из 10000

Сутки 7628
Клиент 1 завершил 7628 суток проживания из 10000

Сутки 7629
Клиент 1 завершил 7629 суток проживания из 10000

Сутки 7630
Клиент 1 завершил 7630 суток проживания из 10000

Сутки 7631
Клиент 1 завершил 7631 суток проживания из 10000

Сутки 7632
Клиент 1 завершил 7632 суток проживания из 10000

Сутки 7633
Клиент 1 завершил 7633 суток проживания из 10000

Сутки 7634
Клиент 1 завершил 7634 суток проживания из 10000

Сутки 7635
Клиент 1 завершил 7635 суток проживания из 10000

Сутки 7636
Клиент 1 завершил 7636 суток проживания из 10000

Сутки 7637
Клиент 1 завершил 7637 суток проживания из 10000

Сутки 7638
Клиент 1 завершил 7638 суток проживания из 10000

Сутки 7639
Клиент 1 завершил 7639 суток проживания из 10000

Сутки 7640
Клиент 1 завершил 7640 суток проживания из 10000

Сутки 7641
Клиент 1 завершил 7641 суток проживания из 10000

Сутки 7642
Клиент 1 завершил 7642 суток проживания из 10000

Сутки 7643
Клиент 1 завершил 7643 суток проживания из 10000

Сутки 7644
Клиент 1 завершил 7644 суток проживания из 10000

Сутки 7645
Клиент 1 завершил 7645 суток проживания из 10000

Сутки 7646
Клиент 1 завершил 7646 суток проживания из 10000

Сутки 7647
Клиент 1 завершил 7647 суток проживания из 10000

Сутки 7648
Клиент 1 завершил 7648 суток проживания из 10000

Сутки 7649
Клиент 1 завершил 7649 суток проживания из 10000

Сутки 7650
Клиент 1 завершил 7650 суток проживания из 10000

Сутки 7651
Клиент 1 завершил 7651 суток проживания из 10000

Сутки 7652
Клиент 1 завершил 7652 суток проживания из 10000

Сутки 7653
Клиент 1 завершил 7653 суток проживания из 10000

Сутки 7654
Клиент 1 завершил 7654 суток проживания из 10000

Сутки 7655
Клиент 1 завершил 7655 суток проживания из 10000

Сутки 7656
Клиент 1 завершил 7656 суток проживания из 10000

Сутки 7657
Клиент 1 завершил 7657 суток проживания из 10000

Сутки 7658
Клиент 1 завершил 7658 суток проживания из 10000

Сутки 7659
Клиент 1 завершил 7659 суток проживания из 10000

Сутки 7660
Клиент 1 завершил 7660 суток проживания из 10000

Сутки 7661
Клиент 1 завершил 7661 суток проживания из 10000

Сутки 7662
Клиент 1 завершил 7662 суток проживания из 10000

Сутки 7663
Клиент 1 завершил 7663 суток проживания из 10000

Сутки 7664
Клиент 1 завершил 7664 суток проживания из 10000

Сутки 7665
Клиент 1 завершил 7665 суток проживания из 10000

Сутки 7666
Клиент 1 завершил 7666 суток проживания из 10000

Сутки 7667
Клиент 1 завершил 7667 суток проживания из 10000

Сутки 7668
Клиент 1 завершил 7668 суток проживания из 10000

Сутки 7669
Клиент 1 завершил 7669 суток проживания из 10000

Сутки 7670
Клиент 1 завершил 7670 суток проживания из 10000

Сутки 7671
Клиент 1 завершил 7671 суток проживания из 10000

Сутки 7672
Клиент 1 завершил 7672 суток проживания из 10000

Сутки 7673
Клиент 1 завершил 7673 суток проживания из 10000

Сутки 7674
Клиент 1 завершил 7674 суток проживания из 10000

Сутки 7675
Клиент 1 завершил 7675 суток проживания из 10000

Сутки 7676
Клиент 1 завершил 7676 суток проживания из 10000

Сутки 7677
Клиент 1 завершил 7677 суток проживания из 10000

Сутки 7678
Клиент 1 завершил 7678 суток проживания из 10000

Сутки 7679
Клиент 1 завершил 7679 суток проживания из 10000

Сутки 7680
Клиент 1 завершил 7680 суток проживания из 10000

Сутки 7681
Клиент 1 завершил 7681 суток проживания из 10000

Сутки 7682
Клиент 1 завершил 7682 суток проживания из 10000

Сутки 7683
Клиент 1 завершил 7683 суток проживания из 10000

Сутки 7684
Клиент 1 завершил 7684 суток проживания из 10000

Сутки 7685
Клиент 1 завершил 7685 суток проживания из 10000

Сутки 7686
Клиент 1 завершил 7686 суток проживания из 10000

Сутки 7687
Клиент 1 завершил 7687 суток проживания из 10000

Сутки 7688
Клиент 1 завершил 7688 суток проживания из 10000

Сутки 7689
Клиент 1 завершил 7689 суток проживания из 10000

Сутки 7690
Клиент 1 завершил 7690 суток проживания из 10000

Сутки 7691
Клиент 1 завершил 7691 суток проживания из 10000

Сутки 7692
Клиент 1 завершил 7692 суток проживания из 10000

Сутки 7693
Клиент 1 завершил 7693 суток проживания из 10000

Сутки 7694
Клиент 1 завершил 7694 суток проживания из 10000

Сутки 7695
Клиент 1 завершил 7695 суток проживания из 10000

Сутки 7696
Клиент 1 завершил 7696 суток проживания из 10000

Сутки 7697
Клиент 1 завершил 7697 суток проживания из 10000

Сутки 7698
Клиент 1 завершил 7698 суток проживания из 10000

Сутки 7699
Клиент 1 завершил 7699 суток проживания из 10000

Сутки 7700
Клиент 1 завершил 7700 суток проживания из 10000

Сутки 7701
Клиент 1 завершил 7701 суток проживания из 10000

Сутки 7702
Клиент 1 завершил 7702 суток проживания из 10000

Сутки 7703
Клиент 1 завершил 7703 суток проживания из 10000

Сутки 7704
Клиент 1 завершил 7704 суток проживания из 10000

Сутки 7705
Клиент 1 завершил 7705 суток проживания из 10000

Сутки 7706
Клиент 1 завершил 7706 суток проживания из 10000

Сутки 7707
Клиент 1 завершил 7707 суток проживания из 10000

Сутки 7708
Клиент 1 завершил 7708 суток проживания из 10000

Сутки 7709
Клиент 1 завершил 7709 суток проживания из 10000

Сутки 7710
Клиент 1 завершил 7710 суток проживания из 10000

Сутки 7711
Клиент 1 завершил 7711 суток проживания из 10000

Сутки 7712
Клиент 1 завершил 7712 суток проживания из 10000

Сутки 7713
Клиент 1 завершил 7713 суток проживания из 10000

Сутки 7714
Клиент 1 завершил 7714 суток проживания из 10000

Сутки 7715
Клиент 1 завершил 7715 суток проживания из 10000

Сутки 7716
Клиент 1 завершил 7716 суток проживания из 10000

Сутки 7717
Клиент 1 завершил 7717 суток проживания из 10000

Сутки 7718
Клиент 1 завершил 7718 суток проживания из 10000

Сутки 7719
Клиент 1 завершил 7719 суток проживания из 10000

Сутки 7720
Клиент 1 завершил 7720 суток проживания из 10000

Сутки 7721
Клиент 1 завершил 7721 суток проживания из 10000

Сутки 7722
Клиент 1 завершил 7722 суток проживания из 10000

Сутки 7723
Клиент 1 завершил 7723 суток проживания из 10000

Сутки 7724
Клиент 1 завершил 7724 суток проживания из 10000

Сутки 7725
Клиент 1 завершил 7725 суток проживания из 10000

Сутки 7726
Клиент 1 завершил 7726 суток проживания из 10000

Сутки 7727
Клиент 1 завершил 7727 суток проживания из 10000

Сутки 7728
Клиент 1 завершил 7728 суток проживания из 10000

Сутки 7729
Клиент 1 завершил 7729 суток проживания из 10000

Сутки 7730
Клиент 1 завершил 7730 суток проживания из 10000

Сутки 7731
Клиент 1 завершил 7731 суток проживания из 10000

Сутки 7732
Клиент 1 завершил 7732 суток проживания из 10000

Сутки 7733
Клиент 1 завершил 7733 суток проживания из 10000

Сутки 7734
Клиент 1 завершил 7734 суток проживания из 10000

Сутки 7735
Клиент 1 завершил 7735 суток проживания из 10000

Сутки 7736
Клиент 1 завершил 7736 суток проживания из 10000

Сутки 7737
Клиент 1 завершил 7737 суток проживания из 10000

Сутки 7738
Клиент 1 завершил 7738 суток проживания из 10000

Сутки 7739
Клиент 1 завершил 7739 суток проживания из 10000

Сутки 7740
Клиент 1 завершил 7740 суток проживания из 10000

Сутки 7741
Клиент 1 завершил 7741 суток проживания из 10000

Сутки 7742
Клиент 1 завершил 7742 суток проживания из 10000

Сутки 7743
Клиент 1 завершил 7743 суток проживания из 10000

Сутки 7744
Клиент 1 завершил 7744 суток проживания из 10000

Сутки 7745
Клиент 1 завершил 7745 суток проживания из 10000

Сутки 7746
Клиент 1 завершил 7746 суток проживания из 10000

Сутки 7747
Клиент 1 завершил 7747 суток проживания из 10000

Сутки 7748
Клиент 1 завершил 7748 суток проживания из 10000

Сутки 7749
Клиент 1 завершил 7749 суток проживания из 10000

Сутки 7750
Клиент 1 завершил 7750 суток проживания из 10000

Сутки 7751
Клиент 1 завершил 7751 суток проживания из 10000

Сутки 7752
Клиент 1 завершил 7752 суток проживания из 10000

Сутки 7753
Клиент 1 завершил 7753 суток проживания из 10000

Сутки 7754
Клиент 1 завершил 7754 суток проживания из 10000

Сутки 7755
Клиент 1 завершил 7755 суток проживания из 10000

Сутки 7756
Клиент 1 завершил 7756 суток проживания из 10000

Сутки 7757
Клиент 1 завершил 7757 суток проживания из 10000

Сутки 7758
Клиент 1 завершил 7758 суток проживания из 10000

Сутки 7759
Клиент 1 завершил 7759 суток проживания из 10000

Сутки 7760
Клиент 1 завершил 7760 суток проживания из 10000

Сутки 7761
Клиент 1 завершил 7761 суток проживания из 10000

Сутки 7762
Клиент 1 завершил 7762 суток проживания из 10000

Сутки 7763
Клиент 1 завершил 7763 суток проживания из 10000

Сутки 7764
Клиент 1 завершил 7764 суток проживания из 10000

Сутки 7765
Клиент 1 завершил 7765 суток проживания из 10000

Сутки 7766
Клиент 1 завершил 7766 суток проживания из 10000

Сутки 7767
Клиент 1 завершил 7767 суток проживания из 10000

Сутки 7768
Клиент 1 завершил 7768 суток проживания из 10000

Сутки 7769
Клиент 1 завершил 7769 суток проживания из 10000

Сутки 7770
Клиент 1 завершил 7770 суток проживания из 10000

Сутки 7771
Клиент 1 завершил 7771 суток проживания из 10000

Сутки 7772
Клиент 1 завершил 7772 суток проживания из 10000

Сутки 7773
Клиент 1 завершил 7773 суток проживания из 10000

Сутки 7774
Клиент 1 завершил 7774 суток проживания из 10000

Сутки 7775
Клиент 1 завершил 7775 суток проживания из 10000

Сутки 7776
Клиент 1 завершил 7776 суток проживания из 10000

Сутки 7777
Клиент 1 завершил 7777 суток проживания из 10000

Сутки 7778
Клиент 1 завершил 7778 суток проживания из 10000

Сутки 7779
Клиент 1 завершил 7779 суток проживания из 10000

Сутки 7780
Клиент 1 завершил 7780 суток проживания из 10000

Сутки 7781
Клиент 1 завершил 7781 суток проживания из 10000

Сутки 7782
Клиент 1 завершил 7782 суток проживания из 10000

Сутки 7783
Клиент 1 завершил 7783 суток проживания из 10000

Сутки 7784
Клиент 1 завершил 7784 суток проживания из 10000

Сутки 7785
Клиент 1 завершил 7785 суток проживания из 10000

Сутки 7786
Клиент 1 завершил 7786 суток проживания из 10000

Сутки 7787
Клиент 1 завершил 7787 суток проживания из 10000

Сутки 7788
Клиент 1 завершил 7788 суток проживания из 10000

Сутки 7789
Клиент 1 завершил 7789 суток проживания из 10000

Сутки 7790
Клиент 1 завершил 7790 суток проживания из 10000

Сутки 7791
Клиент 1 завершил 7791 суток проживания из 10000

Сутки 7792
Клиент 1 завершил 7792 суток проживания из 10000

Сутки 7793
Клиент 1 завершил 7793 суток проживания из 10000

Сутки 7794
Клиент 1 завершил 7794 суток проживания из 10000

Сутки 7795
Клиент 1 завершил 7795 суток проживания из 10000

Сутки 7796
Клиент 1 завершил 7796 суток проживания из 10000

Сутки 7797
Клиент 1 завершил 7797 суток проживания из 10000

Сутки 7798
Клиент 1 завершил 7798 суток проживания из 10000

Сутки 7799
Клиент 1 завершил 7799 суток проживания из 10000

Сутки 7800
Клиент 1 завершил 7800 суток проживания из 10000

Сутки 7801
Клиент 1 завершил 7801 суток проживания из 10000

Сутки 7802
Клиент 1 завершил 7802 суток проживания из 10000

Сутки 7803
Клиент 1 завершил 7803 суток проживания из 10000

Сутки 7804
Клиент 1 завершил 7804 суток проживания из 10000

Сутки 7805
Клиент 1 завершил 7805 суток проживания из 10000

Сутки 7806
Клиент 1 завершил 7806 суток проживания из 10000

Сутки 7807
Клиент 1 завершил 7807 суток проживания из 10000

Сутки 7808
Клиент 1 завершил 7808 суток проживания из 10000

Сутки 7809
Клиент 1 завершил 7809 суток проживания из 10000

Сутки 7810
Клиент 1 завершил 7810 суток проживания из 10000

Сутки 7811
Клиент 1 завершил 7811 суток проживания из 10000

Сутки 7812
Клиент 1 завершил 7812 суток проживания из 10000

Сутки 7813
Клиент 1 завершил 7813 суток проживания из 10000

Сутки 7814
Клиент 1 завершил 7814 суток проживания из 10000

Сутки 7815
Клиент 1 завершил 7815 суток проживания из 10000

Сутки 7816
Клиент 1 завершил 7816 суток проживания из 10000

Сутки 7817
Клиент 1 завершил 7817 суток проживания из 10000

Сутки 7818
Клиент 1 завершил 7818 суток проживания из 10000

Сутки 7819
Клиент 1 завершил 7819 суток проживания из 10000

Сутки 7820
Клиент 1 завершил 7820 суток проживания из 10000

Сутки 7821
Клиент 1 завершил 7821 суток проживания из 10000

Сутки 7822
Клиент 1 завершил 7822 суток проживания из 10000

Сутки 7823
Клиент 1 завершил 7823 суток проживания из 10000

Сутки 7824
Клиент 1 завершил 7824 суток проживания из 10000

Сутки 7825
Клиент 1 завершил 7825 суток проживания из 10000

Сутки 7826
Клиент 1 завершил 7826 суток проживания из 10000

Сутки 7827
Клиент 1 завершил 7827 суток проживания из 10000

Сутки 7828
Клиент 1 завершил 7828 суток проживания из 10000

Сутки 7829
Клиент 1 завершил 7829 суток проживания из 10000

Сутки 7830
Клиент 1 завершил 7830 суток проживания из 10000

Сутки 7831
Клиент 1 завершил 7831 суток проживания из 10000

Сутки 7832
Клиент 1 завершил 7832 суток проживания из 10000

Сутки 7833
Клиент 1 завершил 7833 суток проживания из 10000

Сутки 7834
Клиент 1 завершил 7834 суток проживания из 10000

Сутки 7835
Клиент 1 завершил 7835 суток проживания из 10000

Сутки 7836
Клиент 1 завершил 7836 суток проживания из 10000

Сутки 7837
Клиент 1 завершил 7837 суток проживания из 10000

Сутки 7838
Клиент 1 завершил 7838 суток проживания из 10000

Сутки 7839
Клиент 1 завершил 7839 суток проживания из 10000

Сутки 7840
Клиент 1 завершил 7840 суток проживания из 10000

Сутки 7841
Клиент 1 завершил 7841 суток проживания из 10000

Сутки 7842
Клиент 1 завершил 7842 суток проживания из 10000

Сутки 7843
Клиент 1 завершил 7843 суток проживания из 10000

Сутки 7844
Клиент 1 завершил 7844 суток проживания из 10000

Сутки 7845
Клиент 1 завершил 7845 суток проживания из 10000

Сутки 7846
Клиент 1 завершил 7846 суток проживания из 10000

Сутки 7847
Клиент 1 завершил 7847 суток проживания из 10000

Сутки 7848
Клиент 1 завершил 7848 суток проживания из 10000

Сутки 7849
Клиент 1 завершил 7849 суток проживания из 10000

Сутки 7850
Клиент 1 завершил 7850 суток проживания из 10000

Сутки 7851
Клиент 1 завершил 7851 суток проживания из 10000

Сутки 7852
Клиент 1 завершил 7852 суток проживания из 10000

Сутки 7853
Клиент 1 завершил 7853 суток проживания из 10000

Сутки 7854
Клиент 1 завершил 7854 суток проживания из 10000

Сутки 7855
Клиент 1 завершил 7855 суток проживания из 10000

Сутки 7856
Клиент 1 завершил 7856 суток проживания из 10000

Сутки 7857
Клиент 1 завершил 7857 суток проживания из 10000

Сутки 7858
Клиент 1 завершил 7858 суток проживания из 10000

Сутки 7859
Клиент 1 завершил 7859 суток проживания из 10000

Сутки 7860
Клиент 1 завершил 7860 суток проживания из 10000

Сутки 7861
Клиент 1 завершил 7861 суток проживания из 10000

Сутки 7862
Клиент 1 завершил 7862 суток проживания из 10000

Сутки 7863
Клиент 1 завершил 7863 суток проживания из 10000

Сутки 7864
Клиент 1 завершил 7864 суток проживания из 10000

Сутки 7865
Клиент 1 завершил 7865 суток проживания из 10000

Сутки 7866
Клиент 1 завершил 7866 суток проживания из 10000

Сутки 7867
Клиент 1 завершил 7867 суток проживания из 10000

Сутки 7868
Клиент 1 завершил 7868 суток проживания из 10000

Сутки 7869
Клиент 1 завершил 7869 суток проживания из 10000

Сутки 7870
Клиент 1 завершил 7870 суток проживания из 10000

Сутки 7871
Клиент 1 завершил 7871 суток проживания из 10000

Сутки 7872
Клиент 1 завершил 7872 суток проживания из 10000

Сутки 7873
Клиент 1 завершил 7873 суток проживания из 10000

Сутки 7874
Клиент 1 завершил 7874 суток проживания из 10000

Сутки 7875
Клиент 1 завершил 7875 суток проживания из 10000

Сутки 7876
Клиент 1 завершил 7876 суток проживания из 10000

Сутки 7877
Клиент 1 завершил 7877 суток проживания из 10000

Сутки 7878
Клиент 1 завершил 7878 суток проживания из 10000

Сутки 7879
Клиент 1 завершил 7879 суток проживания из 10000

Сутки 7880
Клиент 1 завершил 7880 суток проживания из 10000

Сутки 7881
Клиент 1 завершил 7881 суток проживания из 10000

Сутки 7882
Клиент 1 завершил 7882 суток проживания из 10000

Сутки 7883
Клиент 1 завершил 7883 суток проживания из 10000

Сутки 7884
Клиент 1 завершил 7884 суток проживания из 10000

Сутки 7885
Клиент 1 завершил 7885 суток проживания из 10000

Сутки 7886
Клиент 1 завершил 7886 суток проживания из 10000

Сутки 7887
Клиент 1 завершил 7887 суток проживания из 10000

Сутки 7888
Клиент 1 завершил 7888 суток проживания из 10000

Сутки 7889
Клиент 1 завершил 7889 суток проживания из 10000

Сутки 7890
Клиент 1 завершил 7890 суток проживания из 10000

Сутки 7891
Клиент 1 завершил 7891 суток проживания из 10000

Сутки 7892
Клиент 1 завершил 7892 суток проживания из 10000

Сутки 7893
Клиент 1 завершил 7893 суток проживания из 10000

Сутки 7894
Клиент 1 завершил 7894 суток проживания из 10000

Сутки 7895
Клиент 1 завершил 7895 суток проживания из 10000

Сутки 7896
Клиент 1 завершил 7896 суток проживания из 10000

Сутки 7897
Клиент 1 завершил 7897 суток проживания из 10000

Сутки 7898
Клиент 1 завершил 7898 суток проживания из 10000

Сутки 7899
Клиент 1 завершил 7899 суток проживания из 10000

Сутки 7900
Клиент 1 завершил 7900 суток проживания из 10000

Сутки 7901
Клиент 1 завершил 7901 суток проживания из 10000

Сутки 7902
Клиент 1 завершил 7902 суток проживания из 10000

Сутки 7903
Клиент 1 завершил 7903 суток проживания из 10000

Сутки 7904
Клиент 1 завершил 7904 суток проживания из 10000

Сутки 7905
Клиент 1 завершил 7905 суток проживания из 10000

Сутки 7906
Клиент 1 завершил 7906 суток проживания из 10000

Сутки 7907
Клиент 1 завершил 7907 суток проживания из 10000

Сутки 7908
Клиент 1 завершил 7908 суток проживания из 10000

Сутки 7909
Клиент 1 завершил 7909 суток проживания из 10000

Сутки 7910
Клиент 1 завершил 7910 суток проживания из 10000

Сутки 7911
Клиент 1 завершил 7911 суток проживания из 10000

Сутки 7912
Клиент 1 завершил 7912 суток проживания из 10000

Сутки 7913
Клиент 1 завершил 7913 суток проживания из 10000

Сутки 7914
Клиент 1 завершил 7914 суток проживания из 10000

Сутки 7915
Клиент 1 завершил 7915 суток проживания из 10000

Сутки 7916
Клиент 1 завершил 7916 суток проживания из 10000

Сутки 7917
Клиент 1 завершил 7917 суток проживания из 10000

Сутки 7918
Клиент 1 завершил 7918 суток проживания из 10000

Сутки 7919
Клиент 1 завершил 7919 суток проживания из 10000

Сутки 7920
Клиент 1 завершил 7920 суток проживания из 10000

Сутки 7921
Клиент 1 завершил 7921 суток проживания из 10000

Сутки 7922
Клиент 1 завершил 7922 суток проживания из 10000

Сутки 7923
Клиент 1 завершил 7923 суток проживания из 10000

Сутки 7924
Клиент 1 завершил 7924 суток проживания из 10000

Сутки 7925
Клиент 1 завершил 7925 суток проживания из 10000

Сутки 7926
Клиент 1 завершил 7926 суток проживания из 10000

Сутки 7927
Клиент 1 завершил 7927 суток проживания из 10000

Сутки 7928
Клиент 1 завершил 7928 суток проживания из 10000

Сутки 7929
Клиент 1 завершил 7929 суток проживания из 10000

Сутки 7930
Клиент 1 завершил 7930 суток проживания из 10000

Сутки 7931
Клиент 1 завершил 7931 суток проживания из 10000

Сутки 7932
Клиент 1 завершил 7932 суток проживания из 10000

Сутки 7933
Клиент 1 завершил 7933 суток проживания из 10000

Сутки 7934
Клиент 1 завершил 7934 суток проживания из 10000

Сутки 7935
Клиент 1 завершил 7935 суток проживания из 10000

Сутки 7936
Клиент 1 завершил 7936 суток проживания из 10000

Сутки 7937
Клиент 1 завершил 7937 суток проживания из 10000

Сутки 7938
Клиент 1 завершил 7938 суток проживания из 10000

Сутки 7939
Клиент 1 завершил 7939 суток проживания из 10000

Сутки 7940
Клиент 1 завершил 7940 суток проживания из 10000

Сутки 7941
Клиент 1 завершил 7941 суток проживания из 10000

Сутки 7942
Клиент 1 завершил 7942 суток проживания из 10000

Сутки 7943
Клиент 1 завершил 7943 суток проживания из 10000

Сутки 7944
Клиент 1 завершил 7944 суток проживания из 10000

Сутки 7945
Клиент 1 завершил 7945 суток проживания из 10000

Сутки 7946
Клиент 1 завершил 7946 суток проживания из 10000

Сутки 7947
Клиент 1 завершил 7947 суток проживания из 10000

Сутки 7948
Клиент 1 завершил 7948 суток проживания из 10000

Сутки 7949
Клиент 1 завершил 7949 суток проживания из 10000

Сутки 7950
Клиент 1 завершил 7950 суток проживания из 10000

Сутки 7951
Клиент 1 завершил 7951 суток проживания из 10000

Сутки 7952
Клиент 1 завершил 7952 суток проживания из 10000

Сутки 7953
Клиент 1 завершил 7953 суток проживания из 10000

Сутки 7954
Клиент 1 завершил 7954 суток проживания из 10000

Сутки 7955
Клиент 1 завершил 7955 суток проживания из 10000

Сутки 7956
Клиент 1 завершил 7956 суток проживания из 10000

Сутки 7957
Клиент 1 завершил 7957 суток проживания из 10000

Сутки 7958
Клиент 1 завершил 7958 суток проживания из 10000

Сутки 7959
Клиент 1 завершил 7959 суток проживания из 10000

Сутки 7960
Клиент 1 завершил 7960 суток проживания из 10000

Сутки 7961
Клиент 1 завершил 7961 суток проживания из 10000

Сутки 7962
Клиент 1 завершил 7962 суток проживания из 10000

Сутки 7963
Клиент 1 завершил 7963 суток проживания из 10000

Сутки 7964
Клиент 1 завершил 7964 суток проживания из 10000

Сутки 7965
Клиент 1 завершил 7965 суток проживания из 10000

Сутки 7966
Клиент 1 завершил 7966 суток проживания из 10000

Сутки 7967
Клиент 1 завершил 7967 суток проживания из 10000

Сутки 7968
Клиент 1 завершил 7968 суток проживания из 10000

Сутки 7969
Клиент 1 завершил 7969 суток проживания из 10000

Сутки 7970
Клиент 1 завершил 7970 суток проживания из 10000

Сутки 7971
Клиент 1 завершил 7971 суток проживания из 10000

Сутки 7972
Клиент 1 завершил 7972 суток проживания из 10000

Сутки 7973
Клиент 1 завершил 7973 суток проживания из 10000

Сутки 7974
Клиент 1 завершил 7974 суток проживания из 10000

Сутки 7975
Клиент 1 завершил 7975 суток проживания из 10000

Сутки 7976
Клиент 1 завершил 7976 суток проживания из 10000

Сутки 7977
Клиент 1 завершил 7977 суток проживания из 10000

Сутки 7978
Клиент 1 завершил 7978 суток проживания из 10000

Сутки 7979
Клиент 1 завершил 7979 суток проживания из 10000

Сутки 7980
Клиент 1 завершил 7980 суток проживания из 10000

Сутки 7981
Клиент 1 завершил 7981 суток проживания из 10000

Сутки 7982
Клиент 1 завершил 7982 суток проживания из 10000

Сутки 7983
Клиент 1 завершил 7983 суток проживания из 10000

Сутки 7984
Клиент 1 завершил 7984 суток проживания из 10000

Сутки 7985
Клиент 1 завершил 7985 суток проживания из 10000

Сутки 7986
Клиент 1 завершил 7986 суток проживания из 10000

Сутки 7987
Клиент 1 завершил 7987 суток проживания из 10000

Сутки 7988
Клиент 1 завершил 7988 суток проживания из 10000

Сутки 7989
Клиент 1 завершил 7989 суток проживания из 10000

Сутки 7990
Клиент 1 завершил 7990 суток проживания из 10000

Сутки 7991
Клиент 1 завершил 7991 суток проживания из 10000

Сутки 7992
Клиент 1 завершил 7992 суток проживания из 10000

Сутки 7993
Клиент 1 завершил 7993 суток проживания из 10000

Сутки 7994
Клиент 1 завершил 7994 суток проживания из 10000

Сутки 7995
Клиент 1 завершил 7995 суток проживания из 10000

Сутки 7996
Клиент 1 завершил 7996 суток проживания из 10000

Сутки 7997
Клиент 1 завершил 7997 суток проживания из 10000

Сутки 7998
Клиент 1 завершил 7998 суток проживания из 10000

Сутки 7999
Клиент 1 завершил 7999 суток проживания из 10000

Сутки 8000
Клиент 1 завершил 8000 суток проживания из 10000

Сутки 8001
Клиент 1 завершил 8001 суток проживания из 10000

Сутки 8002
Клиент 1 завершил 8002 суток проживания из 10000

Сутки 8003
Клиент 1 завершил 8003 суток проживания из 10000

Сутки 8004
Клиент 1 завершил 8004 суток проживания из 10000

Сутки 8005
Клиент 1 завершил 8005 суток проживания из 10000

Сутки 8006
Клиент 1 завершил 8006 суток проживания из 10000

Сутки 8007
Клиент 1 завершил 8007 суток проживания из 10000

Сутки 8008
Клиент 1 завершил 8008 суток проживания из 10000

Сутки 8009
Клиент 1 завершил 8009 суток проживания из 10000

Сутки 8010
Клиент 1 завершил 8010 суток проживания из 10000

Сутки 8011
Клиент 1 завершил 8011 суток проживания из 10000

Сутки 8012
Клиент 1 завершил 8012 суток проживания из 10000

Сутки 8013
Клиент 1 завершил 8013 суток проживания из 10000

Сутки 8014
Клиент 1 завершил 8014 суток проживания из 10000

Сутки 8015
Клиент 1 завершил 8015 суток проживания из 10000

Сутки 8016
Клиент 1 завершил 8016 суток проживания из 10000

Сутки 8017
Клиент 1 завершил 8017 суток проживания из 10000

Сутки 8018
Клиент 1 завершил 8018 суток проживания из 10000

Сутки 8019
Клиент 1 завершил 8019 суток проживания из 10000

Сутки 8020
Клиент 1 завершил 8020 суток проживания из 10000

Сутки 8021
Клиент 1 завершил 8021 суток проживания из 10000

Сутки 8022
Клиент 1 завершил 8022 суток проживания из 10000

Сутки 8023
Клиент 1 завершил 8023 суток проживания из 10000

Сутки 8024
Клиент 1 завершил 8024 суток проживания из 10000

Сутки 8025
Клиент 1 завершил 8025 суток проживания из 10000

Сутки 8026
Клиент 1 завершил 8026 суток проживания из 10000

Сутки 8027
Клиент 1 завершил 8027 суток проживания из 10000

Сутки 8028
Клиент 1 завершил 8028 суток проживания из 10000

Сутки 8029
Клиент 1 завершил 8029 суток проживания из 10000

Сутки 8030
Клиент 1 завершил 8030 суток проживания из 10000

Сутки 8031
Клиент 1 завершил 8031 суток проживания из 10000

Сутки 8032
Клиент 1 завершил 8032 суток проживания из 10000

Сутки 8033
Клиент 1 завершил 8033 суток проживания из 10000

Сутки 8034
Клиент 1 завершил 8034 суток проживания из 10000

Сутки 8035
Клиент 1 завершил 8035 суток проживания из 10000

Сутки 8036
Клиент 1 завершил 8036 суток проживания из 10000

Сутки 8037
Клиент 1 завершил 8037 суток проживания из 10000

Сутки 8038
Клиент 1 завершил 8038 суток проживания из 10000

Сутки 8039
Клиент 1 завершил 8039 суток проживания из 10000

Сутки 8040
Клиент 1 завершил 8040 суток проживания из 10000

Сутки 8041
Клиент 1 завершил 8041 суток проживания из 10000

Сутки 8042
Клиент 1 завершил 8042 суток проживания из 10000

Сутки 8043
Клиент 1 завершил 8043 суток проживания из 10000

Сутки 8044
Клиент 1 завершил 8044 суток проживания из 10000

Сутки 8045
Клиент 1 завершил 8045 суток проживания из 10000

Сутки 8046
Клиент 1 завершил 8046 суток проживания из 10000

Сутки 8047
Клиент 1 завершил 8047 суток проживания из 10000

Сутки 8048
Клиент 1 завершил 8048 суток проживания из 10000

Сутки 8049
Клиент 1 завершил 8049 суток проживания из 10000

Сутки 8050
Клиент 1 завершил 8050 суток проживания из 10000

Сутки 8051
Клиент 1 завершил 8051 суток проживания из 10000

Сутки 8052
Клиент 1 завершил 8052 суток проживания из 10000

Сутки 8053
Клиент 1 завершил 8053 суток проживания из 10000

Сутки 8054
Клиент 1 завершил 8054 суток проживания из 10000

Сутки 8055
Клиент 1 завершил 8055 суток проживания из 10000

Сутки 8056
Клиент 1 завершил 8056 суток проживания из 10000

Сутки 8057
Клиент 1 завершил 8057 суток проживания из 10000

Сутки 8058
Клиент 1 завершил 8058 суток проживания из 10000

Сутки 8059
Клиент 1 завершил 8059 суток проживания из 10000

Сутки 8060
Клиент 1 завершил 8060 суток проживания из 10000

Сутки 8061
Клиент 1 завершил 8061 суток проживания из 10000

Сутки 8062
Клиент 1 завершил 8062 суток проживания из 10000

Сутки 8063
Клиент 1 завершил 8063 суток проживания из 10000

Сутки 8064
Клиент 1 завершил 8064 суток проживания из 10000

Сутки 8065
Клиент 1 завершил 8065 суток проживания из 10000

Сутки 8066
Клиент 1 завершил 8066 суток проживания из 10000

Сутки 8067
Клиент 1 завершил 8067 суток проживания из 10000

Сутки 8068
Клиент 1 завершил 8068 суток проживания из 10000

Сутки 8069
Клиент 1 завершил 8069 суток проживания из 10000

Сутки 8070
Клиент 1 завершил 8070 суток проживания из 10000

Сутки 8071
Клиент 1 завершил 8071 суток проживания из 10000

Сутки 8072
Клиент 1 завершил 8072 суток проживания из 10000

Сутки 8073
Клиент 1 завершил 8073 суток проживания из 10000

Сутки 8074
Клиент 1 завершил 8074 суток проживания из 10000

Сутки 8075
Клиент 1 завершил 8075 суток проживания из 10000

Сутки 8076
Клиент 1 завершил 8076 суток проживания из 10000

Сутки 8077
Клиент 1 завершил 8077 суток проживания из 10000

Сутки 8078
Клиент 1 завершил 8078 суток проживания из 10000

Сутки 8079
Клиент 1 завершил 8079 суток проживания из 10000

Сутки 8080
Клиент 1 завершил 8080 суток проживания из 10000

Сутки 8081
Клиент 1 завершил 8081 суток проживания из 10000

Сутки 8082
Клиент 1 завершил 8082 суток проживания из 10000

Сутки 8083
Клиент 1 завершил 8083 суток проживания из 10000

Сутки 8084
Клиент 1 завершил 8084 суток проживания из 10000

Сутки 8085
Клиент 1 завершил 8085 суток проживания из 10000

Сутки 8086
Клиент 1 завершил 8086 суток проживания из 10000

Сутки 8087
Клиент 1 завершил 8087 суток проживания из 10000

Сутки 8088
Клиент 1 завершил 8088 суток проживания из 10000

Сутки 8089
Клиент 1 завершил 8089 суток проживания из 10000

Сутки 8090
Клиент 1 завершил 8090 суток проживания из 10000

Сутки 8091
Клиент 1 завершил 8091 суток проживания из 10000

Сутки 8092
Клиент 1 завершил 8092 суток проживания из 10000

Сутки 8093
Клиент 1 завершил 8093 суток проживания из 10000

Сутки 8094
Клиент 1 завершил 8094 суток проживания из 10000

Сутки 8095
Клиент 1 завершил 8095 суток проживания из 10000

Сутки 8096
Клиент 1 завершил 8096 суток проживания из 10000

Сутки 8097
Клиент 1 завершил 8097 суток проживания из 10000

Сутки 8098
Клиент 1 завершил 8098 суток проживания из 10000

Сутки 8099
Клиент 1 завершил 8099 суток проживания из 10000

Сутки 8100
Клиент 1 завершил 8100 суток проживания из 10000

Сутки 8101
Клиент 1 завершил 8101 суток проживания из 10000

Сутки 8102
Клиент 1 завершил 8102 суток проживания из 10000

Сутки 8103
Клиент 1 завершил 8103 суток проживания из 10000

Сутки 8104
Клиент 1 завершил 8104 суток проживания из 10000

Сутки 8105
Клиент 1 завершил 8105 суток проживания из 10000

Сутки 8106
Клиент 1 завершил 8106 суток проживания из 10000

Сутки 8107
Клиент 1 завершил 8107 суток проживания из 10000

Сутки 8108
Клиент 1 завершил 8108 суток проживания из 10000

Сутки 8109
Клиент 1 завершил 8109 суток проживания из 10000

Сутки 8110
Клиент 1 завершил 8110 суток проживания из 10000

Сутки 8111
Клиент 1 завершил 8111 суток проживания из 10000

Сутки 8112
Клиент 1 завершил 8112 суток проживания из 10000

Сутки 8113
Клиент 1 завершил 8113 суток проживания из 10000

Сутки 8114
Клиент 1 завершил 8114 суток проживания из 10000

Сутки 8115
Клиент 1 завершил 8115 суток проживания из 10000

Сутки 8116
Клиент 1 завершил 8116 суток проживания из 10000

Сутки 8117
Клиент 1 завершил 8117 суток проживания из 10000

Сутки 8118
Клиент 1 завершил 8118 суток проживания из 10000

Сутки 8119
Клиент 1 завершил 8119 суток проживания из 10000

Сутки 8120
Клиент 1 завершил 8120 суток проживания из 10000

Сутки 8121
Клиент 1 завершил 8121 суток проживания из 10000

Сутки 8122
Клиент 1 завершил 8122 суток проживания из 10000

Сутки 8123
Клиент 1 завершил 8123 суток проживания из 10000

Сутки 8124
Клиент 1 завершил 8124 суток проживания из 10000

Сутки 8125
Клиент 1 завершил 8125 суток проживания из 10000

Сутки 8126
Клиент 1 завершил 8126 суток проживания из 10000

Сутки 8127
Клиент 1 завершил 8127 суток проживания из 10000

Сутки 8128
Клиент 1 завершил 8128 суток проживания из 10000

Сутки 8129
Клиент 1 завершил 8129 суток проживания из 10000

Сутки 8130
Клиент 1 завершил 8130 суток проживания из 10000

Сутки 8131
Клиент 1 завершил 8131 суток проживания из 10000

Сутки 8132
Клиент 1 завершил 8132 суток проживания из 10000

Сутки 8133
Клиент 1 завершил 8133 суток проживания из 10000

Сутки 8134
Клиент 1 завершил 8134 суток проживания из 10000

Сутки 8135
Клиент 1 завершил 8135 суток проживания из 10000

Сутки 8136
Клиент 1 завершил 8136 суток проживания из 10000

Сутки 8137
Клиент 1 завершил 8137 суток проживания из 10000

Сутки 8138
Клиент 1 завершил 8138 суток проживания из 10000

Сутки 8139
Клиент 1 завершил 8139 суток проживания из 10000

Сутки 8140
Клиент 1 завершил 8140 суток проживания из 10000

Сутки 8141
Клиент 1 завершил 8141 суток проживания из 10000

Сутки 8142
Клиент 1 завершил 8142 суток проживания из 10000

Сутки 8143
Клиент 1 завершил 8143 суток проживания из 10000

Сутки 8144
Клиент 1 завершил 8144 суток проживания из 10000

Сутки 8145
Клиент 1 завершил 8145 суток проживания из 10000

Сутки 8146
Клиент 1 завершил 8146 суток проживания из 10000

Сутки 8147
Клиент 1 завершил 8147 суток проживания из 10000

Сутки 8148
Клиент 1 завершил 8148 суток проживания из 10000

Сутки 8149
Клиент 1 завершил 8149 суток проживания из 10000

Сутки 8150
Клиент 1 завершил 8150 суток проживания из 10000

Сутки 8151
Клиент 1 завершил 8151 суток проживания из 10000

Сутки 8152
Клиент 1 завершил 8152 суток проживания из 10000

Сутки 8153
Клиент 1 завершил 8153 суток проживания из 10000

Сутки 8154
Клиент 1 завершил 8154 суток проживания из 10000

Сутки 8155
Клиент 1 завершил 8155 суток проживания из 10000

Сутки 8156
Клиент 1 завершил 8156 суток проживания из 10000

Сутки 8157
Клиент 1 завершил 8157 суток проживания из 10000

Сутки 8158
Клиент 1 завершил 8158 суток проживания из 10000

Сутки 8159
Клиент 1 завершил 8159 суток проживания из 10000

Сутки 8160
Клиент 1 завершил 8160 суток проживания из 10000

Сутки 8161
Клиент 1 завершил 8161 суток проживания из 10000

Сутки 8162
Клиент 1 завершил 8162 суток проживания из 10000

Сутки 8163
Клиент 1 завершил 8163 суток проживания из 10000

Сутки 8164
Клиент 1 завершил 8164 суток проживания из 10000

Сутки 8165
Клиент 1 завершил 8165 суток проживания из 10000

Сутки 8166
Клиент 1 завершил 8166 суток проживания из 10000

Сутки 8167
Клиент 1 завершил 8167 суток проживания из 10000

Сутки 8168
Клиент 1 завершил 8168 суток проживания из 10000

Сутки 8169
Клиент 1 завершил 8169 суток проживания из 10000

Сутки 8170
Клиент 1 завершил 8170 суток проживания из 10000

Сутки 8171
Клиент 1 завершил 8171 суток проживания из 10000

Сутки 8172
Клиент 1 завершил 8172 суток проживания из 10000

Сутки 8173
Клиент 1 завершил 8173 суток проживания из 10000

Сутки 8174
Клиент 1 завершил 8174 суток проживания из 10000

Сутки 8175
Клиент 1 завершил 8175 суток проживания из 10000

Сутки 8176
Клиент 1 завершил 8176 суток проживания из 10000

Сутки 8177
Клиент 1 завершил 8177 суток проживания из 10000

Сутки 8178
Клиент 1 завершил 8178 суток проживания из 10000

Сутки 8179
Клиент 1 завершил 8179 суток проживания из 10000

Сутки 8180
Клиент 1 завершил 8180 суток проживания из 10000

Сутки 8181
Клиент 1 завершил 8181 суток проживания из 10000

Сутки 8182
Клиент 1 завершил 8182 суток проживания из 10000

Сутки 8183
Клиент 1 завершил 8183 суток проживания из 10000

Сутки 8184
Клиент 1 завершил 8184 суток проживания из 10000

Сутки 8185
Клиент 1 завершил 8185 суток проживания из 10000

Сутки 8186
Клиент 1 завершил 8186 суток проживания из 10000

Сутки 8187
Клиент 1 завершил 8187 суток проживания из 10000

Сутки 8188
Клиент 1 завершил 8188 суток проживания из 10000

Сутки 8189
Клиент 1 завершил 8189 суток проживания из 10000

Сутки 8190
Клиент 1 завершил 8190 суток проживания из 10000

Сутки 8191
Клиент 1 завершил 8191 суток проживания из 10000

Сутки 8192
Клиент 1 завершил 8192 суток проживания из 10000

Сутки 8193
Клиент 1 завершил 8193 суток проживания из 10000

Сутки 8194
Клиент 1 завершил 8194 суток проживания из 10000

Сутки 8195
Клиент 1 завершил 8195 суток проживания из 10000

Сутки 8196
Клиент 1 завершил 8196 суток проживания из 10000

Сутки 8197
Клиент 1 завершил 8197 суток проживания из 10000

Сутки 8198
Клиент 1 завершил 8198 суток проживания из 10000

Сутки 8199
Клиент 1 завершил 8199 суток проживания из 10000

Сутки 8200
Клиент 1 завершил 8200 суток проживания из 10000

Сутки 8201
Клиент 1 завершил 8201 суток проживания из 10000

Сутки 8202
Клиент 1 завершил 8202 суток проживания из 10000

Сутки 8203
Клиент 1 завершил 8203 суток проживания из 10000

Сутки 8204
Клиент 1 завершил 8204 суток проживания из 10000

Сутки 8205
Клиент 1 завершил 8205 суток проживания из 10000

Сутки 8206
Клиент 1 завершил 8206 суток проживания из 10000

Сутки 8207
Клиент 1 завершил 8207 суток проживания из 10000

Сутки 8208
Клиент 1 завершил 8208 суток проживания из 10000

Сутки 8209
Клиент 1 завершил 8209 суток проживания из 10000

Сутки 8210
Клиент 1 завершил 8210 суток проживания из 10000

Сутки 8211
Клиент 1 завершил 8211 суток проживания из 10000

Сутки 8212
Клиент 1 завершил 8212 суток проживания из 10000

Сутки 8213
Клиент 1 завершил 8213 суток проживания из 10000

Сутки 8214
Клиент 1 завершил 8214 суток проживания из 10000

Сутки 8215
Клиент 1 завершил 8215 суток проживания из 10000

Сутки 8216
Клиент 1 завершил 8216 суток проживания из 10000

Сутки 8217
Клиент 1 завершил 8217 суток проживания из 10000

Сутки 8218
Клиент 1 завершил 8218 суток проживания из 10000

Сутки 8219
Клиент 1 завершил 8219 суток проживания из 10000

Сутки 8220
Клиент 1 завершил 8220 суток проживания из 10000

Сутки 8221
Клиент 1 завершил 8221 суток проживания из 10000

Сутки 8222
Клиент 1 завершил 8222 суток проживания из 10000

Сутки 8223
Клиент 1 завершил 8223 суток проживания из 10000

Сутки 8224
Клиент 1 завершил 8224 суток проживания из 10000

Сутки 8225
Клиент 1 завершил 8225 суток проживания из 10000

Сутки 8226
Клиент 1 завершил 8226 суток проживания из 10000

Сутки 8227
Клиент 1 завершил 8227 суток проживания из 10000

Сутки 8228
Клиент 1 завершил 8228 суток проживания из 10000

Сутки 8229
Клиент 1 завершил 8229 суток проживания из 10000

Сутки 8230
Клиент 1 завершил 8230 суток проживания из 10000

Сутки 8231
Клиент 1 завершил 8231 суток проживания из 10000

Сутки 8232
Клиент 1 завершил 8232 суток проживания из 10000

Сутки 8233
Клиент 1 завершил 8233 суток проживания из 10000

Сутки 8234
Клиент 1 завершил 8234 суток проживания из 10000

Сутки 8235
Клиент 1 завершил 8235 суток проживания из 10000

Сутки 8236
Клиент 1 завершил 8236 суток проживания из 10000

Сутки 8237
Клиент 1 завершил 8237 суток проживания из 10000

Сутки 8238
Клиент 1 завершил 8238 суток проживания из 10000

Сутки 8239
Клиент 1 завершил 8239 суток проживания из 10000

Сутки 8240
Клиент 1 завершил 8240 суток проживания из 10000

Сутки 8241
Клиент 1 завершил 8241 суток проживания из 10000

Сутки 8242
Клиент 1 завершил 8242 суток проживания из 10000

Сутки 8243
Клиент 1 завершил 8243 суток проживания из 10000

Сутки 8244
Клиент 1 завершил 8244 суток проживания из 10000

Сутки 8245
Клиент 1 завершил 8245 суток проживания из 10000

Сутки 8246
Клиент 1 завершил 8246 суток проживания из 10000

Сутки 8247
Клиент 1 завершил 8247 суток проживания из 10000

Сутки 8248
Клиент 1 завершил 8248 суток проживания из 10000

Сутки 8249
Клиент 1 завершил 8249 суток проживания из 10000

Сутки 8250
Клиент 1 завершил 8250 суток проживания из 10000

Сутки 8251
Клиент 1 завершил 8251 суток проживания из 10000

Сутки 8252
Клиент 1 завершил 8252 суток проживания из 10000

Сутки 8253
Клиент 1 завершил 8253 суток проживания из 10000

Сутки 8254
Клиент 1 завершил 8254 суток проживания из 10000

Сутки 8255
Клиент 1 завершил 8255 суток проживания из 10000

Сутки 8256
Клиент 1 завершил 8256 суток проживания из 10000

Сутки 8257
Клиент 1 завершил 8257 суток проживания из 10000

Сутки 8258
Клиент 1 завершил 8258 суток проживания из 10000

Сутки 8259
Клиент 1 завершил 8259 суток проживания из 10000

Сутки 8260
Клиент 1 завершил 8260 суток проживания из 10000

Сутки 8261
Клиент 1 завершил 8261 суток проживания из 10000

Сутки 8262
Клиент 1 завершил 8262 суток проживания из 10000

Сутки 8263
Клиент 1 завершил 8263 суток проживания из 10000

Сутки 8264
Клиент 1 завершил 8264 суток проживания из 10000

Сутки 8265
Клиент 1 завершил 8265 суток проживания из 10000

Сутки 8266
Клиент 1 завершил 8266 суток проживания из 10000

Сутки 8267
Клиент 1 завершил 8267 суток проживания из 10000

Сутки 8268
Клиент 1 завершил 8268 суток проживания из 10000

Сутки 8269
Клиент 1 завершил 8269 суток проживания из 10000

Сутки 8270
Клиент 1 завершил 8270 суток проживания из 10000

Сутки 8271
Клиент 1 завершил 8271 суток проживания из 10000

Сутки 8272
Клиент 1 завершил 8272 суток проживания из 10000

Сутки 8273
Клиент 1 завершил 8273 суток проживания из 10000

Сутки 8274
Клиент 1 завершил 8274 суток проживания из 10000

Сутки 8275
Клиент 1 завершил 8275 суток проживания из 10000

Сутки 8276
Клиент 1 завершил 8276 суток проживания из 10000

Сутки 8277
Клиент 1 завершил 8277 суток проживания из 10000

Сутки 8278
Клиент 1 завершил 8278 суток проживания из 10000

Сутки 8279
Клиент 1 завершил 8279 суток проживания из 10000

Сутки 8280
Клиент 1 завершил 8280 суток проживания из 10000

Сутки 8281
Клиент 1 завершил 8281 суток проживания из 10000

Сутки 8282
Клиент 1 завершил 8282 суток проживания из 10000

Сутки 8283
Клиент 1 завершил 8283 суток проживания из 10000

Сутки 8284
Клиент 1 завершил 8284 суток проживания из 10000

Сутки 8285
Клиент 1 завершил 8285 суток проживания из 10000

Сутки 8286
Клиент 1 завершил 8286 суток проживания из 10000

Сутки 8287
Клиент 1 завершил 8287 суток проживания из 10000

Сутки 8288
Клиент 1 завершил 8288 суток проживания из 10000

Сутки 8289
Клиент 1 завершил 8289 суток проживания из 10000

Сутки 8290
Клиент 1 завершил 8290 суток проживания из 10000

Сутки 8291
Клиент 1 завершил 8291 суток проживания из 10000

Сутки 8292
Клиент 1 завершил 8292 суток проживания из 10000

Сутки 8293
Клиент 1 завершил 8293 суток проживания из 10000

Сутки 8294
Клиент 1 завершил 8294 суток проживания из 10000

Сутки 8295
Клиент 1 завершил 8295 суток проживания из 10000

Сутки 8296
Клиент 1 завершил 8296 суток проживания из 10000

Сутки 8297
Клиент 1 завершил 8297 суток проживания из 10000

Сутки 8298
Клиент 1 завершил 8298 суток проживания из 10000

Сутки 8299
Клиент 1 завершил 8299 суток проживания из 10000

Сутки 8300
Клиент 1 завершил 8300 суток проживания из 10000

Сутки 8301
Клиент 1 завершил 8301 суток проживания из 10000

Сутки 8302
Клиент 1 завершил 8302 суток проживания из 10000

Сутки 8303
Клиент 1 завершил 8303 суток проживания из 10000

Сутки 8304
Клиент 1 завершил 8304 суток проживания из 10000

Сутки 8305
Клиент 1 завершил 8305 суток проживания из 10000

Сутки 8306
Клиент 1 завершил 8306 суток проживания из 10000

Сутки 8307
Клиент 1 завершил 8307 суток проживания из 10000

Сутки 8308
Клиент 1 завершил 8308 суток проживания из 10000

Сутки 8309
Клиент 1 завершил 8309 суток проживания из 10000

Сутки 8310
Клиент 1 завершил 8310 суток проживания из 10000

Сутки 8311
Клиент 1 завершил 8311 суток проживания из 10000

Сутки 8312
Клиент 1 завершил 8312 суток проживания из 10000

Сутки 8313
Клиент 1 завершил 8313 суток проживания из 10000

Сутки 8314
Клиент 1 завершил 8314 суток проживания из 10000

Сутки 8315
Клиент 1 завершил 8315 суток проживания из 10000

Сутки 8316
Клиент 1 завершил 8316 суток проживания из 10000

Сутки 8317
Клиент 1 завершил 8317 суток проживания из 10000

Сутки 8318
Клиент 1 завершил 8318 суток проживания из 10000

Сутки 8319
Клиент 1 завершил 8319 суток проживания из 10000

Сутки 8320
Клиент 1 завершил 8320 суток проживания из 10000

Сутки 8321
Клиент 1 завершил 8321 суток проживания из 10000

Сутки 8322
Клиент 1 завершил 8322 суток проживания из 10000

Сутки 8323
Клиент 1 завершил 8323 суток проживания из 10000

Сутки 8324
Клиент 1 завершил 8324 суток проживания из 10000

Сутки 8325
Клиент 1 завершил 8325 суток проживания из 10000

Сутки 8326
Клиент 1 завершил 8326 суток проживания из 10000

Сутки 8327
Клиент 1 завершил 8327 суток проживания из 10000

Сутки 8328
Клиент 1 завершил 8328 суток проживания из 10000

Сутки 8329
Клиент 1 завершил 8329 суток проживания из 10000

Сутки 8330
Клиент 1 завершил 8330 суток проживания из 10000

Сутки 8331
Клиент 1 завершил 8331 суток проживания из 10000

Сутки 8332
Клиент 1 завершил 8332 суток проживания из 10000

Сутки 8333
Клиент 1 завершил 8333 суток проживания из 10000

Сутки 8334
Клиент 1 завершил 8334 суток проживания из 10000

Сутки 8335
Клиент 1 завершил 8335 суток проживания из 10000

Сутки 8336
Клиент 1 завершил 8336 суток проживания из 10000

Сутки 8337
Клиент 1 завершил 8337 суток проживания из 10000

Сутки 8338
Клиент 1 завершил 8338 суток проживания из 10000

Сутки 8339
Клиент 1 завершил 8339 суток проживания из 10000

Сутки 8340
Клиент 1 завершил 8340 суток проживания из 10000

Сутки 8341
Клиент 1 завершил 8341 суток проживания из 10000

Сутки 8342
Клиент 1 завершил 8342 суток проживания из 10000

Сутки 8343
Клиент 1 завершил 8343 суток проживания из 10000

Сутки 8344
Клиент 1 завершил 8344 суток проживания из 10000

Сутки 8345
Клиент 1 завершил 8345 суток проживания из 10000

Сутки 8346
Клиент 1 завершил 8346 суток проживания из 10000

Сутки 8347
Клиент 1 завершил 8347 суток проживания из 10000

Сутки 8348
Клиент 1 завершил 8348 суток проживания из 10000

Сутки 8349
Клиент 1 завершил 8349 суток проживания из 10000

Сутки 8350
Клиент 1 завершил 8350 суток проживания из 10000

Сутки 8351
Клиент 1 завершил 8351 суток проживания из 10000

Сутки 8352
Клиент 1 завершил 8352 суток проживания из 10000

Сутки 8353
Клиент 1 завершил 8353 суток проживания из 10000

Сутки 8354
Клиент 1 завершил 8354 суток проживания из 10000

Сутки 8355
Клиент 1 завершил 8355 суток проживания из 10000

Сутки 8356
Клиент 1 завершил 8356 суток проживания из 10000

Сутки 8357
Клиент 1 завершил 8357 суток проживания из 10000

Сутки 8358
Клиент 1 завершил 8358 суток проживания из 10000

Сутки 8359
Клиент 1 завершил 8359 суток проживания из 10000

Сутки 8360
Клиент 1 завершил 8360 суток проживания из 10000

Сутки 8361
Клиент 1 завершил 8361 суток проживания из 10000

Сутки 8362
Клиент 1 завершил 8362 суток проживания из 10000

Сутки 8363
Клиент 1 завершил 8363 суток проживания из 10000

Сутки 8364
Клиент 1 завершил 8364 суток проживания из 10000

Сутки 8365
Клиент 1 завершил 8365 суток проживания из 10000

Сутки 8366
Клиент 1 завершил 8366 суток проживания из 10000

Сутки 8367
Клиент 1 завершил 8367 суток проживания из 10000

Сутки 8368
Клиент 1 завершил 8368 суток проживания из 10000

Сутки 8369
Клиент 1 завершил 8369 суток проживания из 10000

Сутки 8370
Клиент 1 завершил 8370 суток проживания из 10000

Сутки 8371
Клиент 1 завершил 8371 суток проживания из 10000

Сутки 8372
Клиент 1 завершил 8372 суток проживания из 10000

Сутки 8373
Клиент 1 завершил 8373 суток проживания из 10000

Сутки 8374
Клиент 1 завершил 8374 суток проживания из 10000

Сутки 8375
Клиент 1 завершил 8375 суток проживания из 10000

Сутки 8376
Клиент 1 завершил 8376 суток проживания из 10000

Сутки 8377
Клиент 1 завершил 8377 суток проживания из 10000

Сутки 8378
Клиент 1 завершил 8378 суток проживания из 10000

Сутки 8379
Клиент 1 завершил 8379 суток проживания из 10000

Сутки 8380
Клиент 1 завершил 8380 суток проживания из 10000

Сутки 8381
Клиент 1 завершил 8381 суток проживания из 10000

Сутки 8382
Клиент 1 завершил 8382 суток проживания из 10000

Сутки 8383
Клиент 1 завершил 8383 суток проживания из 10000

Сутки 8384
Клиент 1 завершил 8384 суток проживания из 10000

Сутки 8385
Клиент 1 завершил 8385 суток проживания из 10000

Сутки 8386
Клиент 1 завершил 8386 суток проживания из 10000

Сутки 8387
Клиент 1 завершил 8387 суток проживания из 10000

Сутки 8388
Клиент 1 завершил 8388 суток проживания из 10000

Сутки 8389
Клиент 1 завершил 8389 суток проживания из 10000

Сутки 8390
Клиент 1 завершил 8390 суток проживания из 10000

Сутки 8391
Клиент 1 завершил 8391 суток проживания из 10000

Сутки 8392
Клиент 1 завершил 8392 суток проживания из 10000

Сутки 8393
Клиент 1 завершил 8393 суток проживания из 10000

Сутки 8394
Клиент 1 завершил 8394 суток проживания из 10000

Сутки 8395
Клиент 1 завершил 8395 суток проживания из 10000

Сутки 8396
Клиент 1 завершил 8396 суток проживания из 10000

Сутки 8397
Клиент 1 завершил 8397 суток проживания из 10000

Сутки 8398
Клиент 1 завершил 8398 суток проживания из 10000

Сутки 8399
Клиент 1 завершил 8399 суток проживания из 10000

Сутки 8400
Клиент 1 завершил 8400 суток проживания из 10000

Сутки 8401
Клиент 1 завершил 8401 суток проживания из 10000

Сутки 8402
Клиент 1 завершил 8402 суток проживания из 10000

Сутки 8403
Клиент 1 завершил 8403 суток проживания из 10000

Сутки 8404
Клиент 1 завершил 8404 суток проживания из 10000

Сутки 8405
Клиент 1 завершил 8405 суток проживания из 10000

Сутки 8406
Клиент 1 завершил 8406 суток проживания из 10000

Сутки 8407
Клиент 1 завершил 8407 суток проживания из 10000

Сутки 8408
Клиент 1 завершил 8408 суток проживания из 10000

Сутки 8409
Клиент 1 завершил 8409 суток проживания из 10000

Сутки 8410
Клиент 1 завершил 8410 суток проживания из 10000

Сутки 8411
Клиент 1 завершил 8411 суток проживания из 10000

Сутки 8412
Клиент 1 завершил 8412 суток проживания из 10000

Сутки 8413
Клиент 1 завершил 8413 суток проживания из 10000

Сутки 8414
Клиент 1 завершил 8414 суток проживания из 10000

Сутки 8415
Клиент 1 завершил 8415 суток проживания из 10000

Сутки 8416
Клиент 1 завершил 8416 суток проживания из 10000

Сутки 8417
Клиент 1 завершил 8417 суток проживания из 10000

Сутки 8418
Клиент 1 завершил 8418 суток проживания из 10000

Сутки 8419
Клиент 1 завершил 8419 суток проживания из 10000

Сутки 8420
Клиент 1 завершил 8420 суток проживания из 10000

Сутки 8421
Клиент 1 завершил 8421 суток проживания из 10000

Сутки 8422
Клиент 1 завершил 8422 суток проживания из 10000

Сутки 8423
Клиент 1 завершил 8423 суток проживания из 10000

Сутки 8424
Клиент 1 завершил 8424 суток проживания из 10000

Сутки 8425
Клиент 1 завершил 8425 суток проживания из 10000

Сутки 8426
Клиент 1 завершил 8426 суток проживания из 10000

Сутки 8427
Клиент 1 завершил 8427 суток проживания из 10000

Сутки 8428
Клиент 1 завершил 8428 суток проживания из 10000

Сутки 8429
Клиент 1 завершил 8429 суток проживания из 10000

Сутки 8430
Клиент 1 завершил 8430 суток проживания из 10000

Сутки 8431
Клиент 1 завершил 8431 суток проживания из 10000

Сутки 8432
Клиент 1 завершил 8432 суток проживания из 10000

Сутки 8433
Клиент 1 завершил 8433 суток проживания из 10000

Сутки 8434
Клиент 1 завершил 8434 суток проживания из 10000

Сутки 8435
Клиент 1 завершил 8435 суток проживания из 10000

Сутки 8436
Клиент 1 завершил 8436 суток проживания из 10000

Сутки 8437
Клиент 1 завершил 8437 суток проживания из 10000

Сутки 8438
Клиент 1 завершил 8438 суток проживания из 10000

Сутки 8439
Клиент 1 завершил 8439 суток проживания из 10000

Сутки 8440
Клиент 1 завершил 8440 суток проживания из 10000

Сутки 8441
Клиент 1 завершил 8441 суток проживания из 10000

Сутки 8442
Клиент 1 завершил 8442 суток проживания из 10000

Сутки 8443
Клиент 1 завершил 8443 суток проживания из 10000

Сутки 8444
Клиент 1 завершил 8444 суток проживания из 10000

Сутки 8445
Клиент 1 завершил 8445 суток проживания из 10000

Сутки 8446
Клиент 1 завершил 8446 суток проживания из 10000

Сутки 8447
Клиент 1 завершил 8447 суток проживания из 10000

Сутки 8448
Клиент 1 завершил 8448 суток проживания из 10000

Сутки 8449
Клиент 1 завершил 8449 суток проживания из 10000

Сутки 8450
Клиент 1 завершил 8450 суток проживания из 10000

Сутки 8451
Клиент 1 завершил 8451 суток проживания из 10000

Сутки 8452
Клиент 1 завершил 8452 суток проживания из 10000

Сутки 8453
Клиент 1 завершил 8453 суток проживания из 10000

Сутки 8454
Клиент 1 завершил 8454 суток проживания из 10000

Сутки 8455
Клиент 1 завершил 8455 суток проживания из 10000

Сутки 8456
Клиент 1 завершил 8456 суток проживания из 10000

Сутки 8457
Клиент 1 завершил 8457 суток проживания из 10000

Сутки 8458
Клиент 1 завершил 8458 суток проживания из 10000

Сутки 8459
Клиент 1 завершил 8459 суток проживания из 10000

Сутки 8460
Клиент 1 завершил 8460 суток проживания из 10000

Сутки 8461
Клиент 1 завершил 8461 суток проживания из 10000

Сутки 8462
Клиент 1 завершил 8462 суток проживания из 10000

Сутки 8463
Клиент 1 завершил 8463 суток проживания из 10000

Сутки 8464
Клиент 1 завершил 8464 суток проживания из 10000

Сутки 8465
Клиент 1 завершил 8465 суток проживания из 10000

Сутки 8466
Клиент 1 завершил 8466 суток проживания из 10000

Сутки 8467
Клиент 1 завершил 8467 суток проживания из 10000

Сутки 8468
Клиент 1 завершил 8468 суток проживания из 10000

Сутки 8469
Клиент 1 завершил 8469 суток проживания из 10000

Сутки 8470
Клиент 1 завершил 8470 суток проживания из 10000

Сутки 8471
Клиент 1 завершил 8471 суток проживания из 10000

Сутки 8472
Клиент 1 завершил 8472 суток проживания из 10000

Сутки 8473
Клиент 1 завершил 8473 суток проживания из 10000

Сутки 8474
Клиент 1 завершил 8474 суток проживания из 10000

Сутки 8475
Клиент 1 завершил 8475 суток проживания из 10000

Сутки 8476
Клиент 1 завершил 8476 суток проживания из 10000

Сутки 8477
Клиент 1 завершил 8477 суток проживания из 10000

Сутки 8478
Клиент 1 завершил 8478 суток проживания из 10000

Сутки 8479
Клиент 1 завершил 8479 суток проживания из 10000

Сутки 8480
Клиент 1 завершил 8480 суток проживания из 10000

Сутки 8481
Клиент 1 завершил 8481 суток проживания из 10000

Сутки 8482
Клиент 1 завершил 8482 суток проживания из 10000

Сутки 8483
Клиент 1 завершил 8483 суток проживания из 10000

Сутки 8484
Клиент 1 завершил 8484 суток проживания из 10000

Сутки 8485
Клиент 1 завершил 8485 суток проживания из 10000

Сутки 8486
Клиент 1 завершил 8486 суток проживания из 10000

Сутки 8487
Клиент 1 завершил 8487 суток проживания из 10000

Сутки 8488
Клиент 1 завершил 8488 суток проживания из 10000

Сутки 8489
Клиент 1 завершил 8489 суток проживания из 10000

Сутки 8490
Клиент 1 завершил 8490 суток проживания из 10000

Сутки 8491
Клиент 1 завершил 8491 суток проживания из 10000

Сутки 8492
Клиент 1 завершил 8492 суток проживания из 10000

Сутки 8493
Клиент 1 завершил 8493 суток проживания из 10000

Сутки 8494
Клиент 1 завершил 8494 суток проживания из 10000

Сутки 8495
Клиент 1 завершил 8495 суток проживания из 10000

Сутки 8496
Клиент 1 завершил 8496 суток проживания из 10000

Сутки 8497
Клиент 1 завершил 8497 суток проживания из 10000

Сутки 8498
Клиент 1 завершил 8498 суток проживания из 10000

Сутки 8499
Клиент 1 завершил 8499 суток проживания из 10000

Сутки 8500
Клиент 1 завершил 8500 суток проживания из 10000

Сутки 8501
Клиент 1 завершил 8501 суток проживания из 10000

Сутки 8502
Клиент 1 завершил 8502 суток проживания из 10000

Сутки 8503
Клиент 1 завершил 8503 суток проживания из 10000

Сутки 8504
Клиент 1 завершил 8504 суток проживания из 10000

Сутки 8505
Клиент 1 завершил 8505 суток проживания из 10000

Сутки 8506
Клиент 1 завершил 8506 суток проживания из 10000

Сутки 8507
Клиент 1 завершил 8507 суток проживания из 10000

Сутки 8508
Клиент 1 завершил 8508 суток проживания из 10000

Сутки 8509
Клиент 1 завершил 8509 суток проживания из 10000

Сутки 8510
Клиент 1 завершил 8510 суток проживания из 10000

Сутки 8511
Клиент 1 завершил 8511 суток проживания из 10000

Сутки 8512
Клиент 1 завершил 8512 суток проживания из 10000

Сутки 8513
Клиент 1 завершил 8513 суток проживания из 10000

Сутки 8514
Клиент 1 завершил 8514 суток проживания из 10000

Сутки 8515
Клиент 1 завершил 8515 суток проживания из 10000

Сутки 8516
Клиент 1 завершил 8516 суток проживания из 10000

Сутки 8517
Клиент 1 завершил 8517 суток проживания из 10000

Сутки 8518
Клиент 1 завершил 8518 суток проживания из 10000

Сутки 8519
Клиент 1 завершил 8519 суток проживания из 10000

Сутки 8520
Клиент 1 завершил 8520 суток проживания из 10000

Сутки 8521
Клиент 1 завершил 8521 суток проживания из 10000

Сутки 8522
Клиент 1 завершил 8522 суток проживания из 10000

Сутки 8523
Клиент 1 завершил 8523 суток проживания из 10000

Сутки 8524
Клиент 1 завершил 8524 суток проживания из 10000

Сутки 8525
Клиент 1 завершил 8525 суток проживания из 10000

Сутки 8526
Клиент 1 завершил 8526 суток проживания из 10000

Сутки 8527
Клиент 1 завершил 8527 суток проживания из 10000

Сутки 8528
Клиент 1 завершил 8528 суток проживания из 10000

Сутки 8529
Клиент 1 завершил 8529 суток проживания из 10000

Сутки 8530
Клиент 1 завершил 8530 суток проживания из 10000

Сутки 8531
Клиент 1 завершил 8531 суток проживания из 10000

Сутки 8532
Клиент 1 завершил 8532 суток проживания из 10000

Сутки 8533
Клиент 1 завершил 8533 суток проживания из 10000

Сутки 8534
Клиент 1 завершил 8534 суток проживания из 10000

Сутки 8535
Клиент 1 завершил 8535 суток проживания из 10000

Сутки 8536
Клиент 1 завершил 8536 суток проживания из 10000

Сутки 8537
Клиент 1 завершил 8537 суток проживания из 10000

Сутки 8538
Клиент 1 завершил 8538 суток проживания из 10000

Сутки 8539
Клиент 1 завершил 8539 суток проживания из 10000

Сутки 8540
Клиент 1 завершил 8540 суток проживания из 10000

Сутки 8541
Клиент 1 завершил 8541 суток проживания из 10000

Сутки 8542
Клиент 1 завершил 8542 суток проживания из 10000

Сутки 8543
Клиент 1 завершил 8543 суток проживания из 10000

Сутки 8544
Клиент 1 завершил 8544 суток проживания из 10000

Сутки 8545
Клиент 1 завершил 8545 суток проживания из 10000

Сутки 8546
Клиент 1 завершил 8546 суток проживания из 10000

Сутки 8547
Клиент 1 завершил 8547 суток проживания из 10000

Сутки 8548
Клиент 1 завершил 8548 суток проживания из 10000

Сутки 8549
Клиент 1 завершил 8549 суток проживания из 10000

Сутки 8550
Клиент 1 завершил 8550 суток проживания из 10000

Сутки 8551
Клиент 1 завершил 8551 суток проживания из 10000

Сутки 8552
Клиент 1 завершил 8552 суток проживания из 10000

Сутки 8553
Клиент 1 завершил 8553 суток проживания из 10000

Сутки 8554
Клиент 1 завершил 8554 суток проживания из 10000

Сутки 8555
Клиент 1 завершил 8555 суток проживания из 10000

Сутки 8556
Клиент 1 завершил 8556 суток проживания из 10000

Сутки 8557
Клиент 1 завершил 8557 суток проживания из 10000

Сутки 8558
Клиент 1 завершил 8558 суток проживания из 10000

Сутки 8559
Клиент 1 завершил 8559 суток проживания из 10000

Сутки 8560
Клиент 1 завершил 8560 суток проживания из 10000

Сутки 8561
Клиент 1 завершил 8561 суток проживания из 10000

Сутки 8562
Клиент 1 завершил 8562 суток проживания из 10000

Сутки 8563
Клиент 1 завершил 8563 суток проживания из 10000

Сутки 8564
Клиент 1 завершил 8564 суток проживания из 10000

Сутки 8565
Клиент 1 завершил 8565 суток проживания из 10000

Сутки 8566
Клиент 1 завершил 8566 суток проживания из 10000

Сутки 8567
Клиент 1 завершил 8567 суток проживания из 10000

Сутки 8568
Клиент 1 завершил 8568 суток проживания из 10000

Сутки 8569
Клиент 1 завершил 8569 суток проживания из 10000

Сутки 8570
Клиент 1 завершил 8570 суток проживания из 10000

Сутки 8571
Клиент 1 завершил 8571 суток проживания из 10000

Сутки 8572
Клиент 1 завершил 8572 суток проживания из 10000

Сутки 8573
Клиент 1 завершил 8573 суток проживания из 10000

Сутки 8574
Клиент 1 завершил 8574 суток проживания из 10000

Сутки 8575
Клиент 1 завершил 8575 суток проживания из 10000

Сутки 8576
Клиент 1 завершил 8576 суток проживания из 10000

Сутки 8577
Клиент 1 завершил 8577 суток проживания из 10000

Сутки 8578
Клиент 1 завершил 8578 суток проживания из 10000

Сутки 8579
Клиент 1 завершил 8579 суток проживания из 10000

Сутки 8580
Клиент 1 завершил 8580 суток проживания из 10000

Сутки 8581
Клиент 1 завершил 8581 суток проживания из 10000

Сутки 8582
Клиент 1 завершил 8582 суток проживания из 10000

Сутки 8583
Клиент 1 завершил 8583 суток проживания из 10000

Сутки 8584
Клиент 1 завершил 8584 суток проживания из 10000

Сутки 8585
Клиент 1 завершил 8585 суток проживания из 10000

Сутки 8586
Клиент 1 завершил 8586 суток проживания из 10000

Сутки 8587
Клиент 1 завершил 8587 суток проживания из 10000

Сутки 8588
Клиент 1 завершил 8588 суток проживания из 10000

Сутки 8589
Клиент 1 завершил 8589 суток проживания из 10000

Сутки 8590
Клиент 1 завершил 8590 суток проживания из 10000

Сутки 8591
Клиент 1 завершил 8591 суток проживания из 10000

Сутки 8592
Клиент 1 завершил 8592 суток проживания из 10000

Сутки 8593
Клиент 1 завершил 8593 суток проживания из 10000

Сутки 8594
Клиент 1 завершил 8594 суток проживания из 10000

Сутки 8595
Клиент 1 завершил 8595 суток проживания из 10000

Сутки 8596
Клиент 1 завершил 8596 суток проживания из 10000

Сутки 8597
Клиент 1 завершил 8597 суток проживания из 10000

Сутки 8598
Клиент 1 завершил 8598 суток проживания из 10000

Сутки 8599
Клиент 1 завершил 8599 суток проживания из 10000

Сутки 8600
Клиент 1 завершил 8600 суток проживания из 10000

Сутки 8601
Клиент 1 завершил 8601 суток проживания из 10000

Сутки 8602
Клиент 1 завершил 8602 суток проживания из 10000

Сутки 8603
Клиент 1 завершил 8603 суток проживания из 10000

Сутки 8604
Клиент 1 завершил 8604 суток проживания из 10000

Сутки 8605
Клиент 1 завершил 8605 суток проживания из 10000

Сутки 8606
Клиент 1 завершил 8606 суток проживания из 10000

Сутки 8607
Клиент 1 завершил 8607 суток проживания из 10000

Сутки 8608
Клиент 1 завершил 8608 суток проживания из 10000

Сутки 8609
Клиент 1 завершил 8609 суток проживания из 10000

Сутки 8610
Клиент 1 завершил 8610 суток проживания из 10000

Сутки 8611
Клиент 1 завершил 8611 суток проживания из 10000

Сутки 8612
Клиент 1 завершил 8612 суток проживания из 10000

Сутки 8613
Клиент 1 завершил 8613 суток проживания из 10000

Сутки 8614
Клиент 1 завершил 8614 суток проживания из 10000

Сутки 8615
Клиент 1 завершил 8615 суток проживания из 10000

Сутки 8616
Клиент 1 завершил 8616 суток проживания из 10000

Сутки 8617
Клиент 1 завершил 8617 суток проживания из 10000

Сутки 8618
Клиент 1 завершил 8618 суток проживания из 10000

Сутки 8619
Клиент 1 завершил 8619 суток проживания из 10000

Сутки 8620
Клиент 1 завершил 8620 суток проживания из 10000

Сутки 8621
Клиент 1 завершил 8621 суток проживания из 10000

Сутки 8622
Клиент 1 завершил 8622 суток проживания из 10000

Сутки 8623
Клиент 1 завершил 8623 суток проживания из 10000

Сутки 8624
Клиент 1 завершил 8624 суток проживания из 10000

Сутки 8625
Клиент 1 завершил 8625 суток проживания из 10000

Сутки 8626
Клиент 1 завершил 8626 суток проживания из 10000

Сутки 8627
Клиент 1 завершил 8627 суток проживания из 10000

Сутки 8628
Клиент 1 завершил 8628 суток проживания из 10000

Сутки 8629
Клиент 1 завершил 8629 суток проживания из 10000

Сутки 8630
Клиент 1 завершил 8630 суток проживания из 10000

Сутки 8631
Клиент 1 завершил 8631 суток проживания из 10000

Сутки 8632
Клиент 1 завершил 8632 суток проживания из 10000

Сутки 8633
Клиент 1 завершил 8633 суток проживания из 10000

Сутки 8634
Клиент 1 завершил 8634 суток проживания из 10000

Сутки 8635
Клиент 1 завершил 8635 суток проживания из 10000

Сутки 8636
Клиент 1 завершил 8636 суток проживания из 10000

Сутки 8637
Клиент 1 завершил 8637 суток проживания из 10000

Сутки 8638
Клиент 1 завершил 8638 суток проживания из 10000

Сутки 8639
Клиент 1 завершил 8639 суток проживания из 10000

Сутки 8640
Клиент 1 завершил 8640 суток проживания из 10000

Сутки 8641
Клиент 1 завершил 8641 суток проживания из 10000

Сутки 8642
Клиент 1 завершил 8642 суток проживания из 10000

Сутки 8643
Клиент 1 завершил 8643 суток проживания из 10000

Сутки 8644
Клиент 1 завершил 8644 суток проживания из 10000

Сутки 8645
Клиент 1 завершил 8645 суток проживания из 10000

Сутки 8646
Клиент 1 завершил 8646 суток проживания из 10000

Сутки 8647
Клиент 1 завершил 8647 суток проживания из 10000

Сутки 8648
Клиент 1 завершил 8648 суток проживания из 10000

Сутки 8649
Клиент 1 завершил 8649 суток проживания из 10000

Сутки 8650
Клиент 1 завершил 8650 суток проживания из 10000

Сутки 8651
Клиент 1 завершил 8651 суток проживания из 10000

Сутки 8652
Клиент 1 завершил 8652 суток проживания из 10000

Сутки 8653
Клиент 1 завершил 8653 суток проживания из 10000

Сутки 8654
Клиент 1 завершил 8654 суток проживания из 10000

Сутки 8655
Клиент 1 завершил 8655 суток проживания из 10000

Сутки 8656
Клиент 1 завершил 8656 суток проживания из 10000

Сутки 8657
Клиент 1 завершил 8657 суток проживания из 10000

Сутки 8658
Клиент 1 завершил 8658 суток проживания из 10000

Сутки 8659
Клиент 1 завершил 8659 суток проживания из 10000

Сутки 8660
Клиент 1 завершил 8660 суток проживания из 10000

Сутки 8661
Клиент 1 завершил 8661 суток проживания из 10000

Сутки 8662
Клиент 1 завершил 8662 суток проживания из 10000

Сутки 8663
Клиент 1 завершил 8663 суток проживания из 10000

Сутки 8664
Клиент 1 завершил 8664 суток проживания из 10000

Сутки 8665
Клиент 1 завершил 8665 суток проживания из 10000

Сутки 8666
Клиент 1 завершил 8666 суток проживания из 10000

Сутки 8667
Клиент 1 завершил 8667 суток проживания из 10000

Сутки 8668
Клиент 1 завершил 8668 суток проживания из 10000

Сутки 8669
Клиент 1 завершил 8669 суток проживания из 10000

Сутки 8670
Клиент 1 завершил 8670 суток проживания из 10000

Сутки 8671
Клиент 1 завершил 8671 суток проживания из 10000

Сутки 8672
Клиент 1 завершил 8672 суток проживания из 10000

Сутки 8673
Клиент 1 завершил 8673 суток проживания из 10000

Сутки 8674
Клиент 1 завершил 8674 суток проживания из 10000

Сутки 8675
Клиент 1 завершил 8675 суток проживания из 10000

Сутки 8676
Клиент 1 завершил 8676 суток проживания из 10000

Сутки 8677
Клиент 1 завершил 8677 суток проживания из 10000

Сутки 8678
Клиент 1 завершил 8678 суток проживания из 10000

Сутки 8679
Клиент 1 завершил 8679 суток проживания из 10000

Сутки 8680
Клиент 1 завершил 8680 суток проживания из 10000

Сутки 8681
Клиент 1 завершил 8681 суток проживания из 10000

Сутки 8682
Клиент 1 завершил 8682 суток проживания из 10000

Сутки 8683
Клиент 1 завершил 8683 суток проживания из 10000

Сутки 8684
Клиент 1 завершил 8684 суток проживания из 10000

Сутки 8685
Клиент 1 завершил 8685 суток проживания из 10000

Сутки 8686
Клиент 1 завершил 8686 суток проживания из 10000

Сутки 8687
Клиент 1 завершил 8687 суток проживания из 10000

Сутки 8688
Клиент 1 завершил 8688 суток проживания из 10000

Сутки 8689
Клиент 1 завершил 8689 суток проживания из 10000

Сутки 8690
Клиент 1 завершил 8690 суток проживания из 10000

Сутки 8691
Клиент 1 завершил 8691 суток проживания из 10000

Сутки 8692
Клиент 1 завершил 8692 суток проживания из 10000

Сутки 8693
Клиент 1 завершил 8693 суток проживания из 10000

Сутки 8694
Клиент 1 завершил 8694 суток проживания из 10000

Сутки 8695
Клиент 1 завершил 8695 суток проживания из 10000

Сутки 8696
Клиент 1 завершил 8696 суток проживания из 10000

Сутки 8697
Клиент 1 завершил 8697 суток проживания из 10000

Сутки 8698
Клиент 1 завершил 8698 суток проживания из 10000

Сутки 8699
Клиент 1 завершил 8699 суток проживания из 10000

Сутки 8700
Клиент 1 завершил 8700 суток проживания из 10000

Сутки 8701
Клиент 1 завершил 8701 суток проживания из 10000

Сутки 8702
Клиент 1 завершил 8702 суток проживания из 10000

Сутки 8703
Клиент 1 завершил 8703 суток проживания из 10000

Сутки 8704
Клиент 1 завершил 8704 суток проживания из 10000

Сутки 8705
Клиент 1 завершил 8705 суток проживания из 10000

Сутки 8706
Клиент 1 завершил 8706 суток проживания из 10000

Сутки 8707
Клиент 1 завершил 8707 суток проживания из 10000

Сутки 8708
Клиент 1 завершил 8708 суток проживания из 10000

Сутки 8709
Клиент 1 завершил 8709 суток проживания из 10000

Сутки 8710
Клиент 1 завершил 8710 суток проживания из 10000

Сутки 8711
Клиент 1 завершил 8711 суток проживания из 10000

Сутки 8712
Клиент 1 завершил 8712 суток проживания из 10000

Сутки 8713
Клиент 1 завершил 8713 суток проживания из 10000

Сутки 8714
Клиент 1 завершил 8714 суток проживания из 10000

Сутки 8715
Клиент 1 завершил 8715 суток проживания из 10000

Сутки 8716
Клиент 1 завершил 8716 суток проживания из 10000

Сутки 8717
Клиент 1 завершил 8717 суток проживания из 10000

Сутки 8718
Клиент 1 завершил 8718 суток проживания из 10000

Сутки 8719
Клиент 1 завершил 8719 суток проживания из 10000

Сутки 8720
Клиент 1 завершил 8720 суток проживания из 10000

Сутки 8721
Клиент 1 завершил 8721 суток проживания из 10000

Сутки 8722
Клиент 1 завершил 8722 суток проживания из 10000

Сутки 8723
Клиент 1 завершил 8723 суток проживания из 10000

Сутки 8724
Клиент 1 завершил 8724 суток проживания из 10000

Сутки 8725
Клиент 1 завершил 8725 суток проживания из 10000

Сутки 8726
Клиент 1 завершил 8726 суток проживания из 10000

Сутки 8727
Клиент 1 завершил 8727 суток проживания из 10000

Сутки 8728
Клиент 1 завершил 8728 суток проживания из 10000

Сутки 8729
Клиент 1 завершил 8729 суток проживания из 10000

Сутки 8730
Клиент 1 завершил 8730 суток проживания из 10000

Сутки 8731
Клиент 1 завершил 8731 суток проживания из 10000

Сутки 8732
Клиент 1 завершил 8732 суток проживания из 10000

Сутки 8733
Клиент 1 завершил 8733 суток проживания из 10000

Сутки 8734
Клиент 1 завершил 8734 суток проживания из 10000

Сутки 8735
Клиент 1 завершил 8735 суток проживания из 10000

Сутки 8736
Клиент 1 завершил 8736 суток проживания из 10000

Сутки 8737
Клиент 1 завершил 8737 суток проживания из 10000

Сутки 8738
Клиент 1 завершил 8738 суток проживания из 10000

Сутки 8739
Клиент 1 завершил 8739 суток проживания из 10000

Сутки 8740
Клиент 1 завершил 8740 суток проживания из 10000

Сутки 8741
Клиент 1 завершил 8741 суток проживания из 10000

Сутки 8742
Клиент 1 завершил 8742 суток проживания из 10000

Сутки 8743
Клиент 1 завершил 8743 суток проживания из 10000

Сутки 8744
Клиент 1 завершил 8744 суток проживания из 10000

Сутки 8745
Клиент 1 завершил 8745 суток проживания из 10000

Сутки 8746
Клиент 1 завершил 8746 суток проживания из 10000

Сутки 8747
Клиент 1 завершил 8747 суток проживания из 10000

Сутки 8748
Клиент 1 завершил 8748 суток проживания из 10000

Сутки 8749
Клиент 1 завершил 8749 суток проживания из 10000

Сутки 8750
Клиент 1 завершил 8750 суток проживания из 10000

Сутки 8751
Клиент 1 завершил 8751 суток проживания из 10000

Сутки 8752
Клиент 1 завершил 8752 суток проживания из 10000

Сутки 8753
Клиент 1 завершил 8753 суток проживания из 10000

Сутки 8754
Клиент 1 завершил 8754 суток проживания из 10000

Сутки 8755
Клиент 1 завершил 8755 суток проживания из 10000

Сутки 8756
Клиент 1 завершил 8756 суток проживания из 10000

Сутки 8757
Клиент 1 завершил 8757 суток проживания из 10000

Сутки 8758
Клиент 1 завершил 8758 суток проживания из 10000

Сутки 8759
Клиент 1 завершил 8759 суток проживания из 10000

Сутки 8760
Клиент 1 завершил 8760 суток проживания из 10000

Сутки 8761
Клиент 1 завершил 8761 суток проживания из 10000

Сутки 8762
Клиент 1 завершил 8762 суток проживания из 10000

Сутки 8763
Клиент 1 завершил 8763 суток проживания из 10000

Сутки 8764
Клиент 1 завершил 8764 суток проживания из 10000

Сутки 8765
Клиент 1 завершил 8765 суток проживания из 10000

Сутки 8766
Клиент 1 завершил 8766 суток проживания из 10000

Сутки 8767
Клиент 1 завершил 8767 суток проживания из 10000

Сутки 8768
Клиент 1 завершил 8768 суток проживания из 10000

Сутки 8769
Клиент 1 завершил 8769 суток проживания из 10000

Сутки 8770
Клиент 1 завершил 8770 суток проживания из 10000

Сутки 8771
Клиент 1 завершил 8771 суток проживания из 10000

Сутки 8772
Клиент 1 завершил 8772 суток проживания из 10000

Сутки 8773
Клиент 1 завершил 8773 суток проживания из 10000

Сутки 8774
Клиент 1 завершил 8774 суток проживания из 10000

Сутки 8775
Клиент 1 завершил 8775 суток проживания из 10000

Сутки 8776
Клиент 1 завершил 8776 суток проживания из 10000

Сутки 8777
Клиент 1 завершил 8777 суток проживания из 10000

Сутки 8778
Клиент 1 завершил 8778 суток проживания из 10000

Сутки 8779
Клиент 1 завершил 8779 суток проживания из 10000

Сутки 8780
Клиент 1 завершил 8780 суток проживания из 10000

Сутки 8781
Клиент 1 завершил 8781 суток проживания из 10000

Сутки 8782
Клиент 1 завершил 8782 суток проживания из 10000

Сутки 8783
Клиент 1 завершил 8783 суток проживания из 10000

Сутки 8784
Клиент 1 завершил 8784 суток проживания из 10000

Сутки 8785
Клиент 1 завершил 8785 суток проживания из 10000

Сутки 8786
Клиент 1 завершил 8786 суток проживания из 10000

Сутки 8787
Клиент 1 завершил 8787 суток проживания из 10000

Сутки 8788
Клиент 1 завершил 8788 суток проживания из 10000

Сутки 8789
Клиент 1 завершил 8789 суток проживания из 10000

Сутки 8790
Клиент 1 завершил 8790 суток проживания из 10000

Сутки 8791
Клиент 1 завершил 8791 суток проживания из 10000

Сутки 8792
Клиент 1 завершил 8792 суток проживания из 10000

Сутки 8793
Клиент 1 завершил 8793 суток проживания из 10000

Сутки 8794
Клиент 1 завершил 8794 суток проживания из 10000

Сутки 8795
Клиент 1 завершил 8795 суток проживания из 10000

Сутки 8796
Клиент 1 завершил 8796 суток проживания из 10000

Сутки 8797
Клиент 1 завершил 8797 суток проживания из 10000

Сутки 8798
Клиент 1 завершил 8798 суток проживания из 10000

Сутки 8799
Клиент 1 завершил 8799 суток проживания из 10000

Сутки 8800
Клиент 1 завершил 8800 суток проживания из 10000

Сутки 8801
Клиент 1 завершил 8801 суток проживания из 10000

Сутки 8802
Клиент 1 завершил 8802 суток проживания из 10000

Сутки 8803
Клиент 1 завершил 8803 суток проживания из 10000

Сутки 8804
Клиент 1 завершил 8804 суток проживания из 10000

Сутки 8805
Клиент 1 завершил 8805 суток проживания из 10000

Сутки 8806
Клиент 1 завершил 8806 суток проживания из 10000

Сутки 8807
Клиент 1 завершил 8807 суток проживания из 10000

Сутки 8808
Клиент 1 завершил 8808 суток проживания из 10000

Сутки 8809
Клиент 1 завершил 8809 суток проживания из 10000

Сутки 8810
Клиент 1 завершил 8810 суток проживания из 10000

Сутки 8811
Клиент 1 завершил 8811 суток проживания из 10000

Сутки 8812
Клиент 1 завершил 8812 суток проживания из 10000

Сутки 8813
Клиент 1 завершил 8813 суток проживания из 10000

Сутки 8814
Клиент 1 завершил 8814 суток проживания из 10000

Сутки 8815
Клиент 1 завершил 8815 суток проживания из 10000

Сутки 8816
Клиент 1 завершил 8816 суток проживания из 10000

Сутки 8817
Клиент 1 завершил 8817 суток проживания из 10000

Сутки 8818
Клиент 1 завершил 8818 суток проживания из 10000

Сутки 8819
Клиент 1 завершил 8819 суток проживания из 10000

Сутки 8820
Клиент 1 завершил 8820 суток проживания из 10000

Сутки 8821
Клиент 1 завершил 8821 суток проживания из 10000

Сутки 8822
Клиент 1 завершил 8822 суток проживания из 10000

Сутки 8823
Клиент 1 завершил 8823 суток проживания из 10000

Сутки 8824
Клиент 1 завершил 8824 суток проживания из 10000

Сутки 8825
Клиент 1 завершил 8825 суток проживания из 10000

Сутки 8826
Клиент 1 завершил 8826 суток проживания из 10000

Сутки 8827
Клиент 1 завершил 8827 суток проживания из 10000

Сутки 8828
Клиент 1 завершил 8828 суток проживания из 10000

Сутки 8829
Клиент 1 завершил 8829 суток проживания из 10000

Сутки 8830
Клиент 1 завершил 8830 суток проживания из 10000

Сутки 8831
Клиент 1 завершил 8831 суток проживания из 10000

Сутки 8832
Клиент 1 завершил 8832 суток проживания из 10000

Сутки 8833
Клиент 1 завершил 8833 суток проживания из 10000

Сутки 8834
Клиент 1 завершил 8834 суток проживания из 10000

Сутки 8835
Клиент 1 завершил 8835 суток проживания из 10000

Сутки 8836
Клиент 1 завершил 8836 суток проживания из 10000

Сутки 8837
Клиент 1 завершил 8837 суток проживания из 10000

Сутки 8838
Клиент 1 завершил 8838 суток проживания из 10000

Сутки 8839
Клиент 1 завершил 8839 суток проживания из 10000

Сутки 8840
Клиент 1 завершил 8840 суток проживания из 10000

Сутки 8841
Клиент 1 завершил 8841 суток проживания из 10000

Сутки 8842
Клиент 1 завершил 8842 суток проживания из 10000

Сутки 8843
Клиент 1 завершил 8843 суток проживания из 10000

Сутки 8844
Клиент 1 завершил 8844 суток проживания из 10000

Сутки 8845
Клиент 1 завершил 8845 суток проживания из 10000

Сутки 8846
Клиент 1 завершил 8846 суток проживания из 10000

Сутки 8847
Клиент 1 завершил 8847 суток проживания из 10000

Сутки 8848
Клиент 1 завершил 8848 суток проживания из 10000

Сутки 8849
Клиент 1 завершил 8849 суток проживания из 10000

Сутки 8850
Клиент 1 завершил 8850 суток проживания из 10000

Сутки 8851
Клиент 1 завершил 8851 суток проживания из 10000

Сутки 8852
Клиент 1 завершил 8852 суток проживания из 10000

Сутки 8853
Клиент 1 завершил 8853 суток проживания из 10000

Сутки 8854
Клиент 1 завершил 8854 суток проживания из 10000

Сутки 8855
Клиент 1 завершил 8855 суток проживания из 10000

Сутки 8856
Клиент 1 завершил 8856 суток проживания из 10000

Сутки 8857
Клиент 1 завершил 8857 суток проживания из 10000

Сутки 8858
Клиент 1 завершил 8858 суток проживания из 10000

Сутки 8859
Клиент 1 завершил 8859 суток проживания из 10000

Сутки 8860
Клиент 1 завершил 8860 суток проживания из 10000

Сутки 8861
Клиент 1 завершил 8861 суток проживания из 10000

Сутки 8862
Клиент 1 завершил 8862 суток проживания из 10000

Сутки 8863
Клиент 1 завершил 8863 суток проживания из 10000

Сутки 8864
Клиент 1 завершил 8864 суток проживания из 10000

Сутки 8865
Клиент 1 завершил 8865 суток проживания из 10000

Сутки 8866
Клиент 1 завершил 8866 суток проживания из 10000

Сутки 8867
Клиент 1 завершил 8867 суток проживания из 10000

Сутки 8868
Клиент 1 завершил 8868 суток проживания из 10000

Сутки 8869
Клиент 1 завершил 8869 суток проживания из 10000

Сутки 8870
Клиент 1 завершил 8870 суток проживания из 10000

Сутки 8871
Клиент 1 завершил 8871 суток проживания из 10000

Сутки 8872
Клиент 1 завершил 8872 суток проживания из 10000

Сутки 8873
Клиент 1 завершил 8873 суток проживания из 10000

Сутки 8874
Клиент 1 завершил 8874 суток проживания из 10000

Сутки 8875
Клиент 1 завершил 8875 суток проживания из 10000

Сутки 8876
Клиент 1 завершил 8876 суток проживания из 10000

Сутки 8877
Клиент 1 завершил 8877 суток проживания из 10000

Сутки 8878
Клиент 1 завершил 8878 суток проживания из 10000

Сутки 8879
Клиент 1 завершил 8879 суток проживания из 10000

Сутки 8880
Клиент 1 завершил 8880 суток проживания из 10000

Сутки 8881
Клиент 1 завершил 8881 суток проживания из 10000

Сутки 8882
Клиент 1 завершил 8882 суток проживания из 10000

Сутки 8883
Клиент 1 завершил 8883 суток проживания из 10000

Сутки 8884
Клиент 1 завершил 8884 суток проживания из 10000

Сутки 8885
Клиент 1 завершил 8885 суток проживания из 10000

Сутки 8886
Клиент 1 завершил 8886 суток проживания из 10000

Сутки 8887
Клиент 1 завершил 8887 суток проживания из 10000

Сутки 8888
Клиент 1 завершил 8888 суток проживания из 10000

Сутки 8889
Клиент 1 завершил 8889 суток проживания из 10000

Сутки 8890
Клиент 1 завершил 8890 суток проживания из 10000

Сутки 8891
Клиент 1 завершил 8891 суток проживания из 10000

Сутки 8892
Клиент 1 завершил 8892 суток проживания из 10000

Сутки 8893
Клиент 1 завершил 8893 суток проживания из 10000

Сутки 8894
Клиент 1 завершил 8894 суток проживания из 10000

Сутки 8895
Клиент 1 завершил 8895 суток проживания из 10000

Сутки 8896
Клиент 1 завершил 8896 суток проживания из 10000

Сутки 8897
Клиент 1 завершил 8897 суток проживания из 10000

Сутки 8898
Клиент 1 завершил 8898 суток проживания из 10000

Сутки 8899
Клиент 1 завершил 8899 суток проживания из 10000

Сутки 8900
Клиент 1 завершил 8900 суток проживания из 10000

Сутки 8901
Клиент 1 завершил 8901 суток проживания из 10000

Сутки 8902
Клиент 1 завершил 8902 суток проживания из 10000

Сутки 8903
Клиент 1 завершил 8903 суток проживания из 10000

Сутки 8904
Клиент 1 завершил 8904 суток проживания из 10000

Сутки 8905
Клиент 1 завершил 8905 суток проживания из 10000

Сутки 8906
Клиент 1 завершил 8906 суток проживания из 10000

Сутки 8907
Клиент 1 завершил 8907 суток проживания из 10000

Сутки 8908
Клиент 1 завершил 8908 суток проживания из 10000

Сутки 8909
Клиент 1 завершил 8909 суток проживания из 10000

Сутки 8910
Клиент 1 завершил 8910 суток проживания из 10000

Сутки 8911
Клиент 1 завершил 8911 суток проживания из 10000

Сутки 8912
Клиент 1 завершил 8912 суток проживания из 10000

Сутки 8913
Клиент 1 завершил 8913 суток проживания из 10000

Сутки 8914
Клиент 1 завершил 8914 суток проживания из 10000

Сутки 8915
Клиент 1 завершил 8915 суток проживания из 10000

Сутки 8916
Клиент 1 завершил 8916 суток проживания из 10000

Сутки 8917
Клиент 1 завершил 8917 суток проживания из 10000

Сутки 8918
Клиент 1 завершил 8918 суток проживания из 10000

Сутки 8919
Клиент 1 завершил 8919 суток проживания из 10000

Сутки 8920
Клиент 1 завершил 8920 суток проживания из 10000

Сутки 8921
Клиент 1 завершил 8921 суток проживания из 10000

Сутки 8922
Клиент 1 завершил 8922 суток проживания из 10000

Сутки 8923
Клиент 1 завершил 8923 суток проживания из 10000

Сутки 8924
Клиент 1 завершил 8924 суток проживания из 10000

Сутки 8925
Клиент 1 завершил 8925 суток проживания из 10000

Сутки 8926
Клиент 1 завершил 8926 суток проживания из 10000

Сутки 8927
Клиент 1 завершил 8927 суток проживания из 10000

Сутки 8928
Клиент 1 завершил 8928 суток проживания из 10000

Сутки 8929
Клиент 1 завершил 8929 суток проживания из 10000

Сутки 8930
Клиент 1 завершил 8930 суток проживания из 10000

Сутки 8931
Клиент 1 завершил 8931 суток проживания из 10000

Сутки 8932
Клиент 1 завершил 8932 суток проживания из 10000

Сутки 8933
Клиент 1 завершил 8933 суток проживания из 10000

Сутки 8934
Клиент 1 завершил 8934 суток проживания из 10000

Сутки 8935
Клиент 1 завершил 8935 суток проживания из 10000

Сутки 8936
Клиент 1 завершил 8936 суток проживания из 10000

Сутки 8937
Клиент 1 завершил 8937 суток проживания из 10000

Сутки 8938
Клиент 1 завершил 8938 суток проживания из 10000

Сутки 8939
Клиент 1 завершил 8939 суток проживания из 10000

Сутки 8940
Клиент 1 завершил 8940 суток проживания из 10000

Сутки 8941
Клиент 1 завершил 8941 суток проживания из 10000

Сутки 8942
Клиент 1 завершил 8942 суток проживания из 10000

Сутки 8943
Клиент 1 завершил 8943 суток проживания из 10000

Сутки 8944
Клиент 1 завершил 8944 суток проживания из 10000

Сутки 8945
Клиент 1 завершил 8945 суток проживания из 10000

Сутки 8946
Клиент 1 завершил 8946 суток проживания из 10000

Сутки 8947
Клиент 1 завершил 8947 суток проживания из 10000

Сутки 8948
Клиент 1 завершил 8948 суток проживания из 10000

Сутки 8949
Клиент 1 завершил 8949 суток проживания из 10000

Сутки 8950
Клиент 1 завершил 8950 суток проживания из 10000

Сутки 8951
Клиент 1 завершил 8951 суток проживания из 10000

Сутки 8952
Клиент 1 завершил 8952 суток проживания из 10000

Сутки 8953
Клиент 1 завершил 8953 суток проживания из 10000

Сутки 8954
Клиент 1 завершил 8954 суток проживания из 10000

Сутки 8955
Клиент 1 завершил 8955 суток проживания из 10000

Сутки 8956
Клиент 1 завершил 8956 суток проживания из 10000

Сутки 8957
Клиент 1 завершил 8957 суток проживания из 10000

Сутки 8958
Клиент 1 завершил 8958 суток проживания из 10000

Сутки 8959
Клиент 1 завершил 8959 суток проживания из 10000

Сутки 8960
Клиент 1 завершил 8960 суток проживания из 10000

Сутки 8961
Клиент 1 завершил 8961 суток проживания из 10000

Сутки 8962
Клиент 1 завершил 8962 суток проживания из 10000

Сутки 8963
Клиент 1 завершил 8963 суток проживания из 10000

Сутки 8964
Клиент 1 завершил 8964 суток проживания из 10000

Сутки 8965
Клиент 1 завершил 8965 суток проживания из 10000

Сутки 8966
Клиент 1 завершил 8966 суток проживания из 10000

Сутки 8967
Клиент 1 завершил 8967 суток проживания из 10000

Сутки 8968
Клиент 1 завершил 8968 суток проживания из 10000

Сутки 8969
Клиент 1 завершил 8969 суток проживания из 10000

Сутки 8970
Клиент 1 завершил 8970 суток проживания из 10000

Сутки 8971
Клиент 1 завершил 8971 суток проживания из 10000

Сутки 8972
Клиент 1 завершил 8972 суток проживания из 10000

Сутки 8973
Клиент 1 завершил 8973 суток проживания из 10000

Сутки 8974
Клиент 1 завершил 8974 суток проживания из 10000

Сутки 8975
Клиент 1 завершил 8975 суток проживания из 10000

Сутки 8976
Клиент 1 завершил 8976 суток проживания из 10000

Сутки 8977
Клиент 1 завершил 8977 суток проживания из 10000

Сутки 8978
Клиент 1 завершил 8978 суток проживания из 10000

Сутки 8979
Клиент 1 завершил 8979 суток проживания из 10000

Сутки 8980
Клиент 1 завершил 8980 суток проживания из 10000

Сутки 8981
Клиент 1 завершил 8981 суток проживания из 10000

Сутки 8982
Клиент 1 завершил 8982 суток проживания из 10000

Сутки 8983
Клиент 1 завершил 8983 суток проживания из 10000

Сутки 8984
Клиент 1 завершил 8984 суток проживания из 10000

Сутки 8985
Клиент 1 завершил 8985 суток проживания из 10000

Сутки 8986
Клиент 1 завершил 8986 суток проживания из 10000

Сутки 8987
Клиент 1 завершил 8987 суток проживания из 10000

Сутки 8988
Клиент 1 завершил 8988 суток проживания из 10000

Сутки 8989
Клиент 1 завершил 8989 суток проживания из 10000

Сутки 8990
Клиент 1 завершил 8990 суток проживания из 10000

Сутки 8991
Клиент 1 завершил 8991 суток проживания из 10000

Сутки 8992
Клиент 1 завершил 8992 суток проживания из 10000

Сутки 8993
Клиент 1 завершил 8993 суток проживания из 10000

Сутки 8994
Клиент 1 завершил 8994 суток проживания из 10000

Сутки 8995
Клиент 1 завершил 8995 суток проживания из 10000

Сутки 8996
Клиент 1 завершил 8996 суток проживания из 10000

Сутки 8997
Клиент 1 завершил 8997 суток проживания из 10000

Сутки 8998
Клиент 1 завершил 8998 суток проживания из 10000

Сутки 8999
Клиент 1 завершил 8999 суток проживания из 10000

Сутки 9000
Клиент 1 завершил 9000 суток проживания из 10000

Сутки 9001
Клиент 1 завершил 9001 суток проживания из 10000

Сутки 9002
Клиент 1 завершил 9002 суток проживания из 10000

Сутки 9003
Клиент 1 завершил 9003 суток проживания из 10000

Сутки 9004
Клиент 1 завершил 9004 суток проживания из 10000

Сутки 9005
Клиент 1 завершил 9005 суток проживания из 10000

Сутки 9006
Клиент 1 завершил 9006 суток проживания из 10000

Сутки 9007
Клиент 1 завершил 9007 суток проживания из 10000

Сутки 9008
Клиент 1 завершил 9008 суток проживания из 10000

Сутки 9009
Клиент 1 завершил 9009 суток проживания из 10000

Сутки 9010
Клиент 1 завершил 9010 суток проживания из 10000

Сутки 9011
Клиент 1 завершил 9011 суток проживания из 10000

Сутки 9012
Клиент 1 завершил 9012 суток проживания из 10000

Сутки 9013
Клиент 1 завершил 9013 суток проживания из 10000

Сутки 9014
Клиент 1 завершил 9014 суток проживания из 10000

Сутки 9015
Клиент 1 завершил 9015 суток проживания из 10000

Сутки 9016
Клиент 1 завершил 9016 суток проживания из 10000

Сутки 9017
Клиент 1 завершил 9017 суток проживания из 10000

Сутки 9018
Клиент 1 завершил 9018 суток проживания из 10000

Сутки 9019
Клиент 1 завершил 9019 суток проживания из 10000

Сутки 9020
Клиент 1 завершил 9020 суток проживания из 10000

Сутки 9021
Клиент 1 завершил 9021 суток проживания из 10000

Сутки 9022
Клиент 1 завершил 9022 суток проживания из 10000

Сутки 9023
Клиент 1 завершил 9023 суток проживания из 10000

Сутки 9024
Клиент 1 завершил 9024 суток проживания из 10000

Сутки 9025
Клиент 1 завершил 9025 суток проживания из 10000

Сутки 9026
Клиент 1 завершил 9026 суток проживания из 10000

Сутки 9027
Клиент 1 завершил 9027 суток проживания из 10000

Сутки 9028
Клиент 1 завершил 9028 суток проживания из 10000

Сутки 9029
Клиент 1 завершил 9029 суток проживания из 10000

Сутки 9030
Клиент 1 завершил 9030 суток проживания из 10000

Сутки 9031
Клиент 1 завершил 9031 суток проживания из 10000

Сутки 9032
Клиент 1 завершил 9032 суток проживания из 10000

Сутки 9033
Клиент 1 завершил 9033 суток проживания из 10000

Сутки 9034
Клиент 1 завершил 9034 суток проживания из 10000

Сутки 9035
Клиент 1 завершил 9035 суток проживания из 10000

Сутки 9036
Клиент 1 завершил 9036 суток проживания из 10000

Сутки 9037
Клиент 1 завершил 9037 суток проживания из 10000

Сутки 9038
Клиент 1 завершил 9038 суток проживания из 10000

Сутки 9039
Клиент 1 завершил 9039 суток проживания из 10000

Сутки 9040
Клиент 1 завершил 9040 суток проживания из 10000

Сутки 9041
Клиент 1 завершил 9041 суток проживания из 10000

Сутки 9042
Клиент 1 завершил 9042 суток проживания из 10000

Сутки 9043
Клиент 1 завершил 9043 суток проживания из 10000

Сутки 9044
Клиент 1 завершил 9044 суток проживания из 10000

Сутки 9045
Клиент 1 завершил 9045 суток проживания из 10000

Сутки 9046
Клиент 1 завершил 9046 суток проживания из 10000

Сутки 9047
Клиент 1 завершил 9047 суток проживания из 10000

Сутки 9048
Клиент 1 завершил 9048 суток проживания из 10000

Сутки 9049
Клиент 1 завершил 9049 суток проживания из 10000

Сутки 9050
Клиент 1 завершил 9050 суток проживания из 10000

Сутки 9051
Клиент 1 завершил 9051 суток проживания из 10000

Сутки 9052
Клиент 1 завершил 9052 суток проживания из 10000

Сутки 9053
Клиент 1 завершил 9053 суток проживания из 10000

Сутки 9054
Клиент 1 завершил 9054 суток проживания из 10000

Сутки 9055
Клиент 1 завершил 9055 суток проживания из 10000

Сутки 9056
Клиент 1 завершил 9056 суток проживания из 10000

Сутки 9057
Клиент 1 завершил 9057 суток проживания из 10000

Сутки 9058
Клиент 1 завершил 9058 суток проживания из 10000

Сутки 9059
Клиент 1 завершил 9059 суток проживания из 10000

Сутки 9060
Клиент 1 завершил 9060 суток проживания из 10000

Сутки 9061
Клиент 1 завершил 9061 суток проживания из 10000

Сутки 9062
Клиент 1 завершил 9062 суток проживания из 10000

Сутки 9063
Клиент 1 завершил 9063 суток проживания из 10000

Сутки 9064
Клиент 1 завершил 9064 суток проживания из 10000

Сутки 9065
Клиент 1 завершил 9065 суток проживания из 10000

Сутки 9066
Клиент 1 завершил 9066 суток проживания из 10000

Сутки 9067
Клиент 1 завершил 9067 суток проживания из 10000

Сутки 9068
Клиент 1 завершил 9068 суток проживания из 10000

Сутки 9069
Клиент 1 завершил 9069 суток проживания из 10000

Сутки 9070
Клиент 1 завершил 9070 суток проживания из 10000

Сутки 9071
Клиент 1 завершил 9071 суток проживания из 10000

Сутки 9072
Клиент 1 завершил 9072 суток проживания из 10000

Сутки 9073
Клиент 1 завершил 9073 суток проживания из 10000

Сутки 9074
Клиент 1 завершил 9074 суток проживания из 10000

Сутки 9075
Клиент 1 завершил 9075 суток проживания из 10000

Сутки 9076
Клиент 1 завершил 9076 суток проживания из 10000

Сутки 9077
Клиент 1 завершил 9077 суток проживания из 10000

Сутки 9078
Клиент 1 завершил 9078 суток проживания из 10000

Сутки 9079
Клиент 1 завершил 9079 суток проживания из 10000

Сутки 9080
Клиент 1 завершил 9080 суток проживания из 10000

Сутки 9081
Клиент 1 завершил 9081 суток проживания из 10000

Сутки 9082
Клиент 1 завершил 9082 суток проживания из 10000

Сутки 9083
Клиент 1 завершил 9083 суток проживания из 10000

Сутки 9084
Клиент 1 завершил 9084 суток проживания из 10000

Сутки 9085
Клиент 1 завершил 9085 суток проживания из 10000

Сутки 9086
Клиент 1 завершил 9086 суток проживания из 10000

Сутки 9087
Клиент 1 завершил 9087 суток проживания из 10000

Сутки 9088
Клиент 1 завершил 9088 суток проживания из 10000

Сутки 9089
Клиент 1 завершил 9089 суток проживания из 10000

Сутки 9090
Клиент 1 завершил 9090 суток проживания из 10000

Сутки 9091
Клиент 1 завершил 9091 суток проживания из 10000

Сутки 9092
Клиент 1 завершил 9092 суток проживания из 10000

Сутки 9093
Клиент 1 завершил 9093 суток проживания из 10000

Сутки 9094
Клиент 1 завершил 9094 суток проживания из 10000

Сутки 9095
Клиент 1 завершил 9095 суток проживания из 10000

Сутки 9096
Клиент 1 завершил 9096 суток проживания из 10000

Сутки 9097
Клиент 1 завершил 9097 суток проживания из 10000

Сутки 9098
Клиент 1 завершил 9098 суток проживания из 10000

Сутки 9099
Клиент 1 завершил 9099 суток проживания из 10000

Сутки 9100
Клиент 1 завершил 9100 суток проживания из 10000

Сутки 9101
Клиент 1 завершил 9101 суток проживания из 10000

Сутки 9102
Клиент 1 завершил 9102 суток проживания из 10000

Сутки 9103
Клиент 1 завершил 9103 суток проживания из 10000

Сутки 9104
Клиент 1 завершил 9104 суток проживания из 10000

Сутки 9105
Клиент 1 завершил 9105 суток проживания из 10000

Сутки 9106
Клиент 1 завершил 9106 суток проживания из 10000

Сутки 9107
Клиент 1 завершил 9107 суток проживания из 10000

Сутки 9108
Клиент 1 завершил 9108 суток проживания из 10000

Сутки 9109
Клиент 1 завершил 9109 суток проживания из 10000

Сутки 9110
Клиент 1 завершил 9110 суток проживания из 10000

Сутки 9111
Клиент 1 завершил 9111 суток проживания из 10000

Сутки 9112
Клиент 1 завершил 9112 суток проживания из 10000

Сутки 9113
Клиент 1 завершил 9113 суток проживания из 10000

Сутки 9114
Клиент 1 завершил 9114 суток проживания из 10000

Сутки 9115
Клиент 1 завершил 9115 суток проживания из 10000

Сутки 9116
Клиент 1 завершил 9116 суток проживания из 10000

Сутки 9117
Клиент 1 завершил 9117 суток проживания из 10000

Сутки 9118
Клиент 1 завершил 9118 суток проживания из 10000

Сутки 9119
Клиент 1 завершил 9119 суток проживания из 10000

Сутки 9120
Клиент 1 завершил 9120 суток проживания из 10000

Сутки 9121
Клиент 1 завершил 9121 суток проживания из 10000

Сутки 9122
Клиент 1 завершил 9122 суток проживания из 10000

Сутки 9123
Клиент 1 завершил 9123 суток проживания из 10000

Сутки 9124
Клиент 1 завершил 9124 суток проживания из 10000

Сутки 9125
Клиент 1 завершил 9125 суток проживания из 10000

Сутки 9126
Клиент 1 завершил 9126 суток проживания из 10000

Сутки 9127
Клиент 1 завершил 9127 суток проживания из 10000

Сутки 9128
Клиент 1 завершил 9128 суток проживания из 10000

Сутки 9129
Клиент 1 завершил 9129 суток проживания из 10000

Сутки 9130
Клиент 1 завершил 9130 суток проживания из 10000

Сутки 9131
Клиент 1 завершил 9131 суток проживания из 10000

Сутки 9132
Клиент 1 завершил 9132 суток проживания из 10000

Сутки 9133
Клиент 1 завершил 9133 суток проживания из 10000

Сутки 9134
Клиент 1 завершил 9134 суток проживания из 10000

Сутки 9135
Клиент 1 завершил 9135 суток проживания из 10000

Сутки 9136
Клиент 1 завершил 9136 суток проживания из 10000

Сутки 9137
Клиент 1 завершил 9137 суток проживания из 10000

Сутки 9138
Клиент 1 завершил 9138 суток проживания из 10000

Сутки 9139
Клиент 1 завершил 9139 суток проживания из 10000

Сутки 9140
Клиент 1 завершил 9140 суток проживания из 10000

Сутки 9141
Клиент 1 завершил 9141 суток проживания из 10000

Сутки 9142
Клиент 1 завершил 9142 суток проживания из 10000

Сутки 9143
Клиент 1 завершил 9143 суток проживания из 10000

Сутки 9144
Клиент 1 завершил 9144 суток проживания из 10000

Сутки 9145
Клиент 1 завершил 9145 суток проживания из 10000

Сутки 9146
Клиент 1 завершил 9146 суток проживания из 10000

Сутки 9147
Клиент 1 завершил 9147 суток проживания из 10000

Сутки 9148
Клиент 1 завершил 9148 суток проживания из 10000

Сутки 9149
Клиент 1 завершил 9149 суток проживания из 10000

Сутки 9150
Клиент 1 завершил 9150 суток проживания из 10000

Сутки 9151
Клиент 1 завершил 9151 суток проживания из 10000

Сутки 9152
Клиент 1 завершил 9152 суток проживания из 10000

Сутки 9153
Клиент 1 завершил 9153 суток проживания из 10000

Сутки 9154
Клиент 1 завершил 9154 суток проживания из 10000

Сутки 9155
Клиент 1 завершил 9155 суток проживания из 10000

Сутки 9156
Клиент 1 завершил 9156 суток проживания из 10000

Сутки 9157
Клиент 1 завершил 9157 суток проживания из 10000

Сутки 9158
Клиент 1 завершил 9158 суток проживания из 10000

Сутки 9159
Клиент 1 завершил 9159 суток проживания из 10000

Сутки 9160
Клиент 1 завершил 9160 суток проживания из 10000

Сутки 9161
Клиент 1 завершил 9161 суток проживания из 10000

Сутки 9162
Клиент 1 завершил 9162 суток проживания из 10000

Сутки 9163
Клиент 1 завершил 9163 суток проживания из 10000

Сутки 9164
Клиент 1 завершил 9164 суток проживания из 10000

Сутки 9165
Клиент 1 завершил 9165 суток проживания из 10000

Сутки 9166
Клиент 1 завершил 9166 суток проживания из 10000

Сутки 9167
Клиент 1 завершил 9167 суток проживания из 10000

Сутки 9168
Клиент 1 завершил 9168 суток проживания из 10000

Сутки 9169
Клиент 1 завершил 9169 суток проживания из 10000

Сутки 9170
Клиент 1 завершил 9170 суток проживания из 10000

Сутки 9171
Клиент 1 завершил 9171 суток проживания из 10000

Сутки 9172
Клиент 1 завершил 9172 суток проживания из 10000

Сутки 9173
Клиент 1 завершил 9173 суток проживания из 10000

Сутки 9174
Клиент 1 завершил 9174 суток проживания из 10000

Сутки 9175
Клиент 1 завершил 9175 суток проживания из 10000

Сутки 9176
Клиент 1 завершил 9176 суток проживания из 10000

Сутки 9177
Клиент 1 завершил 9177 суток проживания из 10000

Сутки 9178
Клиент 1 завершил 9178 суток проживания из 10000

Сутки 9179
Клиент 1 завершил 9179 суток проживания из 10000

Сутки 9180
Клиент 1 завершил 9180 суток проживания из 10000

Сутки 9181
Клиент 1 завершил 9181 суток проживания из 10000

Сутки 9182
Клиент 1 завершил 9182 суток проживания из 10000

Сутки 9183
Клиент 1 завершил 9183 суток проживания из 10000

Сутки 9184
Клиент 1 завершил 9184 суток проживания из 10000

Сутки 9185
Клиент 1 завершил 9185 суток проживания из 10000

Сутки 9186
Клиент 1 завершил 9186 суток проживания из 10000

Сутки 9187
Клиент 1 завершил 9187 суток проживания из 10000

Сутки 9188
Клиент 1 завершил 9188 суток проживания из 10000

Сутки 9189
Клиент 1 завершил 9189 суток проживания из 10000

Сутки 9190
Клиент 1 завершил 9190 суток проживания из 10000

Сутки 9191
Клиент 1 завершил 9191 суток проживания из 10000

Сутки 9192
Клиент 1 завершил 9192 суток проживания из 10000

Сутки 9193
Клиент 1 завершил 9193 суток проживания из 10000

Сутки 9194
Клиент 1 завершил 9194 суток проживания из 10000

Сутки 9195
Клиент 1 завершил 9195 суток проживания из 10000

Сутки 9196
Клиент 1 завершил 9196 суток проживания из 10000

Сутки 9197
Клиент 1 завершил 9197 суток проживания из 10000

Сутки 9198
Клиент 1 завершил 9198 суток проживания из 10000

Сутки 9199
Клиент 1 завершил 9199 суток проживания из 10000

Сутки 9200
Клиент 1 завершил 9200 суток проживания из 10000

Сутки 9201
Клиент 1 завершил 9201 суток проживания из 10000

Сутки 9202
Клиент 1 завершил 9202 суток проживания из 10000

Сутки 9203
Клиент 1 завершил 9203 суток проживания из 10000

Сутки 9204
Клиент 1 завершил 9204 суток проживания из 10000

Сутки 9205
Клиент 1 завершил 9205 суток проживания из 10000

Сутки 9206
Клиент 1 завершил 9206 суток проживания из 10000

Сутки 9207
Клиент 1 завершил 9207 суток проживания из 10000

Сутки 9208
Клиент 1 завершил 9208 суток проживания из 10000

Сутки 9209
Клиент 1 завершил 9209 суток проживания из 10000

Сутки 9210
Клиент 1 завершил 9210 суток проживания из 10000

Сутки 9211
Клиент 1 завершил 9211 суток проживания из 10000

Сутки 9212
Клиент 1 завершил 9212 суток проживания из 10000

Сутки 9213
Клиент 1 завершил 9213 суток проживания из 10000

Сутки 9214
Клиент 1 завершил 9214 суток проживания из 10000

Сутки 9215
Клиент 1 завершил 9215 суток проживания из 10000

Сутки 9216
Клиент 1 завершил 9216 суток проживания из 10000

Сутки 9217
Клиент 1 завершил 9217 суток проживания из 10000

Сутки 9218
Клиент 1 завершил 9218 суток проживания из 10000

Сутки 9219
Клиент 1 завершил 9219 суток проживания из 10000

Сутки 9220
Клиент 1 завершил 9220 суток проживания из 10000

Сутки 9221
Клиент 1 завершил 9221 суток проживания из 10000

Сутки 9222
Клиент 1 завершил 9222 суток проживания из 10000

Сутки 9223
Клиент 1 завершил 9223 суток проживания из 10000

Сутки 9224
Клиент 1 завершил 9224 суток проживания из 10000

Сутки 9225
Клиент 1 завершил 9225 суток проживания из 10000

Сутки 9226
Клиент 1 завершил 9226 суток проживания из 10000

Сутки 9227
Клиент 1 завершил 9227 суток проживания из 10000

Сутки 9228
Клиент 1 завершил 9228 суток проживания из 10000

Сутки 9229
Клиент 1 завершил 9229 суток проживания из 10000

Сутки 9230
Клиент 1 завершил 9230 суток проживания из 10000

Сутки 9231
Клиент 1 завершил 9231 суток проживания из 10000

Сутки 9232
Клиент 1 завершил 9232 суток проживания из 10000

Сутки 9233
Клиент 1 завершил 9233 суток проживания из 10000

Сутки 9234
Клиент 1 завершил 9234 суток проживания из 10000

Сутки 9235
Клиент 1 завершил 9235 суток проживания из 10000

Сутки 9236
Клиент 1 завершил 9236 суток проживания из 10000

Сутки 9237
Клиент 1 завершил 9237 суток проживания из 10000

Сутки 9238
Клиент 1 завершил 9238 суток проживания из 10000

Сутки 9239
Клиент 1 завершил 9239 суток проживания из 10000

Сутки 9240
Клиент 1 завершил 9240 суток проживания из 10000

Сутки 9241
Клиент 1 завершил 9241 суток проживания из 10000

Сутки 9242
Клиент 1 завершил 9242 суток проживания из 10000

Сутки 9243
Клиент 1 завершил 9243 суток проживания из 10000

Сутки 9244
Клиент 1 завершил 9244 суток проживания из 10000

Сутки 9245
Клиент 1 завершил 9245 суток проживания из 10000

Сутки 9246
Клиент 1 завершил 9246 суток проживания из 10000

Сутки 9247
Клиент 1 завершил 9247 суток проживания из 10000

Сутки 9248
Клиент 1 завершил 9248 суток проживания из 10000

Сутки 9249
Клиент 1 завершил 9249 суток проживания из 10000

Сутки 9250
Клиент 1 завершил 9250 суток проживания из 10000

Сутки 9251
Клиент 1 завершил 9251 суток проживания из 10000

Сутки 9252
Клиент 1 завершил 9252 суток проживания из 10000

Сутки 9253
Клиент 1 завершил 9253 суток проживания из 10000

Сутки 9254
Клиент 1 завершил 9254 суток проживания из 10000

Сутки 9255
Клиент 1 завершил 9255 суток проживания из 10000

Сутки 9256
Клиент 1 завершил 9256 суток проживания из 10000

Сутки 9257
Клиент 1 завершил 9257 суток проживания из 10000

Сутки 9258
Клиент 1 завершил 9258 суток проживания из 10000

Сутки 9259
Клиент 1 завершил 9259 суток проживания из 10000

Сутки 9260
Клиент 1 завершил 9260 суток проживания из 10000

Сутки 9261
Клиент 1 завершил 9261 суток проживания из 10000

Сутки 9262
Клиент 1 завершил 9262 суток проживания из 10000

Сутки 9263
Клиент 1 завершил 9263 суток проживания из 10000

Сутки 9264
Клиент 1 завершил 9264 суток проживания из 10000

Сутки 9265
Клиент 1 завершил 9265 суток проживания из 10000

Сутки 9266
Клиент 1 завершил 9266 суток проживания из 10000

Сутки 9267
Клиент 1 завершил 9267 суток проживания из 10000

Сутки 9268
Клиент 1 завершил 9268 суток проживания из 10000

Сутки 9269
Клиент 1 завершил 9269 суток проживания из 10000

Сутки 9270
Клиент 1 завершил 9270 суток проживания из 10000

Сутки 9271
Клиент 1 завершил 9271 суток проживания из 10000

Сутки 9272
Клиент 1 завершил 9272 суток проживания из 10000

Сутки 9273
Клиент 1 завершил 9273 суток проживания из 10000

Сутки 9274
Клиент 1 завершил 9274 суток проживания из 10000

Сутки 9275
Клиент 1 завершил 9275 суток проживания из 10000

Сутки 9276
Клиент 1 завершил 9276 суток проживания из 10000

Сутки 9277
Клиент 1 завершил 9277 суток проживания из 10000

Сутки 9278
Клиент 1 завершил 9278 суток проживания из 10000

Сутки 9279
Клиент 1 завершил 9279 суток проживания из 10000

Сутки 9280
Клиент 1 завершил 9280 суток проживания из 10000

Сутки 9281
Клиент 1 завершил 9281 суток проживания из 10000

Сутки 9282
Клиент 1 завершил 9282 суток проживания из 10000

Сутки 9283
Клиент 1 завершил 9283 суток проживания из 10000

Сутки 9284
Клиент 1 завершил 9284 суток проживания из 10000

Сутки 9285
Клиент 1 завершил 9285 суток проживания из 10000

Сутки 9286
Клиент 1 завершил 9286 суток проживания из 10000

Сутки 9287
Клиент 1 завершил 9287 суток проживания из 10000

Сутки 9288
Клиент 1 завершил 9288 суток проживания из 10000

Сутки 9289
Клиент 1 завершил 9289 суток проживания из 10000

Сутки 9290
Клиент 1 завершил 9290 суток проживания из 10000

Сутки 9291
Клиент 1 завершил 9291 суток проживания из 10000

Сутки 9292
Клиент 1 завершил 9292 суток проживания из 10000

Сутки 9293
Клиент 1 завершил 9293 суток проживания из 10000

Сутки 9294
Клиент 1 завершил 9294 суток проживания из 10000

Сутки 9295
Клиент 1 завершил 9295 суток проживания из 10000

Сутки 9296
Клиент 1 завершил 9296 суток проживания из 10000

Сутки 9297
Клиент 1 завершил 9297 суток проживания из 10000

Сутки 9298
Клиент 1 завершил 9298 суток проживания из 10000

Сутки 9299
Клиент 1 завершил 9299 суток проживания из 10000

Сутки 9300
Клиент 1 завершил 9300 суток проживания из 10000

Сутки 9301
Клиент 1 завершил 9301 суток проживания из 10000

Сутки 9302
Клиент 1 завершил 9302 суток проживания из 10000

Сутки 9303
Клиент 1 завершил 9303 суток проживания из 10000

Сутки 9304
Клиент 1 завершил 9304 суток проживания из 10000

Сутки 9305
Клиент 1 завершил 9305 суток проживания из 10000

Сутки 9306
Клиент 1 завершил 9306 суток проживания из 10000

Сутки 9307
Клиент 1 завершил 9307 суток проживания из 10000

Сутки 9308
Клиент 1 завершил 9308 суток проживания из 10000

Сутки 9309
Клиент 1 завершил 9309 суток проживания из 10000

Сутки 9310
Клиент 1 завершил 9310 суток проживания из 10000

Сутки 9311
Клиент 1 завершил 9311 суток проживания из 10000

Сутки 9312
Клиент 1 завершил 9312 суток проживания из 10000

Сутки 9313
Клиент 1 завершил 9313 суток проживания из 10000

Сутки 9314
Клиент 1 завершил 9314 суток проживания из 10000

Сутки 9315
Клиент 1 завершил 9315 суток проживания из 10000

Сутки 9316
Клиент 1 завершил 9316 суток проживания из 10000

Сутки 9317
Клиент 1 завершил 9317 суток проживания из 10000

Сутки 9318
Клиент 1 завершил 9318 суток проживания из 10000

Сутки 9319
Клиент 1 завершил 9319 суток проживания из 10000

Сутки 9320
Клиент 1 завершил 9320 суток проживания из 10000

Сутки 9321
Клиент 1 завершил 9321 суток проживания из 10000

Сутки 9322
Клиент 1 завершил 9322 суток проживания из 10000

Сутки 9323
Клиент 1 завершил 9323 суток проживания из 10000

Сутки 9324
Клиент 1 завершил 9324 суток проживания из 10000

Сутки 9325
Клиент 1 завершил 9325 суток проживания из 10000

Сутки 9326
Клиент 1 завершил 9326 суток проживания из 10000

Сутки 9327
Клиент 1 завершил 9327 суток проживания из 10000

Сутки 9328
Клиент 1 завершил 9328 суток проживания из 10000

Сутки 9329
Клиент 1 завершил 9329 суток проживания из 10000

Сутки 9330
Клиент 1 завершил 9330 суток проживания из 10000

Сутки 9331
Клиент 1 завершил 9331 суток проживания из 10000

Сутки 9332
Клиент 1 завершил 9332 суток проживания из 10000

Сутки 9333
Клиент 1 завершил 9333 суток проживания из 10000

Сутки 9334
Клиент 1 завершил 9334 суток проживания из 10000

Сутки 9335
Клиент 1 завершил 9335 суток проживания из 10000

Сутки 9336
Клиент 1 завершил 9336 суток проживания из 10000

Сутки 9337
Клиент 1 завершил 9337 суток проживания из 10000

Сутки 9338
Клиент 1 завершил 9338 суток проживания из 10000

Сутки 9339
Клиент 1 завершил 9339 суток проживания из 10000

Сутки 9340
Клиент 1 завершил 9340 суток проживания из 10000

Сутки 9341
Клиент 1 завершил 9341 суток проживания из 10000

Сутки 9342
Клиент 1 завершил 9342 суток проживания из 10000

Сутки 9343
Клиент 1 завершил 9343 суток проживания из 10000

Сутки 9344
Клиент 1 завершил 9344 суток проживания из 10000

Сутки 9345
Клиент 1 завершил 9345 суток проживания из 10000

Сутки 9346
Клиент 1 завершил 9346 суток проживания из 10000

Сутки 9347
Клиент 1 завершил 9347 суток проживания из 10000

Сутки 9348
Клиент 1 завершил 9348 суток проживания из 10000

Сутки 9349
Клиент 1 завершил 9349 суток проживания из 10000

Сутки 9350
Клиент 1 завершил 9350 суток проживания из 10000

Сутки 9351
Клиент 1 завершил 9351 суток проживания из 10000

Сутки 9352
Клиент 1 завершил 9352 суток проживания из 10000

Сутки 9353
Клиент 1 завершил 9353 суток проживания из 10000

Сутки 9354
Клиент 1 завершил 9354 суток проживания из 10000

Сутки 9355
Клиент 1 завершил 9355 суток проживания из 10000

Сутки 9356
Клиент 1 завершил 9356 суток проживания из 10000

Сутки 9357
Клиент 1 завершил 9357 суток проживания из 10000

Сутки 9358
Клиент 1 завершил 9358 суток проживания из 10000

Сутки 9359
Клиент 1 завершил 9359 суток проживания из 10000

Сутки 9360
Клиент 1 завершил 9360 суток проживания из 10000

Сутки 9361
Клиент 1 завершил 9361 суток проживания из 10000

Сутки 9362
Клиент 1 завершил 9362 суток проживания из 10000

Сутки 9363
Клиент 1 завершил 9363 суток проживания из 10000

Сутки 9364
Клиент 1 завершил 9364 суток проживания из 10000

Сутки 9365
Клиент 1 завершил 9365 суток проживания из 10000

Сутки 9366
Клиент 1 завершил 9366 суток проживания из 10000

Сутки 9367
Клиент 1 завершил 9367 суток проживания из 10000

Сутки 9368
Клиент 1 завершил 9368 суток проживания из 10000

Сутки 9369
Клиент 1 завершил 9369 суток проживания из 10000

Сутки 9370
Клиент 1 завершил 9370 суток проживания из 10000

Сутки 9371
Клиент 1 завершил 9371 суток проживания из 10000

Сутки 9372
Клиент 1 завершил 9372 суток проживания из 10000

Сутки 9373
Клиент 1 завершил 9373 суток проживания из 10000

Сутки 9374
Клиент 1 завершил 9374 суток проживания из 10000

Сутки 9375
Клиент 1 завершил 9375 суток проживания из 10000

Сутки 9376
Клиент 1 завершил 9376 суток проживания из 10000

Сутки 9377
Клиент 1 завершил 9377 суток проживания из 10000

Сутки 9378
Клиент 1 завершил 9378 суток проживания из 10000

Сутки 9379
Клиент 1 завершил 9379 суток проживания из 10000

Сутки 9380
Клиент 1 завершил 9380 суток проживания из 10000

Сутки 9381
Клиент 1 завершил 9381 суток проживания из 10000

Сутки 9382
Клиент 1 завершил 9382 суток проживания из 10000

Сутки 9383
Клиент 1 завершил 9383 суток проживания из 10000

Сутки 9384
Клиент 1 завершил 9384 суток проживания из 10000

Сутки 9385
Клиент 1 завершил 9385 суток проживания из 10000

Сутки 9386
Клиент 1 завершил 9386 суток проживания из 10000

Сутки 9387
Клиент 1 завершил 9387 суток проживания из 10000

Сутки 9388
Клиент 1 завершил 9388 суток проживания из 10000

Сутки 9389
Клиент 1 завершил 9389 суток проживания из 10000

Сутки 9390
Клиент 1 завершил 9390 суток проживания из 10000

Сутки 9391
Клиент 1 завершил 9391 суток проживания из 10000

Сутки 9392
Клиент 1 завершил 9392 суток проживания из 10000

Сутки 9393
Клиент 1 завершил 9393 суток проживания из 10000

Сутки 9394
Клиент 1 завершил 9394 суток проживания из 10000

Сутки 9395
Клиент 1 завершил 9395 суток проживания из 10000

Сутки 9396
Клиент 1 завершил 9396 суток проживания из 10000

Сутки 9397
Клиент 1 завершил 9397 суток проживания из 10000

Сутки 9398
Клиент 1 завершил 9398 суток проживания из 10000

Сутки 9399
Клиент 1 завершил 9399 суток проживания из 10000

Сутки 9400
Клиент 1 завершил 9400 суток проживания из 10000

Сутки 9401
Клиент 1 завершил 9401 суток проживания из 10000

Сутки 9402
Клиент 1 завершил 9402 суток проживания из 10000

Сутки 9403
Клиент 1 завершил 9403 суток проживания из 10000

Сутки 9404
Клиент 1 завершил 9404 суток проживания из 10000

Сутки 9405
Клиент 1 завершил 9405 суток проживания из 10000

Сутки 9406
Клиент 1 завершил 9406 суток проживания из 10000

Сутки 9407
Клиент 1 завершил 9407 суток проживания из 10000

Сутки 9408
Клиент 1 завершил 9408 суток проживания из 10000

Сутки 9409
Клиент 1 завершил 9409 суток проживания из 10000

Сутки 9410
Клиент 1 завершил 9410 суток проживания из 10000

Сутки 9411
Клиент 1 завершил 9411 суток проживания из 10000

Сутки 9412
Клиент 1 завершил 9412 суток проживания из 10000

Сутки 9413
Клиент 1 завершил 9413 суток проживания из 10000

Сутки 9414
Клиент 1 завершил 9414 суток проживания из 10000

Сутки 9415
Клиент 1 завершил 9415 суток проживания из 10000

Сутки 9416
Клиент 1 завершил 9416 суток проживания из 10000

Сутки 9417
Клиент 1 завершил 9417 суток проживания из 10000

Сутки 9418
Клиент 1 завершил 9418 суток проживания из 10000

Сутки 9419
Клиент 1 завершил 9419 суток проживания из 10000

Сутки 9420
Клиент 1 завершил 9420 суток проживания из 10000

Сутки 9421
Клиент 1 завершил 9421 суток проживания из 10000

Сутки 9422
Клиент 1 завершил 9422 суток проживания из 10000

Сутки 9423
Клиент 1 завершил 9423 суток проживания из 10000

Сутки 9424
Клиент 1 завершил 9424 суток проживания из 10000

Сутки 9425
Клиент 1 завершил 9425 суток проживания из 10000

Сутки 9426
Клиент 1 завершил 9426 суток проживания из 10000

Сутки 9427
Клиент 1 завершил 9427 суток проживания из 10000

Сутки 9428
Клиент 1 завершил 9428 суток проживания из 10000

Сутки 9429
Клиент 1 завершил 9429 суток проживания из 10000

Сутки 9430
Клиент 1 завершил 9430 суток проживания из 10000

Сутки 9431
Клиент 1 завершил 9431 суток проживания из 10000

Сутки 9432
Клиент 1 завершил 9432 суток проживания из 10000

Сутки 9433
Клиент 1 завершил 9433 суток проживания из 10000

Сутки 9434
Клиент 1 завершил 9434 суток проживания из 10000

Сутки 9435
Клиент 1 завершил 9435 суток проживания из 10000

Сутки 9436
Клиент 1 завершил 9436 суток проживания из 10000

Сутки 9437
Клиент 1 завершил 9437 суток проживания из 10000

Сутки 9438
Клиент 1 завершил 9438 суток проживания из 10000

Сутки 9439
Клиент 1 завершил 9439 суток проживания из 10000

Сутки 9440
Клиент 1 завершил 9440 суток проживания из 10000

Сутки 9441
Клиент 1 завершил 9441 суток проживания из 10000

Сутки 9442
Клиент 1 завершил 9442 суток проживания из 10000

Сутки 9443
Клиент 1 завершил 9443 суток проживания из 10000

Сутки 9444
Клиент 1 завершил 9444 суток проживания из 10000

Сутки 9445
Клиент 1 завершил 9445 суток проживания из 10000

Сутки 9446
Клиент 1 завершил 9446 суток проживания из 10000

Сутки 9447
Клиент 1 завершил 9447 суток проживания из 10000

Сутки 9448
Клиент 1 завершил 9448 суток проживания из 10000

Сутки 9449
Клиент 1 завершил 9449 суток проживания из 10000

Сутки 9450
Клиент 1 завершил 9450 суток проживания из 10000

Сутки 9451
Клиент 1 завершил 9451 суток проживания из 10000

Сутки 9452
Клиент 1 завершил 9452 суток проживания из 10000

Сутки 9453
Клиент 1 завершил 9453 суток проживания из 10000

Сутки 9454
Клиент 1 завершил 9454 суток проживания из 10000

Сутки 9455
Клиент 1 завершил 9455 суток проживания из 10000

Сутки 9456
Клиент 1 завершил 9456 суток проживания из 10000

Сутки 9457
Клиент 1 завершил 9457 суток проживания из 10000

Сутки 9458
Клиент 1 завершил 9458 суток проживания из 10000

Сутки 9459
Клиент 1 завершил 9459 суток проживания из 10000

Сутки 9460
Клиент 1 завершил 9460 суток проживания из 10000

Сутки 9461
Клиент 1 завершил 9461 суток проживания из 10000

Сутки 9462
Клиент 1 завершил 9462 суток проживания из 10000

Сутки 9463
Клиент 1 завершил 9463 суток проживания из 10000

Сутки 9464
Клиент 1 завершил 9464 суток проживания из 10000

Сутки 9465
Клиент 1 завершил 9465 суток проживания из 10000

Сутки 9466
Клиент 1 завершил 9466 суток проживания из 10000

Сутки 9467
Клиент 1 завершил 9467 суток проживания из 10000

Сутки 9468
Клиент 1 завершил 9468 суток проживания из 10000

Сутки 9469
Клиент 1 завершил 9469 суток проживания из 10000

Сутки 9470
Клиент 1 завершил 9470 суток проживания из 10000

Сутки 9471
Клиент 1 завершил 9471 суток проживания из 10000

Сутки 9472
Клиент 1 завершил 9472 суток проживания из 10000

Сутки 9473
Клиент 1 завершил 9473 суток проживания из 10000

Сутки 9474
Клиент 1 завершил 9474 суток проживания из 10000

Сутки 9475
Клиент 1 завершил 9475 суток проживания из 10000

Сутки 9476
Клиент 1 завершил 9476 суток проживания из 10000

Сутки 9477
Клиент 1 завершил 9477 суток проживания из 10000

Сутки 9478
Клиент 1 завершил 9478 суток проживания из 10000

Сутки 9479
Клиент 1 завершил 9479 суток проживания из 10000

Сутки 9480
Клиент 1 завершил 9480 суток проживания из 10000

Сутки 9481
Клиент 1 завершил 9481 суток проживания из 10000

Сутки 9482
Клиент 1 завершил 9482 суток проживания из 10000

Сутки 9483
Клиент 1 завершил 9483 суток проживания из 10000

Сутки 9484
Клиент 1 завершил 9484 суток проживания из 10000

Сутки 9485
Клиент 1 завершил 9485 суток проживания из 10000

Сутки 9486
Клиент 1 завершил 9486 суток проживания из 10000

Сутки 9487
Клиент 1 завершил 9487 суток проживания из 10000

Сутки 9488
Клиент 1 завершил 9488 суток проживания из 10000

Сутки 9489
Клиент 1 завершил 9489 суток проживания из 10000

Сутки 9490
Клиент 1 завершил 9490 суток проживания из 10000

Сутки 9491
Клиент 1 завершил 9491 суток проживания из 10000

Сутки 9492
Клиент 1 завершил 9492 суток проживания из 10000

Сутки 9493
Клиент 1 завершил 9493 суток проживания из 10000

Сутки 9494
Клиент 1 завершил 9494 суток проживания из 10000

Сутки 9495
Клиент 1 завершил 9495 суток проживания из 10000

Сутки 9496
Клиент 1 завершил 9496 суток проживания из 10000

Сутки 9497
Клиент 1 завершил 9497 суток проживания из 10000

Сутки 9498
Клиент 1 завершил 9498 суток проживания из 10000

Сутки 9499
Клиент 1 завершил 9499 суток проживания из 10000

Сутки 9500
Клиент 1 завершил 9500 суток проживания из 10000

Сутки 9501
Клиент 1 завершил 9501 суток проживания из 10000

Сутки 9502
Клиент 1 завершил 9502 суток проживания из 10000

Сутки 9503
Клиент 1 завершил 9503 суток проживания из 10000

Сутки 9504
Клиент 1 завершил 9504 суток проживания из 10000

Сутки 9505
Клиент 1 завершил 9505 суток проживания из 10000

Сутки 9506
Клиент 1 завершил 9506 суток проживания из 10000

Сутки 9507
Клиент 1 завершил 9507 суток проживания из 10000

Сутки 9508
Клиент 1 завершил 9508 суток проживания из 10000

Сутки 9509
Клиент 1 завершил 9509 суток проживания из 10000

Сутки 9510
Клиент 1 завершил 9510 суток проживания из 10000

Сутки 9511
Клиент 1 завершил 9511 суток проживания из 10000

Сутки 9512
Клиент 1 завершил 9512 суток проживания из 10000

Сутки 9513
Клиент 1 завершил 9513 суток проживания из 10000

Сутки 9514
Клиент 1 завершил 9514 суток проживания из 10000

Сутки 9515
Клиент 1 завершил 9515 суток проживания из 10000

Сутки 9516
Клиент 1 завершил 9516 суток проживания из 10000

Сутки 9517
Клиент 1 завершил 9517 суток проживания из 10000

Сутки 9518
Клиент 1 завершил 9518 суток проживания из 10000

Сутки 9519
Клиент 1 завершил 9519 суток проживания из 10000

Сутки 9520
Клиент 1 завершил 9520 суток проживания из 10000

Сутки 9521
Клиент 1 завершил 9521 суток проживания из 10000

Сутки 9522
Клиент 1 завершил 9522 суток проживания из 10000

Сутки 9523
Клиент 1 завершил 9523 суток проживания из 10000

Сутки 9524
Клиент 1 завершил 9524 суток проживания из 10000

Сутки 9525
Клиент 1 завершил 9525 суток проживания из 10000

Сутки 9526
Клиент 1 завершил 9526 суток проживания из 10000

Сутки 9527
Клиент 1 завершил 9527 суток проживания из 10000

Сутки 9528
Клиент 1 завершил 9528 суток проживания из 10000

Сутки 9529
Клиент 1 завершил 9529 суток проживания из 10000

Сутки 9530
Клиент 1 завершил 9530 суток проживания из 10000

Сутки 9531
Клиент 1 завершил 9531 суток проживания из 10000

Сутки 9532
Клиент 1 завершил 9532 суток проживания из 10000

Сутки 9533
Клиент 1 завершил 9533 суток проживания из 10000

Сутки 9534
Клиент 1 завершил 9534 суток проживания из 10000

Сутки 9535
Клиент 1 завершил 9535 суток проживания из 10000

Сутки 9536
Клиент 1 завершил 9536 суток проживания из 10000

Сутки 9537
Клиент 1 завершил 9537 суток проживания из 10000

Сутки 9538
Клиент 1 завершил 9538 суток проживания из 10000

Сутки 9539
Клиент 1 завершил 9539 суток проживания из 10000

Сутки 9540
Клиент 1 завершил 9540 суток проживания из 10000

Сутки 9541
Клиент 1 завершил 9541 суток проживания из 10000

Сутки 9542
Клиент 1 завершил 9542 суток проживания из 10000

Сутки 9543
Клиент 1 завершил 9543 суток проживания из 10000

Сутки 9544
Клиент 1 завершил 9544 суток проживания из 10000

Сутки 9545
Клиент 1 завершил 9545 суток проживания из 10000

Сутки 9546
Клиент 1 завершил 9546 суток проживания из 10000

Сутки 9547
Клиент 1 завершил 9547 суток проживания из 10000

Сутки 9548
Клиент 1 завершил 9548 суток проживания из 10000

Сутки 9549
Клиент 1 завершил 9549 суток проживания из 10000

Сутки 9550
Клиент 1 завершил 9550 суток проживания из 10000

Сутки 9551
Клиент 1 завершил 9551 суток проживания из 10000

Сутки 9552
Клиент 1 завершил 9552 суток проживания из 10000

Сутки 9553
Клиент 1 завершил 9553 суток проживания из 10000

Сутки 9554
Клиент 1 завершил 9554 суток проживания из 10000

Сутки 9555
Клиент 1 завершил 9555 суток проживания из 10000

Сутки 9556
Клиент 1 завершил 9556 суток проживания из 10000

Сутки 9557
Клиент 1 завершил 9557 суток проживания из 10000

Сутки 9558
Клиент 1 завершил 9558 суток проживания из 10000

Сутки 9559
Клиент 1 завершил 9559 суток проживания из 10000

Сутки 9560
Клиент 1 завершил 9560 суток проживания из 10000

Сутки 9561
Клиент 1 завершил 9561 суток проживания из 10000

Сутки 9562
Клиент 1 завершил 9562 суток проживания из 10000

Сутки 9563
Клиент 1 завершил 9563 суток проживания из 10000

Сутки 9564
Клиент 1 завершил 9564 суток проживания из 10000

Сутки 9565
Клиент 1 завершил 9565 суток проживания из 10000

Сутки 9566
Клиент 1 завершил 9566 суток проживания из 10000

Сутки 9567
Клиент 1 завершил 9567 суток проживания из 10000

Сутки 9568
Клиент 1 завершил 9568 суток проживания из 10000

Сутки 9569
Клиент 1 завершил 9569 суток проживания из 10000

Сутки 9570
Клиент 1 завершил 9570 суток проживания из 10000

Сутки 9571
Клиент 1 завершил 9571 суток проживания из 10000

Сутки 9572
Клиент 1 завершил 9572 суток проживания из 10000

Сутки 9573
Клиент 1 завершил 9573 суток проживания из 10000

Сутки 9574
Клиент 1 завершил 9574 суток проживания из 10000

Сутки 9575
Клиент 1 завершил 9575 суток проживания из 10000

Сутки 9576
Клиент 1 завершил 9576 суток проживания из 10000

Сутки 9577
Клиент 1 завершил 9577 суток проживания из 10000

Сутки 9578
Клиент 1 завершил 9578 суток проживания из 10000

Сутки 9579
Клиент 1 завершил 9579 суток проживания из 10000

Сутки 9580
Клиент 1 завершил 9580 суток проживания из 10000

Сутки 9581
Клиент 1 завершил 9581 суток проживания из 10000

Сутки 9582
Клиент 1 завершил 9582 суток проживания из 10000

Сутки 9583
Клиент 1 завершил 9583 суток проживания из 10000

Сутки 9584
Клиент 1 завершил 9584 суток проживания из 10000

Сутки 9585
Клиент 1 завершил 9585 суток проживания из 10000

Сутки 9586
Клиент 1 завершил 9586 суток проживания из 10000

Сутки 9587
Клиент 1 завершил 9587 суток проживания из 10000

Сутки 9588
Клиент 1 завершил 9588 суток проживания из 10000

Сутки 9589
Клиент 1 завершил 9589 суток проживания из 10000

Сутки 9590
Клиент 1 завершил 9590 суток проживания из 10000

Сутки 9591
Клиент 1 завершил 9591 суток проживания из 10000

Сутки 9592
Клиент 1 завершил 9592 суток проживания из 10000

Сутки 9593
Клиент 1 завершил 9593 суток проживания из 10000

Сутки 9594
Клиент 1 завершил 9594 суток проживания из 10000

Сутки 9595
Клиент 1 завершил 9595 суток проживания из 10000

Сутки 9596
Клиент 1 завершил 9596 суток проживания из 10000

Сутки 9597
Клиент 1 завершил 9597 суток проживания из 10000

Сутки 9598
Клиент 1 завершил 9598 суток проживания из 10000

Сутки 9599
Клиент 1 завершил 9599 суток проживания из 10000

Сутки 9600
Клиент 1 завершил 9600 суток проживания из 10000

Сутки 9601
Клиент 1 завершил 9601 суток проживания из 10000

Сутки 9602
Клиент 1 завершил 9602 суток проживания из 10000

Сутки 9603
Клиент 1 завершил 9603 суток проживания из 10000

Сутки 9604
Клиент 1 завершил 9604 суток проживания из 10000

Сутки 9605
Клиент 1 завершил 9605 суток проживания из 10000

Сутки 9606
Клиент 1 завершил 9606 суток проживания из 10000

Сутки 9607
Клиент 1 завершил 9607 суток проживания из 10000

Сутки 9608
Клиент 1 завершил 9608 суток проживания из 10000

Сутки 9609
Клиент 1 завершил 9609 суток проживания из 10000

Сутки 9610
Клиент 1 завершил 9610 суток проживания из 10000

Сутки 9611
Клиент 1 завершил 9611 суток проживания из 10000

Сутки 9612
Клиент 1 завершил 9612 суток проживания из 10000

Сутки 9613
Клиент 1 завершил 9613 суток проживания из 10000

Сутки 9614
Клиент 1 завершил 9614 суток проживания из 10000

Сутки 9615
Клиент 1 завершил 9615 суток проживания из 10000

Сутки 9616
Клиент 1 завершил 9616 суток проживания из 10000

Сутки 9617
Клиент 1 завершил 9617 суток проживания из 10000

Сутки 9618
Клиент 1 завершил 9618 суток проживания из 10000

Сутки 9619
Клиент 1 завершил 9619 суток проживания из 10000

Сутки 9620
Клиент 1 завершил 9620 суток проживания из 10000

Сутки 9621
Клиент 1 завершил 9621 суток проживания из 10000

Сутки 9622
Клиент 1 завершил 9622 суток проживания из 10000

Сутки 9623
Клиент 1 завершил 9623 суток проживания из 10000

Сутки 9624
Клиент 1 завершил 9624 суток проживания из 10000

Сутки 9625
Клиент 1 завершил 9625 суток проживания из 10000

Сутки 9626
Клиент 1 завершил 9626 суток проживания из 10000

Сутки 9627
Клиент 1 завершил 9627 суток проживания из 10000

Сутки 9628
Клиент 1 завершил 9628 суток проживания из 10000

Сутки 9629
Клиент 1 завершил 9629 суток проживания из 10000

Сутки 9630
Клиент 1 завершил 9630 суток проживания из 10000

Сутки 9631
Клиент 1 завершил 9631 суток проживания из 10000

Сутки 9632
Клиент 1 завершил 9632 суток проживания из 10000

Сутки 9633
Клиент 1 завершил 9633 суток проживания из 10000

Сутки 9634
Клиент 1 завершил 9634 суток проживания из 10000

Сутки 9635
Клиент 1 завершил 9635 суток проживания из 10000

Сутки 9636
Клиент 1 завершил 9636 суток проживания из 10000

Сутки 9637
Клиент 1 завершил 9637 суток проживания из 10000

Сутки 9638
Клиент 1 завершил 9638 суток проживания из 10000

Сутки 9639
Клиент 1 завершил 9639 суток проживания из 10000

Сутки 9640
Клиент 1 завершил 9640 суток проживания из 10000

Сутки 9641
Клиент 1 завершил 9641 суток проживания из 10000

Сутки 9642
Клиент 1 завершил 9642 суток проживания из 10000

Сутки 9643
Клиент 1 завершил 9643 суток проживания из 10000

Сутки 9644
Клиент 1 завершил 9644 суток проживания из 10000

Сутки 9645
Клиент 1 завершил 9645 суток проживания из 10000

Сутки 9646
Клиент 1 завершил 9646 суток проживания из 10000

Сутки 9647
Клиент 1 завершил 9647 суток проживания из 10000

Сутки 9648
Клиент 1 завершил 9648 суток проживания из 10000

Сутки 9649
Клиент 1 завершил 9649 суток проживания из 10000

Сутки 9650
Клиент 1 завершил 9650 суток проживания из 10000

Сутки 9651
Клиент 1 завершил 9651 суток проживания из 10000

Сутки 9652
Клиент 1 завершил 9652 суток проживания из 10000

Сутки 9653
Клиент 1 завершил 9653 суток проживания из 10000

Сутки 9654
Клиент 1 завершил 9654 суток проживания из 10000

Сутки 9655
Клиент 1 завершил 9655 суток проживания из 10000

Сутки 9656
Клиент 1 завершил 9656 суток проживания из 10000

Сутки 9657
Клиент 1 завершил 9657 суток проживания из 10000

Сутки 9658
Клиент 1 завершил 9658 суток проживания из 10000

Сутки 9659
Клиент 1 завершил 9659 суток проживания из 10000

Сутки 9660
Клиент 1 завершил 9660 суток проживания из 10000

Сутки 9661
Клиент 1 завершил 9661 суток проживания из 10000

Сутки 9662
Клиент 1 завершил 9662 суток проживания из 10000

Сутки 9663
Клиент 1 завершил 9663 суток проживания из 10000

Сутки 9664
Клиент 1 завершил 9664 суток проживания из 10000

Сутки 9665
Клиент 1 завершил 9665 суток проживания из 10000

Сутки 9666
Клиент 1 завершил 9666 суток проживания из 10000

Сутки 9667
Клиент 1 завершил 9667 суток проживания из 10000

Сутки 9668
Клиент 1 завершил 9668 суток проживания из 10000

Сутки 9669
Клиент 1 завершил 9669 суток проживания из 10000

Сутки 9670
Клиент 1 завершил 9670 суток проживания из 10000

Сутки 9671
Клиент 1 завершил 9671 суток проживания из 10000

Сутки 9672
Клиент 1 завершил 9672 суток проживания из 10000

Сутки 9673
Клиент 1 завершил 9673 суток проживания из 10000

Сутки 9674
Клиент 1 завершил 9674 суток проживания из 10000

Сутки 9675
Клиент 1 завершил 9675 суток проживания из 10000

Сутки 9676
Клиент 1 завершил 9676 суток проживания из 10000

Сутки 9677
Клиент 1 завершил 9677 суток проживания из 10000

Сутки 9678
Клиент 1 завершил 9678 суток проживания из 10000

Сутки 9679
Клиент 1 завершил 9679 суток проживания из 10000

Сутки 9680
Клиент 1 завершил 9680 суток проживания из 10000

Сутки 9681
Клиент 1 завершил 9681 суток проживания из 10000

Сутки 9682
Клиент 1 завершил 9682 суток проживания из 10000

Сутки 9683
Клиент 1 завершил 9683 суток проживания из 10000

Сутки 9684
Клиент 1 завершил 9684 суток проживания из 10000

Сутки 9685
Клиент 1 завершил 9685 суток проживания из 10000

Сутки 9686
Клиент 1 завершил 9686 суток проживания из 10000

Сутки 9687
Клиент 1 завершил 9687 суток проживания из 10000

Сутки 9688
Клиент 1 завершил 9688 суток проживания из 10000

Сутки 9689
Клиент 1 завершил 9689 суток проживания из 10000

Сутки 9690
Клиент 1 завершил 9690 суток проживания из 10000

Сутки 9691
Клиент 1 завершил 9691 суток проживания из 10000

Сутки 9692
Клиент 1 завершил 9692 суток проживания из 10000

Сутки 9693
Клиент 1 завершил 9693 суток проживания из 10000

Сутки 9694
Клиент 1 завершил 9694 суток проживания из 10000

Сутки 9695
Клиент 1 завершил 9695 суток проживания из 10000

Сутки 9696
Клиент 1 завершил 9696 суток проживания из 10000

Сутки 9697
Клиент 1 завершил 9697 суток проживания из 10000

Сутки 9698
Клиент 1 завершил 9698 суток проживания из 10000

Сутки 9699
Клиент 1 завершил 9699 суток проживания из 10000

Сутки 9700
Клиент 1 завершил 9700 суток проживания из 10000

Сутки 9701
Клиент 1 завершил 9701 суток проживания из 10000

Сутки 9702
Клиент 1 завершил 9702 суток проживания из 10000

Сутки 9703
Клиент 1 завершил 9703 суток проживания из 10000

Сутки 9704
Клиент 1 завершил 9704 суток проживания из 10000

Сутки 9705
Клиент 1 завершил 9705 суток проживания из 10000

Сутки 9706
Клиент 1 завершил 9706 суток проживания из 10000

Сутки 9707
Клиент 1 завершил 9707 суток проживания из 10000

Сутки 9708
Клиент 1 завершил 9708 суток проживания из 10000

Сутки 9709
Клиент 1 завершил 9709 суток проживания из 10000

Сутки 9710
Клиент 1 завершил 9710 суток проживания из 10000

Сутки 9711
Клиент 1 завершил 9711 суток проживания из 10000

Сутки 9712
Клиент 1 завершил 9712 суток проживания из 10000

Сутки 9713
Клиент 1 завершил 9713 суток проживания из 10000

Сутки 9714
Клиент 1 завершил 9714 суток проживания из 10000

Сутки 9715
Клиент 1 завершил 9715 суток проживания из 10000

Сутки 9716
Клиент 1 завершил 9716 суток проживания из 10000

Сутки 9717
Клиент 1 завершил 9717 суток проживания из 10000

Сутки 9718
Клиент 1 завершил 9718 суток проживания из 10000

Сутки 9719
Клиент 1 завершил 9719 суток проживания из 10000

Сутки 9720
Клиент 1 завершил 9720 суток проживания из 10000

Сутки 9721
Клиент 1 завершил 9721 суток проживания из 10000

Сутки 9722
Клиент 1 завершил 9722 суток проживания из 10000

Сутки 9723
Клиент 1 завершил 9723 суток проживания из 10000

Сутки 9724
Клиент 1 завершил 9724 суток проживания из 10000

Сутки 9725
Клиент 1 завершил 9725 суток проживания из 10000

Сутки 9726
Клиент 1 завершил 9726 суток проживания из 10000

Сутки 9727
Клиент 1 завершил 9727 суток проживания из 10000

Сутки 9728
Клиент 1 завершил 9728 суток проживания из 10000

Сутки 9729
Клиент 1 завершил 9729 суток проживания из 10000

Сутки 9730
Клиент 1 завершил 9730 суток проживания из 10000

Сутки 9731
Клиент 1 завершил 9731 суток проживания из 10000

Сутки 9732
Клиент 1 завершил 9732 суток проживания из 10000

Сутки 9733
Клиент 1 завершил 9733 суток проживания из 10000

Сутки 9734
Клиент 1 завершил 9734 суток проживания из 10000

Сутки 9735
Клиент 1 завершил 9735 суток проживания из 10000

Сутки 9736
Клиент 1 завершил 9736 суток проживания из 10000

Сутки 9737
Клиент 1 завершил 9737 суток проживания из 10000

Сутки 9738
Клиент 1 завершил 9738 суток проживания из 10000

Сутки 9739
Клиент 1 завершил 9739 суток проживания из 10000

Сутки 9740
Клиент 1 завершил 9740 суток проживания из 10000

Сутки 9741
Клиент 1 завершил 9741 суток проживания из 10000

Сутки 9742
Клиент 1 завершил 9742 суток проживания из 10000

Сутки 9743
Клиент 1 завершил 9743 суток проживания из 10000

Сутки 9744
Клиент 1 завершил 9744 суток проживания из 10000

Сутки 9745
Клиент 1 завершил 9745 суток проживания из 10000

Сутки 9746
Клиент 1 завершил 9746 суток проживания из 10000

Сутки 9747
Клиент 1 завершил 9747 суток проживания из 10000

Сутки 9748
Клиент 1 завершил 9748 суток проживания из 10000

Сутки 9749
Клиент 1 завершил 9749 суток проживания из 10000

Сутки 9750
Клиент 1 завершил 9750 суток проживания из 10000

Сутки 9751
Клиент 1 завершил 9751 суток проживания из 10000

Сутки 9752
Клиент 1 завершил 9752 суток проживания из 10000

Сутки 9753
Клиент 1 завершил 9753 суток проживания из 10000

Сутки 9754
Клиент 1 завершил 9754 суток проживания из 10000

Сутки 9755
Клиент 1 завершил 9755 суток проживания из 10000

Сутки 9756
Клиент 1 завершил 9756 суток проживания из 10000

Сутки 9757
Клиент 1 завершил 9757 суток проживания из 10000

Сутки 9758
Клиент 1 завершил 9758 суток проживания из 10000

Сутки 9759
Клиент 1 завершил 9759 суток проживания из 10000

Сутки 9760
Клиент 1 завершил 9760 суток проживания из 10000

Сутки 9761
Клиент 1 завершил 9761 суток проживания из 10000

Сутки 9762
Клиент 1 завершил 9762 суток проживания из 10000

Сутки 9763
Клиент 1 завершил 9763 суток проживания из 10000

Сутки 9764
Клиент 1 завершил 9764 суток проживания из 10000

Сутки 9765
Клиент 1 завершил 9765 суток проживания из 10000

Сутки 9766
Клиент 1 завершил 9766 суток проживания из 10000

Сутки 9767
Клиент 1 завершил 9767 суток проживания из 10000

Сутки 9768
Клиент 1 завершил 9768 суток проживания из 10000

Сутки 9769
Клиент 1 завершил 9769 суток проживания из 10000

Сутки 9770
Клиент 1 завершил 9770 суток проживания из 10000

Сутки 9771
Клиент 1 завершил 9771 суток проживания из 10000

Сутки 9772
Клиент 1 завершил 9772 суток проживания из 10000

Сутки 9773
Клиент 1 завершил 9773 суток проживания из 10000

Сутки 9774
Клиент 1 завершил 9774 суток проживания из 10000

Сутки 9775
Клиент 1 завершил 9775 суток проживания из 10000

Сутки 9776
Клиент 1 завершил 9776 суток проживания из 10000

Сутки 9777
Клиент 1 завершил 9777 суток проживания из 10000

Сутки 9778
Клиент 1 завершил 9778 суток проживания из 10000

Сутки 9779
Клиент 1 завершил 9779 суток проживания из 10000

Сутки 9780
Клиент 1 завершил 9780 суток проживания из 10000

Сутки 9781
Клиент 1 завершил 9781 суток проживания из 10000

Сутки 9782
Клиент 1 завершил 9782 суток проживания из 10000

Сутки 9783
Клиент 1 завершил 9783 суток проживания из 10000

Сутки 9784
Клиент 1 завершил 9784 суток проживания из 10000

Сутки 9785
Клиент 1 завершил 9785 суток проживания из 10000

Сутки 9786
Клиент 1 завершил 9786 суток проживания из 10000

Сутки 9787
Клиент 1 завершил 9787 суток проживания из 10000

Сутки 9788
Клиент 1 завершил 9788 суток проживания из 10000

Сутки 9789
Клиент 1 завершил 9789 суток проживания из 10000

Сутки 9790
Клиент 1 завершил 9790 суток проживания из 10000

Сутки 9791
Клиент 1 завершил 9791 суток проживания из 10000

Сутки 9792
Клиент 1 завершил 9792 суток проживания из 10000

Сутки 9793
Клиент 1 завершил 9793 суток проживания из 10000

Сутки 9794
Клиент 1 завершил 9794 суток проживания из 10000

Сутки 9795
Клиент 1 завершил 9795 суток проживания из 10000

Сутки 9796
Клиент 1 завершил 9796 суток проживания из 10000

Сутки 9797
Клиент 1 завершил 9797 суток проживания из 10000

Сутки 9798
Клиент 1 завершил 9798 суток проживания из 10000

Сутки 9799
Клиент 1 завершил 9799 суток проживания из 10000

Сутки 9800
Клиент 1 завершил 9800 суток проживания из 10000

Сутки 9801
Клиент 1 завершил 9801 суток проживания из 10000

Сутки 9802
Клиент 1 завершил 9802 суток проживания из 10000

Сутки 9803
Клиент 1 завершил 9803 суток проживания из 10000

Сутки 9804
Клиент 1 завершил 9804 суток проживания из 10000

Сутки 9805
Клиент 1 завершил 9805 суток проживания из 10000

Сутки 9806
Клиент 1 завершил 9806 суток проживания из 10000

Сутки 9807
Клиент 1 завершил 9807 суток проживания из 10000

Сутки 9808
Клиент 1 завершил 9808 суток проживания из 10000

Сутки 9809
Клиент 1 завершил 9809 суток проживания из 10000

Сутки 9810
Клиент 1 завершил 9810 суток проживания из 10000

Сутки 9811
Клиент 1 завершил 9811 суток проживания из 10000

Сутки 9812
Клиент 1 завершил 9812 суток проживания из 10000

Сутки 9813
Клиент 1 завершил 9813 суток проживания из 10000

Сутки 9814
Клиент 1 завершил 9814 суток проживания из 10000

Сутки 9815
Клиент 1 завершил 9815 суток проживания из 10000

Сутки 9816
Клиент 1 завершил 9816 суток проживания из 10000

Сутки 9817
Клиент 1 завершил 9817 суток проживания из 10000

Сутки 9818
Клиент 1 завершил 9818 суток проживания из 10000

Сутки 9819
Клиент 1 завершил 9819 суток проживания из 10000

Сутки 9820
Клиент 1 завершил 9820 суток проживания из 10000

Сутки 9821
Клиент 1 завершил 9821 суток проживания из 10000

Сутки 9822
Клиент 1 завершил 9822 суток проживания из 10000

Сутки 9823
Клиент 1 завершил 9823 суток проживания из 10000

Сутки 9824
Клиент 1 завершил 9824 суток проживания из 10000

Сутки 9825
Клиент 1 завершил 9825 суток проживания из 10000

Сутки 9826
Клиент 1 завершил 9826 суток проживания из 10000

Сутки 9827
Клиент 1 завершил 9827 суток проживания из 10000

Сутки 9828
Клиент 1 завершил 9828 суток проживания из 10000

Сутки 9829
Клиент 1 завершил 9829 суток проживания из 10000

Сутки 9830
Клиент 1 завершил 9830 суток проживания из 10000

Сутки 9831
Клиент 1 завершил 9831 суток проживания из 10000

Сутки 9832
Клиент 1 завершил 9832 суток проживания из 10000

Сутки 9833
Клиент 1 завершил 9833 суток проживания из 10000

Сутки 9834
Клиент 1 завершил 9834 суток проживания из 10000

Сутки 9835
Клиент 1 завершил 9835 суток проживания из 10000

Сутки 9836
Клиент 1 завершил 9836 суток проживания из 10000

Сутки 9837
Клиент 1 завершил 9837 суток проживания из 10000

Сутки 9838
Клиент 1 завершил 9838 суток проживания из 10000

Сутки 9839
Клиент 1 завершил 9839 суток проживания из 10000

Сутки 9840
Клиент 1 завершил 9840 суток проживания из 10000

Сутки 9841
Клиент 1 завершил 9841 суток проживания из 10000

Сутки 9842
Клиент 1 завершил 9842 суток проживания из 10000

Сутки 9843
Клиент 1 завершил 9843 суток проживания из 10000

Сутки 9844
Клиент 1 завершил 9844 суток проживания из 10000

Сутки 9845
Клиент 1 завершил 9845 суток проживания из 10000

Сутки 9846
Клиент 1 завершил 9846 суток проживания из 10000

Сутки 9847
Клиент 1 завершил 9847 суток проживания из 10000

Сутки 9848
Клиент 1 завершил 9848 суток проживания из 10000

Сутки 9849
Клиент 1 завершил 9849 суток проживания из 10000

Сутки 9850
Клиент 1 завершил 9850 суток проживания из 10000

Сутки 9851
Клиент 1 завершил 9851 суток проживания из 10000

Сутки 9852
Клиент 1 завершил 9852 суток проживания из 10000

Сутки 9853
Клиент 1 завершил 9853 суток проживания из 10000

Сутки 9854
Клиент 1 завершил 9854 суток проживания из 10000

Сутки 9855
Клиент 1 завершил 9855 суток проживания из 10000

Сутки 9856
Клиент 1 завершил 9856 суток проживания из 10000

Сутки 9857
Клиент 1 завершил 9857 суток проживания из 10000

Сутки 9858
Клиент 1 завершил 9858 суток проживания из 10000

Сутки 9859
Клиент 1 завершил 9859 суток проживания из 10000

Сутки 9860
Клиент 1 завершил 9860 суток проживания из 10000

Сутки 9861
Клиент 1 завершил 9861 суток проживания из 10000

Сутки 9862
Клиент 1 завершил 9862 суток проживания из 10000

Сутки 9863
Клиент 1 завершил 9863 суток проживания из 10000

Сутки 9864
Клиент 1 завершил 9864 суток проживания из 10000

Сутки 9865
Клиент 1 завершил 9865 суток проживания из 10000

Сутки 9866
Клиент 1 завершил 9866 суток проживания из 10000

Сутки 9867
Клиент 1 завершил 9867 суток проживания из 10000

Сутки 9868
Клиент 1 завершил 9868 суток проживания из 10000

Сутки 9869
Клиент 1 завершил 9869 суток проживания из 10000

Сутки 9870
Клиент 1 завершил 9870 суток проживания из 10000

Сутки 9871
Клиент 1 завершил 9871 суток проживания из 10000

Сутки 9872
Клиент 1 завершил 9872 суток проживания из 10000

Сутки 9873
Клиент 1 завершил 9873 суток проживания из 10000

Сутки 9874
Клиент 1 завершил 9874 суток проживания из 10000

Сутки 9875
Клиент 1 завершил 9875 суток проживания из 10000

Сутки 9876
Клиент 1 завершил 9876 суток проживания из 10000

Сутки 9877
Клиент 1 завершил 9877 суток проживания из 10000

Сутки 9878
Клиент 1 завершил 9878 суток проживания из 10000

Сутки 9879
Клиент 1 завершил 9879 суток проживания из 10000

Сутки 9880
Клиент 1 завершил 9880 суток проживания из 10000

Сутки 9881
Клиент 1 завершил 9881 суток проживания из 10000

Сутки 9882
Клиент 1 завершил 9882 суток проживания из 10000

Сутки 9883
Клиент 1 завершил 9883 суток проживания из 10000

Сутки 9884
Клиент 1 завершил 9884 суток проживания из 10000

Сутки 9885
Клиент 1 завершил 9885 суток проживания из 10000

Сутки 9886
Клиент 1 завершил 9886 суток проживания из 10000

Сутки 9887
Клиент 1 завершил 9887 суток проживания из 10000

Сутки 9888
Клиент 1 завершил 9888 суток проживания из 10000

Сутки 9889
Клиент 1 завершил 9889 суток проживания из 10000

Сутки 9890
Клиент 1 завершил 9890 суток проживания из 10000

Сутки 9891
Клиент 1 завершил 9891 суток проживания из 10000

Сутки 9892
Клиент 1 завершил 9892 суток проживания из 10000

Сутки 9893
Клиент 1 завершил 9893 суток проживания из 10000

Сутки 9894
Клиент 1 завершил 9894 суток проживания из 10000

Сутки 9895
Клиент 1 завершил 9895 суток проживания из 10000

Сутки 9896
Клиент 1 завершил 9896 суток проживания из 10000

Сутки 9897
Клиент 1 завершил 9897 суток проживания из 10000

Сутки 9898
Клиент 1 завершил 9898 суток проживания из 10000

Сутки 9899
Клиент 1 завершил 9899 суток проживания из 10000

Сутки 9900
Клиент 1 завершил 9900 суток проживания из 10000

Сутки 9901
Клиент 1 завершил 9901 суток проживания из 10000

Сутки 9902
Клиент 1 завершил 9902 суток проживания из 10000

Сутки 9903
Клиент 1 завершил 9903 суток проживания из 10000

Сутки 9904
Клиент 1 завершил 9904 суток проживания из 10000

Сутки 9905
Клиент 1 завершил 9905 суток проживания из 10000

Сутки 9906
Клиент 1 завершил 9906 суток проживания из 10000

Сутки 9907
Клиент 1 завершил 9907 суток проживания из 10000

Сутки 9908
Клиент 1 завершил 9908 суток проживания из 10000

Сутки 9909
Клиент 1 завершил 9909 суток проживания из 10000

Сутки 9910
Клиент 1 завершил 9910 суток проживания из 10000

Сутки 9911
Клиент 1 завершил 9911 суток проживания из 10000

Сутки 9912
Клиент 1 завершил 9912 суток проживания из 10000

Сутки 9913
Клиент 1 завершил 9913 суток проживания из 10000

Сутки 9914
Клиент 1 завершил 9914 суток проживания из 10000

Сутки 9915
Клиент 1 завершил 9915 суток проживания из 10000

Сутки 9916
Клиент 1 завершил 9916 суток проживания из 10000

Сутки 9917
Клиент 1 завершил 9917 суток проживания из 10000

Сутки 9918
Клиент 1 завершил 9918 суток проживания из 10000

Сутки 9919
Клиент 1 завершил 9919 суток проживания из 10000

Сутки 9920
Клиент 1 завершил 9920 суток проживания из 10000

Сутки 9921
Клиент 1 завершил 9921 суток проживания из 10000

Сутки 9922
Клиент 1 завершил 9922 суток проживания из 10000

Сутки 9923
Клиент 1 завершил 9923 суток проживания из 10000

Сутки 9924
Клиент 1 завершил 9924 суток проживания из 10000

Сутки 9925
Клиент 1 завершил 9925 суток проживания из 10000

Сутки 9926
Клиент 1 завершил 9926 суток проживания из 10000

Сутки 9927
Клиент 1 завершил 9927 суток проживания из 10000

Сутки 9928
Клиент 1 завершил 9928 суток проживания из 10000

Сутки 9929
Клиент 1 завершил 9929 суток проживания из 10000

Сутки 9930
Клиент 1 завершил 9930 суток проживания из 10000

Сутки 9931
Клиент 1 завершил 9931 суток проживания из 10000

Сутки 9932
Клиент 1 завершил 9932 суток проживания из 10000

Сутки 9933
Клиент 1 завершил 9933 суток проживания из 10000

Сутки 9934
Клиент 1 завершил 9934 суток проживания из 10000

Сутки 9935
Клиент 1 завершил 9935 суток проживания из 10000

Сутки 9936
Клиент 1 завершил 9936 суток проживания из 10000

Сутки 9937
Клиент 1 завершил 9937 суток проживания из 10000

Сутки 9938
Клиент 1 завершил 9938 суток проживания из 10000

Сутки 9939
Клиент 1 завершил 9939 суток проживания из 10000

Сутки 9940
Клиент 1 завершил 9940 суток проживания из 10000

Сутки 9941
Клиент 1 завершил 9941 суток проживания из 10000

Сутки 9942
Клиент 1 завершил 9942 суток проживания из 10000

Сутки 9943
Клиент 1 завершил 9943 суток проживания из 10000

Сутки 9944
Клиент 1 завершил 9944 суток проживания из 10000

Сутки 9945
Клиент 1 завершил 9945 суток проживания из 10000

Сутки 9946
Клиент 1 завершил 9946 суток проживания из 10000

Сутки 9947
Клиент 1 завершил 9947 суток проживания из 10000

Сутки 9948
Клиент 1 завершил 9948 суток проживания из 10000

Сутки 9949
Клиент 1 завершил 9949 суток проживания из 10000

Сутки 9950
Клиент 1 завершил 9950 суток проживания из 10000

Сутки 9951
Клиент 1 завершил 9951 суток проживания из 10000

Сутки 9952
Клиент 1 завершил 9952 суток проживания из 10000

Сутки 9953
Клиент 1 завершил 9953 суток проживания из 10000

Сутки 9954
Клиент 1 завершил 9954 суток проживания из 10000

Сутки 9955
Клиент 1 завершил 9955 суток проживания из 10000

Сутки 9956
Клиент 1 завершил 9956 суток проживания из 10000

Сутки 9957
Клиент 1 завершил 9957 суток проживания из 10000

Сутки 9958
Клиент 1 завершил 9958 суток проживания из 10000

Сутки 9959
Клиент 1 завершил 9959 суток проживания из 10000

Сутки 9960
Клиент 1 завершил 9960 суток проживания из 10000

Сутки 9961
Клиент 1 завершил 9961 суток проживания из 10000

Сутки 9962
Клиент 1 завершил 9962 суток проживания из 10000

Сутки 9963
Клиент 1 завершил 9963 суток проживания из 10000

Сутки 9964
Клиент 1 завершил 9964 суток проживания из 10000

Сутки 9965
Клиент 1 завершил 9965 суток проживания из 10000

Сутки 9966
Клиент 1 завершил 9966 суток проживания из 10000

Сутки 9967
Клиент 1 завершил 9967 суток проживания из 10000

Сутки 9968
Клиент 1 завершил 9968 суток проживания из 10000

Сутки 9969
Клиент 1 завершил 9969 суток проживания из 10000

Сутки 9970
Клиент 1 завершил 9970 суток проживания из 10000

Сутки 9971
Клиент 1 завершил 9971 суток проживания из 10000

Сутки 9972
Клиент 1 завершил 9972 суток проживания из 10000

Сутки 9973
Клиент 1 завершил 9973 суток проживания из 10000

Сутки 9974
Клиент 1 завершил 9974 суток проживания из 10000

Сутки 9975
Клиент 1 завершил 9975 суток проживания из 10000

Сутки 9976
Клиент 1 завершил 9976 суток проживания из 10000

Сутки 9977
Клиент 1 завершил 9977 суток проживания из 10000

Сутки 9978
Клиент 1 завершил 9978 суток проживания из 10000

Сутки 9979
Клиент 1 завершил 9979 суток проживания из 10000

Сутки 9980
Клиент 1 завершил 9980 суток проживания из 10000

Сутки 9981
Клиент 1 завершил 9981 суток проживания из 10000

Сутки 9982
Клиент 1 завершил 9982 суток проживания из 10000

Сутки 9983
Клиент 1 завершил 9983 суток проживания из 10000

Сутки 9984
Клиент 1 завершил 9984 суток проживания из 10000

Сутки 9985
Клиент 1 завершил 9985 суток проживания из 10000

Сутки 9986
Клиент 1 завершил 9986 суток проживания из 10000

Сутки 9987
Клиент 1 завершил 9987 суток проживания из 10000

Сутки 9988
Клиент 1 завершил 9988 суток проживания из 10000

Сутки 9989
Клиент 1 завершил 9989 суток проживания из 10000

Сутки 9990
Клиент 1 завершил 9990 суток проживания из 10000

Сутки 9991
Клиент 1 завершил 9991 суток проживания из 10000

Сутки 9992
Клиент 1 завершил 9992 суток проживания из 10000

Сутки 9993
Клиент 1 завершил 9993 суток проживания из 10000

Сутки 9994
Клиент 1 завершил 9994 суток проживания из 10000

Сутки 9995
Клиент 1 завершил 9995 суток проживания из 10000

Сутки 9996
Клиент 1 завершил 9996 суток проживания из 10000

Сутки 9997
Клиент 1 завершил 9997 суток проживания из 10000

Сутки 9998
Клиент 1 завершил 9998 суток проживания из 10000

Сутки 9999
Клиент 1 завершил 9999 суток проживания из 10000

Сутки 10000
Клиент 1 завершил 10000 суток проживания из 10000
Клиент 1 выехал с 1 комнаты
Администратор заселил гостя №2 в номер 1 на 1 суток.
Заселили клиента 2 из очереди в номер 1

Сутки 10001
Клиент 2 завершил 1 суток проживания из 1
Клиент 2 выехал с 1 комнаты

Моделирование завершено на сутках: 10001
Всего приняли клиентов: 2
Не успели принять клиентов: 0
